gene_transcript,target,class
10023_ZC3H18_P1P2_ENSG00000158545,ZC3H18,strong
10029_ZC3H8_P1P2_ENSG00000144161,ZC3H8,excluded
10040_ZCCHC9_P1P2_ENSG00000131732,ZCCHC9,strong
10041_ZCRB1_P1P2_ENSG00000139168,ZCRB1,strong
1004_C17orf58_P1P2_ENSG00000186665,C17orf58,weak
10073_ZFC3H1_P1P2_ENSG00000133858,ZFC3H1,strong
10094_ZFP69B_P1P2_ENSG00000187801,ZFP69B,weak
10135_ZMAT2_P2_ENSG00000146007,ZMAT2,weak
10136_ZMAT2_P1_ENSG00000146007,ZMAT2,strong
10139_ZMAT5_P1P2_ENSG00000100319,ZMAT5,strong
10152_ZNF100_P1P2_ENSG00000197020,ZNF100,intermediate
10163_ZNF131_P1P2_ENSG00000172262,ZNF131,excluded
10165_ZNF133_P1P2_ENSG00000125846,ZNF133,weak
1016_C19orf25_P1P2_ENSG00000119559,C19orf25,intermediate
10201_ZNF207_P2_ENSG00000010244,ZNF207,excluded
10202_ZNF207_P1_ENSG00000010244,ZNF207,strong
1022_C19orf53_P1P2_ENSG00000104979,C19orf53,weak
10231_ZNF236_P1P2_ENSG00000130856,ZNF236,strong
10236_ZNF24_P1P2_ENSG00000172466,ZNF24,weak
10239_ZNF253_P1P2_ENSG00000256771,ZNF253,weak
10266_ZNF284_ENST00000421176.3_ENSG00000186026,ZNF284,weak
10280_ZNF317_P1P2_ENSG00000130803,ZNF317,intermediate
10297_ZNF335_P1P2_ENSG00000198026,ZNF335,strong
1029_C1D_P1P2_ENSG00000197223,C1D,intermediate
1032_C1QBP_P1P2_ENSG00000108561,C1QBP,strong
10336_ZNF407_ENST00000299687.5_ENSG00000215421,ZNF407,excluded
1033_C1QTNF4_P1P2_ENSG00000172247,C1QTNF4,weak
1035_C1orf109_P1_ENSG00000116922,C1orf109,weak
1036_C1orf109_P2_ENSG00000116922,C1orf109,excluded
10380_ZNF468_P1P2_ENSG00000204604,ZNF468,weak
10397_ZNF492_P1P2_ENSG00000229676,ZNF492,weak
10405_ZNF506_P1P2_ENSG00000081665,ZNF506,weak
10447_ZNF559_P1P2_ENSG00000188321,ZNF559,intermediate
10463_ZNF574_P1_ENSG00000105732,ZNF574,strong
10464_ZNF574_P2_ENSG00000105732,ZNF574,excluded
104_ACTB_P1P2_ENSG00000075624,ACTB,strong
"10531_ZNF658_ENST00000377626.3,ENST00000602553.1_ENSG00000274349",ZNF658,weak
10542_ZNF674_P1P2_ENSG00000251192,ZNF674,weak
10544_ZNF676_ENST00000397121.2_ENSG00000196109,ZNF676,weak
10553_ZNF687_P1P2_ENSG00000143373,ZNF687,intermediate
"10585_ZNF718_ENST00000510175.1,ENST00000511079.1,ENST00000513304.1,ENST00000513889.1_ENSG00000250312",ZNF718,weak
10586_ZNF718_ENST00000502662.1_ENSG00000250312,ZNF718,weak
10587_ZNF718_ENST00000400172.3_ENSG00000250312,ZNF718,weak
10589_ZNF720_P1P2_ENSG00000197302,ZNF720,weak
10611_ZNF763_P1P2_ENSG00000197054,ZNF763,weak
10663_ZNF830_P1P2_ENSG00000198783,ZNF830,excluded
106_ACTL6A_P1P2_ENSG00000136518,ACTL6A,strong
10700_ZNHIT2_P1P2_ENSG00000174276,ZNHIT2,weak
10701_ZNHIT3_P1P2_ENSG00000273611,ZNHIT3,weak
10702_ZNHIT6_P1P2_ENSG00000117174,ZNHIT6,strong
10703_ZNRD1_P1P2_ENSG00000066379,ZNRD1,strong
10706_ZRANB2_P1P2_ENSG00000132485,ZRANB2,intermediate
10708_ZRSR2_P1P2_ENSG00000169249,ZRSR2,intermediate
10736_ZW10_P1P2_ENSG00000086827,ZW10,intermediate
10738_ZWINT_P1P2_ENSG00000122952,ZWINT,intermediate
10753_non-targeting_non-targeting_non-targeting,non-targeting,control
10759_non-targeting_non-targeting_non-targeting,non-targeting,control
10760_non-targeting_non-targeting_non-targeting,non-targeting,control
10772_non-targeting_non-targeting_non-targeting,non-targeting,control
10782_non-targeting_non-targeting_non-targeting,non-targeting,control
10783_non-targeting_non-targeting_non-targeting,non-targeting,control
10795_non-targeting_non-targeting_non-targeting,non-targeting,control
10803_non-targeting_non-targeting_non-targeting,non-targeting,control
10804_non-targeting_non-targeting_non-targeting,non-targeting,control
10811_non-targeting_non-targeting_non-targeting,non-targeting,control
10813_non-targeting_non-targeting_non-targeting,non-targeting,control
10817_non-targeting_non-targeting_non-targeting,non-targeting,control
10818_non-targeting_non-targeting_non-targeting,non-targeting,control
10822_non-targeting_non-targeting_non-targeting,non-targeting,control
10823_non-targeting_non-targeting_non-targeting,non-targeting,control
10826_non-targeting_non-targeting_non-targeting,non-targeting,control
10832_non-targeting_non-targeting_non-targeting,non-targeting,control
10835_non-targeting_non-targeting_non-targeting,non-targeting,control
1083_NEPRO_P1P2_ENSG00000163608,NEPRO,strong
10841_non-targeting_non-targeting_non-targeting,non-targeting,control
10845_non-targeting_non-targeting_non-targeting,non-targeting,control
10848_non-targeting_non-targeting_non-targeting,non-targeting,control
10853_non-targeting_non-targeting_non-targeting,non-targeting,control
10854_non-targeting_non-targeting_non-targeting,non-targeting,control
10857_non-targeting_non-targeting_non-targeting,non-targeting,control
10858_non-targeting_non-targeting_non-targeting,non-targeting,control
10859_non-targeting_non-targeting_non-targeting,non-targeting,control
10866_non-targeting_non-targeting_non-targeting,non-targeting,control
10867_non-targeting_non-targeting_non-targeting,non-targeting,control
10872_non-targeting_non-targeting_non-targeting,non-targeting,control
10880_non-targeting_non-targeting_non-targeting,non-targeting,control
10881_non-targeting_non-targeting_non-targeting,non-targeting,control
10882_non-targeting_non-targeting_non-targeting,non-targeting,control
10884_non-targeting_non-targeting_non-targeting,non-targeting,control
10891_non-targeting_non-targeting_non-targeting,non-targeting,control
10893_non-targeting_non-targeting_non-targeting,non-targeting,control
10894_non-targeting_non-targeting_non-targeting,non-targeting,control
10895_non-targeting_non-targeting_non-targeting,non-targeting,control
10897_non-targeting_non-targeting_non-targeting,non-targeting,control
10899_non-targeting_non-targeting_non-targeting,non-targeting,control
10902_non-targeting_non-targeting_non-targeting,non-targeting,control
10904_non-targeting_non-targeting_non-targeting,non-targeting,control
10908_non-targeting_non-targeting_non-targeting,non-targeting,control
10910_non-targeting_non-targeting_non-targeting,non-targeting,control
10916_non-targeting_non-targeting_non-targeting,non-targeting,control
10922_non-targeting_non-targeting_non-targeting,non-targeting,control
10953_non-targeting_non-targeting_non-targeting,non-targeting,control
10954_non-targeting_non-targeting_non-targeting,non-targeting,control
10969_non-targeting_non-targeting_non-targeting,non-targeting,control
10970_non-targeting_non-targeting_non-targeting,non-targeting,control
10973_non-targeting_non-targeting_non-targeting,non-targeting,control
10980_non-targeting_non-targeting_non-targeting,non-targeting,control
10992_non-targeting_non-targeting_non-targeting,non-targeting,control
10998_non-targeting_non-targeting_non-targeting,non-targeting,control
10999_non-targeting_non-targeting_non-targeting,non-targeting,control
109_ACTR10_P1P2_ENSG00000131966,ACTR10,intermediate
10_AARS2_P1P2_ENSG00000124608,AARS2,intermediate
11004_non-targeting_non-targeting_non-targeting,non-targeting,control
11011_non-targeting_non-targeting_non-targeting,non-targeting,control
11013_non-targeting_non-targeting_non-targeting,non-targeting,control
11020_non-targeting_non-targeting_non-targeting,non-targeting,control
11023_non-targeting_non-targeting_non-targeting,non-targeting,control
11032_non-targeting_non-targeting_non-targeting,non-targeting,control
11047_non-targeting_non-targeting_non-targeting,non-targeting,control
11054_non-targeting_non-targeting_non-targeting,non-targeting,control
11055_non-targeting_non-targeting_non-targeting,non-targeting,control
11059_non-targeting_non-targeting_non-targeting,non-targeting,control
11067_non-targeting_non-targeting_non-targeting,non-targeting,control
11070_non-targeting_non-targeting_non-targeting,non-targeting,control
1107_C6orf15_P1P2_ENSG00000204542,C6orf15,weak
11085_non-targeting_non-targeting_non-targeting,non-targeting,control
11097_non-targeting_non-targeting_non-targeting,non-targeting,control
11098_non-targeting_non-targeting_non-targeting,non-targeting,control
110_ACTR1A_P1P2_ENSG00000138107,ACTR1A,weak
11100_non-targeting_non-targeting_non-targeting,non-targeting,control
11103_non-targeting_non-targeting_non-targeting,non-targeting,control
11106_non-targeting_non-targeting_non-targeting,non-targeting,control
11111_non-targeting_non-targeting_non-targeting,non-targeting,control
11120_non-targeting_non-targeting_non-targeting,non-targeting,control
11138_non-targeting_non-targeting_non-targeting,non-targeting,control
11145_non-targeting_non-targeting_non-targeting,non-targeting,control
11150_non-targeting_non-targeting_non-targeting,non-targeting,control
11171_non-targeting_non-targeting_non-targeting,non-targeting,control
11176_non-targeting_non-targeting_non-targeting,non-targeting,control
11178_non-targeting_non-targeting_non-targeting,non-targeting,control
11179_non-targeting_non-targeting_non-targeting,non-targeting,control
11181_non-targeting_non-targeting_non-targeting,non-targeting,control
11186_non-targeting_non-targeting_non-targeting,non-targeting,control
11187_non-targeting_non-targeting_non-targeting,non-targeting,control
1118_C7orf26_P1P2_ENSG00000146576,C7orf26,strong
11199_non-targeting_non-targeting_non-targeting,non-targeting,control
111_ACTR1B_P1P2_ENSG00000115073,ACTR1B,weak
11207_non-targeting_non-targeting_non-targeting,non-targeting,control
11218_non-targeting_non-targeting_non-targeting,non-targeting,control
"1121_C7orf50_ENST00000357429.6,ENST00000397098.3,ENST00000397100.2_ENSG00000146540",C7orf50,excluded
11220_non-targeting_non-targeting_non-targeting,non-targeting,control
11223_non-targeting_non-targeting_non-targeting,non-targeting,control
11224_non-targeting_non-targeting_non-targeting,non-targeting,control
11225_non-targeting_non-targeting_non-targeting,non-targeting,control
11228_non-targeting_non-targeting_non-targeting,non-targeting,control
11229_non-targeting_non-targeting_non-targeting,non-targeting,control
11231_non-targeting_non-targeting_non-targeting,non-targeting,control
11237_non-targeting_non-targeting_non-targeting,non-targeting,control
11240_non-targeting_non-targeting_non-targeting,non-targeting,control
11248_non-targeting_non-targeting_non-targeting,non-targeting,control
11251_non-targeting_non-targeting_non-targeting,non-targeting,control
11267_non-targeting_non-targeting_non-targeting,non-targeting,control
11280_non-targeting_non-targeting_non-targeting,non-targeting,control
11283_non-targeting_non-targeting_non-targeting,non-targeting,control
11287_non-targeting_non-targeting_non-targeting,non-targeting,control
11290_non-targeting_non-targeting_non-targeting,non-targeting,control
11291_non-targeting_non-targeting_non-targeting,non-targeting,control
112_ACTR2_P1P2_ENSG00000138071,ACTR2,weak
11305_non-targeting_non-targeting_non-targeting,non-targeting,control
11310_non-targeting_non-targeting_non-targeting,non-targeting,control
11313_non-targeting_non-targeting_non-targeting,non-targeting,control
11314_non-targeting_non-targeting_non-targeting,non-targeting,control
1131_C9orf16_P1P2_ENSG00000171159,C9orf16,intermediate
11320_non-targeting_non-targeting_non-targeting,non-targeting,control
1136_C9orf78_P1P2_ENSG00000136819,C9orf78,weak
1139_CA5A_P1P2_ENSG00000174990,CA5A,weak
1146_CACNB3_P2_ENSG00000167535,CACNB3,weak
1147_CACNB3_P1_ENSG00000167535,CACNB3,weak
1148_CACTIN_P1P2_ENSG00000105298,CACTIN,strong
1151_CADM4_P1P2_ENSG00000105767,CADM4,weak
115_ACTR3_P1P2_ENSG00000115091,ACTR3,weak
1167_CAMLG_P1P2_ENSG00000164615,CAMLG,intermediate
1175_CAP1_P1P2_ENSG00000131236,CAP1,weak
117_ACTR6_P1P2_ENSG00000075089,ACTR6,strong
1187_CAPZB_P1P2_ENSG00000077549,CAPZB,strong
118_ACTR8_P1P2_ENSG00000113812,ACTR8,strong
1197_CARS_P1P2_ENSG00000110619,CARS,excluded
1206_CASP8AP2_P1P2_ENSG00000118412,CASP8AP2,strong
1221_CBLL1_P1P2_ENSG00000105879,CBLL1,strong
1222_CBLN1_P1P2_ENSG00000102924,CBLN1,intermediate
1228_CBX1_P1P2_ENSG00000108468,CBX1,weak
1238_CCAR1_P1P2_ENSG00000060339,CCAR1,intermediate
1245_CCDC115_P1P2_ENSG00000136710,CCDC115,weak
1254_CCDC130_P2_ENSG00000104957,CCDC130,excluded
1255_CCDC130_P1_ENSG00000104957,CCDC130,weak
1257_CCDC137_P1P2_ENSG00000185298,CCDC137,intermediate
1260_CCDC144A_P1P2_ENSG00000170160,CCDC144A,weak
1261_CCDC144NL_P1_ENSG00000205212,CCDC144NL,weak
1262_CCDC144NL_P2_ENSG00000205212,CCDC144NL,weak
1268_CCDC174_P1P2_ENSG00000154781,CCDC174,strong
1284_CCDC59_P1P2_ENSG00000133773,CCDC59,strong
1296_CCDC78_P1P2_ENSG00000162004,CCDC78,excluded
1298_CCDC84_P1P2_ENSG00000186166,CCDC84,strong
1301_CCDC86_P1P2_ENSG00000110104,CCDC86,strong
1315_CCNA2_P1P2_ENSG00000145386,CCNA2,excluded
1317_CCNB1_P1P2_ENSG00000134057,CCNB1,weak
1320_CCND1_P1_ENSG00000110092,CCND1,weak
1321_CCND1_P2_ENSG00000110092,CCND1,weak
1329_CCNH_P1P2_ENSG00000134480,CCNH,strong
1332_CCNK_P2_ENSG00000090061,CCNK,excluded
1333_CCNK_P1_ENSG00000090061,CCNK,strong
1334_CCNL1_P1P2_ENSG00000163660,CCNL1,intermediate
1340_CCP110_P1P2_ENSG00000103540,CCP110,weak
1346_CCT2_P1P2_ENSG00000166226,CCT2,strong
1347_CCT3_P1P2_ENSG00000163468,CCT3,strong
1348_CCT4_P1P2_ENSG00000115484,CCT4,strong
1349_CCT5_P1P2_ENSG00000150753,CCT5,strong
1350_CCT6A_P1P2_ENSG00000146731,CCT6A,strong
1351_CCT7_P1P2_ENSG00000135624,CCT7,strong
1352_CCT8_P1P2_ENSG00000156261,CCT8,strong
1361_CD2BP2_P1P2_ENSG00000169217,CD2BP2,intermediate
1365_CD3EAP_P1P2_ENSG00000117877,CD3EAP,strong
1380_CD8B_P1P2_ENSG00000172116,CD8B,weak
1385_CDAN1_P1P2_ENSG00000140326,CDAN1,strong
1386_CDC123_P1P2_ENSG00000151465,CDC123,strong
1389_CDC16_P1P2_ENSG00000130177,CDC16,strong
1390_CDC20_P1P2_ENSG00000117399,CDC20,intermediate
1391_CDC23_P1P2_ENSG00000094880,CDC23,strong
1395_CDC26_P1P2_ENSG00000176386,CDC26,intermediate
1396_CDC27_P1P2_ENSG00000004897,CDC27,strong
1398_CDC37_P1P2_ENSG00000105401,CDC37,excluded
1399_CDC40_P1P2_ENSG00000168438,CDC40,strong
139_ADAT2_P1P2_ENSG00000189007,ADAT2,weak
13_AARS_P1P2_ENSG00000090861,AARS,strong
1406_CDC42_P1P2_ENSG00000070831,CDC42,intermediate
1407_CDC45_P1P2_ENSG00000093009,CDC45,weak
1408_CDC5L_P1P2_ENSG00000096401,CDC5L,strong
1409_CDC6_P1P2_ENSG00000094804,CDC6,strong
140_ADAT3_P2_ENSG00000213638,ADAT3,excluded
1410_CDC73_P1P2_ENSG00000134371,CDC73,strong
1411_CDC7_P1P2_ENSG00000097046,CDC7,intermediate
1415_CDCA5_P1P2_ENSG00000146670,CDCA5,weak
1418_CDCA8_P1P2_ENSG00000134690,CDCA8,weak
1419_CDIPT_P1P2_ENSG00000103502,CDIPT,weak
141_ADAT3_P1_ENSG00000213638,ADAT3,excluded
1421_CDK11A_P1P2_ENSG00000008128,CDK11A,weak
1429_CDK1_P1P2_ENSG00000170312,CDK1,strong
1432_CDK2_P1P2_ENSG00000123374,CDK2,weak
1441_CDK7_P1P2_ENSG00000134058,CDK7,excluded
1443_CDK9_P1P2_ENSG00000136807,CDK9,strong
1458_CDT1_P1P2_ENSG00000167513,CDT1,excluded
1470_CEBPZ_P1P2_ENSG00000115816,CEBPZ,strong
1474_CENPA_P1_ENSG00000115163,CENPA,excluded
1475_CENPA_P2_ENSG00000115163,CENPA,weak
1478_CENPC_P1P2_ENSG00000145241,CENPC,strong
1479_CENPE_P1P2_ENSG00000138778,CENPE,strong
1481_CENPH_P1P2_ENSG00000153044,CENPH,weak
1482_CENPI_P1P2_ENSG00000102384,CENPI,weak
1483_CENPJ_P1P2_ENSG00000151849,CENPJ,strong
1484_CENPK_P1P2_ENSG00000123219,CENPK,strong
1487_CENPN_P1P2_ENSG00000166451,CENPN,intermediate
1491_CENPT_P1P2_ENSG00000102901,CENPT,weak
1493_CENPW_P1P2_ENSG00000203760,CENPW,weak
1497_CEP152_P1P2_ENSG00000103995,CEP152,intermediate
14_AASDHPPT_P1P2_ENSG00000149313,AASDHPPT,weak
1500_CEP192_P1P2_ENSG00000101639,CEP192,strong
1510_CEP68_P1P2_ENSG00000011523,CEP68,weak
1516_CEP85_P1P2_ENSG00000130695,CEP85,intermediate
1519_CEP97_P1P2_ENSG00000182504,CEP97,weak
1532_CFDP1_P1_ENSG00000153774,CFDP1,weak
1533_CFDP1_P2_ENSG00000153774,CFDP1,excluded
1536_CFL1_P1P2_ENSG00000172757,CFL1,excluded
1544_CHAF1A_P1P2_ENSG00000167670,CHAF1A,strong
1545_CHAF1B_P1P2_ENSG00000159259,CHAF1B,strong
1548_CHCHD1_P1P2_ENSG00000172586,CHCHD1,intermediate
1549_CHCHD2_P1P2_ENSG00000106153,CHCHD2,weak
1551_CHCHD4_P1P2_ENSG00000163528,CHCHD4,strong
1560_CHD4_P1P2_ENSG00000111642,CHD4,strong
1568_CHEK1_P1P2_ENSG00000149554,CHEK1,strong
1570_CHERP_P1P2_ENSG00000085872,CHERP,strong
1579_CHMP1A_P1P2_ENSG00000131165,CHMP1A,strong
1581_CHMP2A_P1P2_ENSG00000130724,CHMP2A,strong
1583_CHMP3_P1P2_ENSG00000115561,CHMP3,strong
1586_CHMP4B_P1P2_ENSG00000101421,CHMP4B,weak
1587_CHMP5_P1P2_ENSG00000086065,CHMP5,weak
1588_CHMP6_P1P2_ENSG00000176108,CHMP6,strong
1589_CHMP7_P1P2_ENSG00000147457,CHMP7,weak
1591_CHORDC1_P1P2_ENSG00000110172,CHORDC1,intermediate
1604_CHTF18_P1P2_ENSG00000127586,CHTF18,weak
1605_CHTF8_P1P2_ENSG00000168802,CHTF8,intermediate
1606_CHTOP_P1P2_ENSG00000160679,CHTOP,intermediate
1609_CIAO1_P1P2_ENSG00000144021,CIAO1,intermediate
1610_CIAPIN1_P1P2_ENSG00000005194,CIAPIN1,strong
1614_CINP_P1P2_ENSG00000100865,CINP,strong
1628_CKAP5_P1_ENSG00000175216,CKAP5,strong
1629_CKAP5_P2_ENSG00000175216,CKAP5,excluded
1636_CLASRP_P1P2_ENSG00000104859,CLASRP,intermediate
1638_CLCC1_P1P2_ENSG00000121940,CLCC1,weak
1659_CLK2_P1P2_ENSG00000176444,CLK2,weak
1667_CLNS1A_P1P2_ENSG00000074201,CLNS1A,strong
166_ADRM1_P1P2_ENSG00000130706,ADRM1,weak
1671_CLP1_P1P2_ENSG00000172409,CLP1,strong
1677_CLSPN_P1P2_ENSG00000092853,CLSPN,strong
167_ADSL_P1P2_ENSG00000239900,ADSL,intermediate
1683_CLTC_P1P2_ENSG00000141367,CLTC,strong
1694_CMPK1_P1P2_ENSG00000162368,CMPK1,weak
16_AATF_P1P2_ENSG00000275700,AATF,strong
1701_CMTR1_P1P2_ENSG00000137200,CMTR1,strong
1709_CNIH4_P1P2_ENSG00000143771,CNIH4,strong
1712_CNN2_P1P2_ENSG00000064666,CNN2,weak
1716_CNOT1_P1P2_ENSG00000125107,CNOT1,strong
1717_CNOT2_P1P2_ENSG00000111596,CNOT2,strong
1718_CNOT3_P1P2_ENSG00000088038,CNOT3,strong
1735_COA5_P1P2_ENSG00000183513,COA5,weak
1737_COASY_P1P2_ENSG00000068120,COASY,intermediate
1740_COG1_P1P2_ENSG00000166685,COG1,weak
1741_COG2_P1P2_ENSG00000135775,COG2,strong
1742_COG3_P1P2_ENSG00000136152,COG3,strong
1743_COG4_P1P2_ENSG00000103051,COG4,weak
1745_COG6_P1P2_ENSG00000133103,COG6,intermediate
1747_COG8_P1P2_ENSG00000213380,COG8,weak
176_AFG3L2_P1P2_ENSG00000141385,AFG3L2,excluded
1770_COPA_P1P2_ENSG00000122218,COPA,excluded
1771_COPB1_P1P2_ENSG00000129083,COPB1,strong
1772_COPB2_P1P2_ENSG00000184432,COPB2,strong
1773_COPE_P1P2_ENSG00000105669,COPE,intermediate
1774_COPG1_P1_ENSG00000181789,COPG1,weak
1775_COPG1_P2_ENSG00000181789,COPG1,excluded
1778_COPS2_P1P2_ENSG00000166200,COPS2,strong
1779_COPS3_P1P2_ENSG00000141030,COPS3,strong
1780_COPS4_P1P2_ENSG00000138663,COPS4,strong
1781_COPS5_P1P2_ENSG00000121022,COPS5,strong
1782_COPS6_P1P2_ENSG00000168090,COPS6,strong
1786_COPS8_P1P2_ENSG00000198612,COPS8,strong
1787_COPZ1_P2_ENSG00000111481,COPZ1,excluded
1788_COPZ1_P1_ENSG00000111481,COPZ1,strong
1791_COQ2_P1P2_ENSG00000173085,COQ2,weak
1793_COQ4_P1P2_ENSG00000167113,COQ4,weak
1794_COQ5_P1P2_ENSG00000110871,COQ5,weak
1805_COX10_P1P2_ENSG00000006695,COX10,intermediate
1806_COX11_P1P2_ENSG00000166260,COX11,strong
1808_COX15_P1P2_ENSG00000014919,COX15,strong
1810_COX17_P1P2_ENSG00000138495,COX17,strong
1815_COX5A_P1P2_ENSG00000178741,COX5A,intermediate
1816_COX5B_P1P2_ENSG00000135940,COX5B,intermediate
1819_COX6C_P1P2_ENSG00000164919,COX6C,intermediate
1822_COX7B_P1P2_ENSG00000131174,COX7B,intermediate
1823_COX7C_P1P2_ENSG00000127184,COX7C,strong
1825_CPAMD8_ENST00000443236.1_ENSG00000160111,CPAMD8,weak
1834_CPNE7_P1P2_ENSG00000178773,CPNE7,weak
1836_CPOX_P1P2_ENSG00000080819,CPOX,weak
1839_CPSF1_P1P2_ENSG00000071894,CPSF1,strong
1840_CPSF2_P1P2_ENSG00000165934,CPSF2,excluded
1842_CPSF3_P1P2_ENSG00000119203,CPSF3,strong
1843_CPSF4_P1P2_ENSG00000160917,CPSF4,strong
1844_CPSF6_P1P2_ENSG00000111605,CPSF6,strong
1856_CRCP_P1P2_ENSG00000241258,CRCP,weak
1874_CRKL_P1P2_ENSG00000099942,CRKL,weak
1877_CRLS1_P1P2_ENSG00000088766,CRLS1,weak
1878_CRNKL1_P1P2_ENSG00000101343,CRNKL1,strong
1893_CSE1L_P1P2_ENSG00000124207,CSE1L,strong
1894_CSH2_P1_ENSG00000213218,CSH2,weak
1895_CSH2_P2_ENSG00000213218,CSH2,weak
1898_CSNK1A1_P1P2_ENSG00000113712,CSNK1A1,strong
1906_CSNK2B_P1P2_ENSG00000204435,CSNK2B,strong
1915_CSTF1_P1P2_ENSG00000101138,CSTF1,strong
1918_CSTF3_P1P2_ENSG00000176102,CSTF3,strong
1919_CS_P1P2_ENSG00000062485,CS,intermediate
1924_CTBP2_P1P2_ENSG00000175029,CTBP2,intermediate
1927_CTCF_P1P2_ENSG00000102974,CTCF,intermediate
1929_CTDP1_P1P2_ENSG00000060069,CTDP1,strong
1939_CTNNBL1_P1P2_ENSG00000132792,CTNNBL1,strong
1941_CTPS1_P1P2_ENSG00000171793,CTPS1,excluded
1943_CTR9_P1P2_ENSG00000198730,CTR9,strong
1957_CTU2_P1P2_ENSG00000174177,CTU2,intermediate
1960_CUL1_P1P2_ENSG00000055130,CUL1,strong
1961_CUL2_P1P2_ENSG00000108094,CUL2,strong
1962_CUL3_P1P2_ENSG00000036257,CUL3,intermediate
1966_CUL7_P1P2_ENSG00000044090,CUL7,strong
1971_CWC15_P1P2_ENSG00000150316,CWC15,strong
1972_CWC22_P1P2_ENSG00000163510,CWC22,strong
1973_CWC25_P1P2_ENSG00000273559,CWC25,weak
1976_CWF19L2_P1P2_ENSG00000152404,CWF19L2,strong
1979_CXXC1_P1P2_ENSG00000154832,CXXC1,strong
1999_CYC1_P1P2_ENSG00000179091,CYC1,intermediate
2000_CYCS_P1P2_ENSG00000172115,CYCS,strong
2001_CYFIP1_P1P2_ENSG00000273749,CYFIP1,weak
2005_CYP2A13_P1P2_ENSG00000197838,CYP2A13,weak
2008_CYP4F11_P1P2_ENSG00000171903,CYP4F11,weak
2010_CYS1_P1P2_ENSG00000205795,CYS1,weak
201_AHCTF1_P1P2_ENSG00000153207,AHCTF1,strong
2020_DAD1_P1P2_ENSG00000129562,DAD1,strong
2025_DAP3_P1P2_ENSG00000132676,DAP3,strong
2030_DARS_P1P2_ENSG00000115866,DARS,strong
2036_DBF4_P1P2_ENSG00000006634,DBF4,intermediate
2044_DBR1_P1P2_ENSG00000138231,DBR1,strong
204_AHCY_P1P2_ENSG00000101444,AHCY,strong
2058_DCAF6_P1P2_ENSG00000143164,DCAF6,weak
2067_DCLRE1B_P1P2_ENSG00000118655,DCLRE1B,weak
2073_DCTN1_P1P2_ENSG00000204843,DCTN1,weak
2074_DCTN2_P1P2_ENSG00000175203,DCTN2,intermediate
2075_DCTN3_P1P2_ENSG00000137100,DCTN3,weak
2076_DCTN4_P1P2_ENSG00000132912,DCTN4,weak
2077_DCTN5_P1P2_ENSG00000166847,DCTN5,intermediate
2078_DCTN6_P1P2_ENSG00000104671,DCTN6,weak
2083_DCUN1D5_P1P2_ENSG00000137692,DCUN1D5,strong
2087_DDB1_P1_ENSG00000167986,DDB1,strong
2088_DDB1_P2_ENSG00000167986,DDB1,excluded
2095_DDN_P1P2_ENSG00000181418,DDN,weak
2096_DDOST_P1P2_ENSG00000244038,DDOST,strong
20_ABCB10_P1P2_ENSG00000135776,ABCB10,excluded
2102_DDX10_P1P2_ENSG00000178105,DDX10,strong
2103_DDX11_P1P2_ENSG00000013573,DDX11,weak
2105_DDX18_P1P2_ENSG00000088205,DDX18,strong
2106_DDX19A_P1P2_ENSG00000168872,DDX19A,weak
2107_DDX19B_P1_ENSG00000157349,DDX19B,weak
2108_DDX19B_P2_ENSG00000157349,DDX19B,excluded
2109_DDX1_P1P2_ENSG00000079785,DDX1,weak
2110_DDX20_P1P2_ENSG00000064703,DDX20,strong
2111_DDX21_P1P2_ENSG00000165732,DDX21,strong
2112_DDX23_P1P2_ENSG00000174243,DDX23,strong
2113_DDX24_P1P2_ENSG00000089737,DDX24,strong
2114_DDX27_P1P2_ENSG00000124228,DDX27,strong
2119_DDX3X_P1P2_ENSG00000215301,DDX3X,intermediate
2120_DDX41_P1P2_ENSG00000183258,DDX41,strong
2121_DDX42_P1P2_ENSG00000198231,DDX42,weak
2122_DDX46_P1_ENSG00000145833,DDX46,strong
2123_DDX46_P2_ENSG00000145833,DDX46,excluded
2124_DDX47_P1P2_ENSG00000213782,DDX47,strong
2125_DDX49_P1P2_ENSG00000105671,DDX49,strong
2127_DDX51_P1P2_ENSG00000185163,DDX51,strong
2128_DDX52_P1P2_ENSG00000278053,DDX52,strong
2129_DDX54_P1_ENSG00000123064,DDX54,strong
2130_DDX54_P2_ENSG00000123064,DDX54,weak
2131_DDX55_P1P2_ENSG00000111364,DDX55,strong
2132_DDX56_P1P2_ENSG00000136271,DDX56,strong
2133_DDX59_P1P2_ENSG00000118197,DDX59,strong
2134_DDX5_P1P2_ENSG00000108654,DDX5,strong
2135_DDX6_P1P2_ENSG00000110367,DDX6,strong
2155_DENR_P1P2_ENSG00000139726,DENR,strong
2162_DERL2_P1P2_ENSG00000072849,DERL2,strong
216_AIFM1_P1P2_ENSG00000156709,AIFM1,weak
2186_DHDDS_P1P2_ENSG00000117682,DHDDS,strong
2187_DHFR_P1P2_ENSG00000228716,DHFR,excluded
2188_DHODH_P2_ENSG00000102967,DHODH,weak
2189_DHODH_P1_ENSG00000102967,DHODH,strong
2190_DHPS_P1P2_ENSG00000095059,DHPS,weak
2203_DHX15_P1P2_ENSG00000109606,DHX15,strong
2204_DHX16_P1P2_ENSG00000204560,DHX16,strong
2209_DHX33_P1P2_ENSG00000005100,DHX33,strong
2212_DHX36_P1P2_ENSG00000174953,DHX36,strong
2213_DHX37_P1P2_ENSG00000150990,DHX37,strong
2217_DHX8_P1P2_ENSG00000067596,DHX8,excluded
2218_DHX9_P1P2_ENSG00000135829,DHX9,intermediate
2222_DICER1_P1P2_ENSG00000100697,DICER1,strong
2226_DIMT1_P1P2_ENSG00000086189,DIMT1,strong
2233_DIS3_P1P2_ENSG00000083520,DIS3,strong
2235_DKC1_P1P2_ENSG00000130826,DKC1,strong
2238_DLD_P1P2_ENSG00000091140,DLD,strong
2251_DMAP1_P1P2_ENSG00000178028,DMAP1,strong
2260_DMRTA2_P1P2_ENSG00000142700,DMRTA2,weak
2274_DNAJA1_P1_ENSG00000086061,DNAJA1,weak
2275_DNAJA1_P2_ENSG00000086061,DNAJA1,excluded
2277_DNAJA3_P1P2_ENSG00000103423,DNAJA3,strong
2286_DNAJC11_P1P2_ENSG00000007923,DNAJC11,weak
2291_DNAJC17_P1P2_ENSG00000104129,DNAJC17,strong
2292_DNAJC19_P1P2_ENSG00000205981,DNAJC19,strong
22_ABCB7_P1P2_ENSG00000131269,ABCB7,strong
2304_DNAJC8_P1P2_ENSG00000126698,DNAJC8,strong
2305_DNAJC9_P1P2_ENSG00000213551,DNAJC9,weak
2310_DNLZ_P1P2_ENSG00000213221,DNLZ,weak
2311_DNM1L_P1P2_ENSG00000087470,DNM1L,strong
2312_DNM1_P1P2_ENSG00000106976,DNM1,weak
2313_DNM2_P1P2_ENSG00000079805,DNM2,excluded
2314_DNMT1_P1P2_ENSG00000130816,DNMT1,strong
2321_DNTTIP2_P1P2_ENSG00000067334,DNTTIP2,strong
2328_DOHH_P1P2_ENSG00000129932,DOHH,strong
2334_DOLK_P1P2_ENSG00000175283,DOLK,intermediate
2336_DONSON_P1P2_ENSG00000159147,DONSON,strong
2338_DPAGT1_P1P2_ENSG00000172269,DPAGT1,weak
2345_DPH1_P2_ENSG00000108963,DPH1,excluded
2346_DPH1_P1_ENSG00000108963,DPH1,intermediate
2347_DPH2_P1P2_ENSG00000132768,DPH2,strong
2348_DPH3_P1P2_ENSG00000154813,DPH3,weak
2350_DPH6_P1P2_ENSG00000134146,DPH6,weak
2353_DPM2_P1P2_ENSG00000136908,DPM2,weak
2361_DPPA2_P1P2_ENSG00000163530,DPPA2,weak
2364_DPY19L2_P1P2_ENSG00000177990,DPY19L2,weak
2369_DR1_P1P2_ENSG00000117505,DR1,strong
2372_DRAP1_P1P2_ENSG00000175550,DRAP1,strong
2373_DRG1_P1P2_ENSG00000185721,DRG1,intermediate
237_AKIRIN2_P1P2_ENSG00000135334,AKIRIN2,strong
2382_DSN1_P1P2_ENSG00000149636,DSN1,strong
2389_DTL_P1P2_ENSG00000143476,DTL,strong
2394_DTYMK_P1P2_ENSG00000168393,DTYMK,strong
2414_DUT_P1P2_ENSG00000128951,DUT,strong
2421_DYNC1H1_P1P2_ENSG00000197102,DYNC1H1,strong
2422_DYNC1I2_P1P2_ENSG00000077380,DYNC1I2,strong
2426_DYNLL1_P1P2_ENSG00000088986,DYNLL1,strong
2428_DYNLRB1_P2_ENSG00000125971,DYNLRB1,excluded
2429_DYNLRB1_P1_ENSG00000125971,DYNLRB1,strong
2443_E2F6_P1P2_ENSG00000169016,E2F6,intermediate
2446_E4F1_P1P2_ENSG00000167967,E4F1,strong
2450_EARS2_P1P2_ENSG00000103356,EARS2,intermediate
2456_EBNA1BP2_P1P2_ENSG00000117395,EBNA1BP2,strong
2460_ECD_P1P2_ENSG00000122882,ECD,strong
2471_ECT2_P1P2_ENSG00000114346,ECT2,weak
2475_EDC4_P1P2_ENSG00000038358,EDC4,intermediate
2482_EEF1A1_P1P2_ENSG00000156508,EEF1A1,weak
2484_EEF1B2_P1P2_ENSG00000114942,EEF1B2,weak
2487_EEF1G_P1P2_ENSG00000254772,EEF1G,strong
2489_EEF2_P2_ENSG00000167658,EEF2,excluded
2490_EEF2_P1_ENSG00000167658,EEF2,strong
2502_EFTUD2_P1P2_ENSG00000108883,EFTUD2,strong
2507_EGLN2_P2_ENSG00000269858,EGLN2,excluded
2508_EGLN2_P1_ENSG00000269858,EGLN2,weak
2526_EIF1AD_P1P2_ENSG00000175376,EIF1AD,intermediate
2527_EIF1AX_P1P2_ENSG00000173674,EIF1AX,strong
2529_EIF1_P1P2_ENSG00000173812,EIF1,intermediate
2535_EIF2B1_P1P2_ENSG00000111361,EIF2B1,strong
2536_EIF2B2_P1P2_ENSG00000119718,EIF2B2,strong
2537_EIF2B3_P1P2_ENSG00000070785,EIF2B3,strong
2538_EIF2B4_P1P2_ENSG00000115211,EIF2B4,strong
2539_EIF2B5_P1P2_ENSG00000145191,EIF2B5,strong
2541_EIF2S1_P1P2_ENSG00000134001,EIF2S1,strong
2542_EIF2S2_P1P2_ENSG00000125977,EIF2S2,strong
2543_EIF2S3_P1P2_ENSG00000130741,EIF2S3,strong
2544_EIF3A_P1P2_ENSG00000107581,EIF3A,strong
2545_EIF3B_P1P2_ENSG00000106263,EIF3B,strong
"2546_EIF3CL_ENST00000380876.4,ENST00000398943.3,ENST00000398944.3_ENSG00000205609",EIF3CL,strong
2548_EIF3D_P1P2_ENSG00000100353,EIF3D,strong
2549_EIF3E_P1P2_ENSG00000104408,EIF3E,strong
2550_EIF3F_P1P2_ENSG00000175390,EIF3F,strong
2551_EIF3G_P1P2_ENSG00000130811,EIF3G,strong
2552_EIF3H_P1P2_ENSG00000147677,EIF3H,strong
2553_EIF3I_P1P2_ENSG00000084623,EIF3I,strong
2554_EIF3J_P1P2_ENSG00000104131,EIF3J,strong
2556_EIF3L_P1P2_ENSG00000100129,EIF3L,intermediate
2557_EIF3M_P1P2_ENSG00000149100,EIF3M,strong
2558_EIF4A1_P1P2_ENSG00000161960,EIF4A1,intermediate
2561_EIF4A3_P1P2_ENSG00000141543,EIF4A3,excluded
2562_EIF4B_P1P2_ENSG00000063046,EIF4B,weak
2567_EIF4E_P1P2_ENSG00000151247,EIF4E,strong
2568_EIF4G1_P1P2_ENSG00000114867,EIF4G1,strong
2569_EIF4G2_P1_ENSG00000110321,EIF4G2,strong
2570_EIF4G2_P2_ENSG00000110321,EIF4G2,weak
2576_EIF5A_P1P2_ENSG00000132507,EIF5A,strong
2578_EIF5_P1_ENSG00000100664,EIF5,strong
2579_EIF5_P2_ENSG00000100664,EIF5,excluded
2580_EIF6_P1P2_ENSG00000242372,EIF6,strong
2582_ELAC2_P1P2_ENSG00000006744,ELAC2,intermediate
2593_ELL_P1P2_ENSG00000105656,ELL,intermediate
2600_ELOVL1_P1P2_ENSG00000066322,ELOVL1,weak
2604_ELP2_P1P2_ENSG00000134759,ELP2,intermediate
2605_ELP3_P1P2_ENSG00000134014,ELP3,strong
2607_ELP5_P1P2_ENSG00000170291,ELP5,strong
2608_ELP6_P1P2_ENSG00000163832,ELP6,weak
2610_EMC1_P1P2_ENSG00000127463,EMC1,weak
2612_EMC3_P1_ENSG00000125037,EMC3,weak
2613_EMC3_P2_ENSG00000125037,EMC3,excluded
2614_EMC4_P1P2_ENSG00000128463,EMC4,weak
2616_EMC7_P1P2_ENSG00000134153,EMC7,intermediate
261_ALDOA_P1P2_ENSG00000149925,ALDOA,strong
263_ALG11_P1P2_ENSG00000253710,ALG11,weak
2640_ENO1_P1P2_ENSG00000074800,ENO1,intermediate
2658_EP400_P1P2_ENSG00000183495,EP400,strong
265_ALG13_P1P2_ENSG00000101901,ALG13,strong
266_ALG14_P1P2_ENSG00000172339,ALG14,intermediate
2678_EPRS_P1P2_ENSG00000136628,EPRS,strong
267_ALG1L_ENST00000340333.3_ENSG00000189366,ALG1L,intermediate
2689_ERAL1_P1P2_ENSG00000132591,ERAL1,intermediate
268_ALG1_P1P2_ENSG00000033011,ALG1,weak
2694_ERCC2_P1P2_ENSG00000104884,ERCC2,strong
2695_ERCC3_P1P2_ENSG00000163161,ERCC3,strong
269_ALG2_P1P2_ENSG00000119523,ALG2,strong
2707_ERH_P1P2_ENSG00000100632,ERH,strong
2723_ERVW-1_ENST00000493463.2_ENSG00000242950,ERVW-1,weak
2724_ERVW-1_ENST00000603053.1_ENSG00000242950,ERVW-1,excluded
2730_ESF1_P2_ENSG00000089048,ESF1,weak
2731_ESF1_P1_ENSG00000089048,ESF1,strong
2732_ESPL1_P1P2_ENSG00000135476,ESPL1,weak
2733_ESPN_P1_ENSG00000187017,ESPN,weak
2734_ESPN_P2_ENSG00000187017,ESPN,weak
2750_ETF1_P1P2_ENSG00000120705,ETF1,strong
2774_EWSR1_P1P2_ENSG00000182944,EWSR1,intermediate
2778_EXOC1_P1P2_ENSG00000090989,EXOC1,intermediate
2779_EXOC2_P1P2_ENSG00000112685,EXOC2,weak
2780_EXOC3_P1P2_ENSG00000180104,EXOC3,excluded
2781_EXOC4_P1P2_ENSG00000131558,EXOC4,intermediate
2782_EXOC5_P1P2_ENSG00000070367,EXOC5,intermediate
2784_EXOC7_P1P2_ENSG00000182473,EXOC7,strong
2785_EXOC8_P1P2_ENSG00000116903,EXOC8,excluded
2787_EXOSC10_P1P2_ENSG00000171824,EXOSC10,strong
2788_EXOSC1_P1P2_ENSG00000171311,EXOSC1,intermediate
2789_EXOSC2_P1P2_ENSG00000130713,EXOSC2,strong
2790_EXOSC3_P1P2_ENSG00000107371,EXOSC3,strong
2791_EXOSC4_P1P2_ENSG00000178896,EXOSC4,strong
2792_EXOSC5_P1P2_ENSG00000077348,EXOSC5,strong
2793_EXOSC6_P1P2_ENSG00000223496,EXOSC6,strong
2794_EXOSC7_P1P2_ENSG00000075914,EXOSC7,strong
2795_EXOSC8_P1P2_ENSG00000120699,EXOSC8,strong
2796_EXOSC9_P1P2_ENSG00000123737,EXOSC9,strong
2812_F8A1_P1P2_ENSG00000277203,F8A1,weak
2820_FAF2_P1P2_ENSG00000113194,FAF2,intermediate
2852_FAM133B_P1P2_ENSG00000234545,FAM133B,weak
2858_FAM136A_P1P2_ENSG00000035141,FAM136A,strong
287_ALYREF_P1P2_ENSG00000183684,ALYREF,strong
2898_FAM207A_P1P2_ENSG00000160256,FAM207A,intermediate
2915_FAM229A_P1P2_ENSG00000225828,FAM229A,weak
2918_FAM32A_P1P2_ENSG00000105058,FAM32A,strong
2925_FAM50A_P1P2_ENSG00000071859,FAM50A,strong
2939_FAM72D_ENST00000400889.1_ENSG00000215784,FAM72D,weak
2972_FARS2_P1P2_ENSG00000145982,FARS2,weak
2973_FARSA_P1P2_ENSG00000179115,FARSA,strong
2974_FARSB_P1P2_ENSG00000116120,FARSB,strong
2979_FASTKD5_P1P2_ENSG00000215251,FASTKD5,strong
2983_FAU_P1P2_ENSG00000149806,FAU,strong
2987_FBLIM1_P1P2_ENSG00000162458,FBLIM1,excluded
2988_FBL_P1P2_ENSG00000105202,FBL,strong
2_AAAS_P1P2_ENSG00000094914,AAAS,weak
301_ANAPC10_P1P2_ENSG00000164162,ANAPC10,weak
3027_FBXO5_P1P2_ENSG00000112029,FBXO5,strong
302_ANAPC11_P1P2_ENSG00000141552,ANAPC11,weak
303_ANAPC13_P1P2_ENSG00000129055,ANAPC13,weak
3042_FCF1_P1P2_ENSG00000119616,FCF1,strong
304_ANAPC15_P1P2_ENSG00000110200,ANAPC15,excluded
3050_FDPS_P1P2_ENSG00000160752,FDPS,excluded
3053_FDXR_P1P2_ENSG00000161513,FDXR,weak
3057_FEN1_P1P2_ENSG00000168496,FEN1,weak
306_ANAPC1_P1P2_ENSG00000153107,ANAPC1,intermediate
3072_FGFR1OP_P1P2_ENSG00000213066,FGFR1OP,intermediate
307_ANAPC2_P1P2_ENSG00000176248,ANAPC2,strong
3086_FIP1L1_P1P2_ENSG00000145216,FIP1L1,excluded
308_ANAPC4_P1P2_ENSG00000053900,ANAPC4,strong
309_ANAPC5_P1P2_ENSG00000089053,ANAPC5,weak
3124_FNBP4_P1P2_ENSG00000109920,FNBP4,intermediate
3131_FNTA_P1P2_ENSG00000168522,FNTA,strong
3132_FNTB_P1P2_ENSG00000257365,FNTB,weak
3133_FOLR3_P1_ENSG00000110203,FOLR3,weak
3134_FOLR3_P2_ENSG00000110203,FOLR3,strong
3154_FOXD4_ENST00000382500.2_ENSG00000170122,FOXD4,weak
3170_FOXL2_P1P2_ENSG00000183770,FOXL2,weak
"3201_FRG2_ENST00000378763.1,ENST00000504750.1_ENSG00000205097",FRG2,weak
320_ANKLE2_P1P2_ENSG00000176915,ANKLE2,weak
3214_FTSJ3_P1P2_ENSG00000108592,FTSJ3,strong
3229_FXN_P1P2_ENSG00000165060,FXN,intermediate
3246_GAB2_P1P2_ENSG00000033327,GAB2,strong
3253_GABPA_P1P2_ENSG00000154727,GABPA,intermediate
325_ANKRD11_P1P2_ENSG00000167522,ANKRD11,strong
3260_GAK_P1P2_ENSG00000178950,GAK,weak
3281_GAPDH_P1_ENSG00000111640,GAPDH,intermediate
3282_GAPDH_P2_ENSG00000111640,GAPDH,excluded
3284_GAR1_P1P2_ENSG00000109534,GAR1,strong
3285_GARS_P1P2_ENSG00000106105,GARS,strong
3291_GATA1_P1P2_ENSG00000102145,GATA1,strong
32_ABCE1_P1P2_ENSG00000164163,ABCE1,strong
3308_GBF1_P1P2_ENSG00000107862,GBF1,strong
3323_GCOM1_P1P2_ENSG00000137878,GCOM1,weak
3335_GEMIN4_P1P2_ENSG00000179409,GEMIN4,intermediate
3336_GEMIN5_P1P2_ENSG00000082516,GEMIN5,strong
3337_GEMIN6_P1P2_ENSG00000152147,GEMIN6,weak
3338_GEMIN7_P1P2_ENSG00000142252,GEMIN7,intermediate
3339_GEMIN8_P1P2_ENSG00000046647,GEMIN8,weak
3342_GFER_P1P2_ENSG00000127554,GFER,strong
3346_GFM1_P1P2_ENSG00000168827,GFM1,strong
3358_GGPS1_P1P2_ENSG00000152904,GGPS1,weak
3369_GINS1_P1P2_ENSG00000101003,GINS1,strong
3370_GINS2_P1P2_ENSG00000131153,GINS2,strong
3371_GINS3_P1P2_ENSG00000181938,GINS3,strong
3372_GINS4_P1P2_ENSG00000147536,GINS4,strong
3377_GIT2_P1P2_ENSG00000139436,GIT2,excluded
3378_GJA3_P1P2_ENSG00000121743,GJA3,weak
3388_GLE1_P1P2_ENSG00000119392,GLE1,strong
3394_GLI4_P1P2_ENSG00000250571,GLI4,weak
3398_GLMN_P1P2_ENSG00000174842,GLMN,intermediate
33_ABCF1_P1_ENSG00000204574,ABCF1,strong
3403_GLRX3_P1P2_ENSG00000108010,GLRX3,intermediate
3404_GLRX5_P1P2_ENSG00000182512,GLRX5,intermediate
3424_GMPPB_P1P2_ENSG00000173540,GMPPB,intermediate
3427_GMPS_P1P2_ENSG00000163655,GMPS,strong
342_ANKRD49_P1P2_ENSG00000168876,ANKRD49,weak
3434_GNB1L_P1P2_ENSG00000185838,GNB1L,weak
3445_GNL2_P1P2_ENSG00000134697,GNL2,strong
3446_GNL3L_P1P2_ENSG00000130119,GNL3L,strong
3447_GNL3_P1P2_ENSG00000163938,GNL3,strong
3451_GNPNAT1_P1P2_ENSG00000100522,GNPNAT1,weak
3460_GOLGA6L1_ENST00000560659.2_ENSG00000273976,GOLGA6L1,weak
3471_GOLT1B_P1P2_ENSG00000111711,GOLT1B,strong
3472_GON4L_P2_ENSG00000116580,GON4L,excluded
3473_GON4L_P1_ENSG00000116580,GON4L,intermediate
3479_GOSR2_P1P2_ENSG00000108433,GOSR2,weak
348_ANKS6_P1P2_ENSG00000165138,ANKS6,weak
34_ABCF1_P2_ENSG00000204574,ABCF1,excluded
3501_GPKOW_P1P2_ENSG00000068394,GPKOW,strong
3502_GPN1_P1P2_ENSG00000198522,GPN1,strong
3503_GPN2_P1P2_ENSG00000142751,GPN2,strong
3504_GPN3_P1P2_ENSG00000111231,GPN3,strong
350_ANLN_P1P2_ENSG00000011426,ANLN,weak
3511_GPR61_P1P2_ENSG00000156097,GPR61,weak
3517_GPS1_P1P2_ENSG00000169727,GPS1,strong
3530_GRB2_P2_ENSG00000177885,GRB2,excluded
3531_GRB2_P1_ENSG00000177885,GRB2,strong
3541_GRPEL1_P1P2_ENSG00000109519,GRPEL1,strong
3543_GRSF1_P1P2_ENSG00000132463,GRSF1,strong
3545_GRWD1_P1P2_ENSG00000105447,GRWD1,weak
3548_GSDMA_P1P2_ENSG00000167914,GSDMA,weak
3554_GSPT1_P1P2_ENSG00000103342,GSPT1,strong
3566_GTF2A1_P1P2_ENSG00000165417,GTF2A1,strong
3567_GTF2A2_P1P2_ENSG00000140307,GTF2A2,strong
3568_GTF2B_P1P2_ENSG00000137947,GTF2B,strong
3569_GTF2E1_P1P2_ENSG00000153767,GTF2E1,strong
3570_GTF2E2_P1P2_ENSG00000197265,GTF2E2,strong
3571_GTF2F1_P1P2_ENSG00000125651,GTF2F1,weak
3572_GTF2F2_P1P2_ENSG00000188342,GTF2F2,strong
3573_GTF2H1_P1P2_ENSG00000110768,GTF2H1,strong
3574_GTF2H2C_P1P2_ENSG00000183474,GTF2H2C,intermediate
"3575_GTF2H2_ENST00000274400.5,ENST00000330280.7_ENSG00000145736",GTF2H2,intermediate
3576_GTF2H3_P1P2_ENSG00000111358,GTF2H3,strong
3577_GTF2H4_P1P2_ENSG00000213780,GTF2H4,strong
3583_GTF3A_P1P2_ENSG00000122034,GTF3A,intermediate
3584_GTF3C1_P1P2_ENSG00000077235,GTF3C1,intermediate
3585_GTF3C2_P1P2_ENSG00000115207,GTF3C2,intermediate
3586_GTF3C3_P1P2_ENSG00000119041,GTF3C3,strong
3587_GTF3C4_P1P2_ENSG00000125484,GTF3C4,weak
3588_GTF3C5_P1P2_ENSG00000148308,GTF3C5,weak
3589_GTF3C6_P1P2_ENSG00000155115,GTF3C6,weak
3594_GTPBP4_P1P2_ENSG00000107937,GTPBP4,strong
3599_GUCD1_P1P2_ENSG00000138867,GUCD1,strong
3601_GUK1_P1P2_ENSG00000143774,GUK1,weak
3614_H2AFX_P1P2_ENSG00000188486,H2AFX,weak
3616_H2AFZ_P1P2_ENSG00000164032,H2AFZ,intermediate
3617_H3F3A_P1P2_ENSG00000163041,H3F3A,weak
3626_HAMP_P1P2_ENSG00000105697,HAMP,weak
3630_HAPLN2_P1P2_ENSG00000132702,HAPLN2,excluded
3631_HARS2_P1P2_ENSG00000112855,HARS2,strong
3632_HARS_P1P2_ENSG00000170445,HARS,strong
3634_HAUS1_P1P2_ENSG00000152240,HAUS1,intermediate
3636_HAUS3_P1P2_ENSG00000214367,HAUS3,weak
3637_HAUS4_P1P2_ENSG00000092036,HAUS4,strong
3638_HAUS5_P1P2_ENSG00000249115,HAUS5,strong
3639_HAUS6_P1P2_ENSG00000147874,HAUS6,intermediate
3640_HAUS7_P1_ENSG00000213397,HAUS7,weak
3641_HAUS7_P2_ENSG00000213397,HAUS7,weak
3642_HAUS8_P1P2_ENSG00000131351,HAUS8,intermediate
3654_HBS1L_P1P2_ENSG00000112339,HBS1L,strong
3658_HCFC1_P1P2_ENSG00000172534,HCFC1,excluded
3660_HCRTR1_P1P2_ENSG00000121764,HCRTR1,weak
3664_HDAC3_P1P2_ENSG00000171720,HDAC3,intermediate
3667_HDAC7_P1P2_ENSG00000061273,HDAC7,strong
3677_HEATR1_P1P2_ENSG00000119285,HEATR1,strong
3683_HECTD1_P1P2_ENSG00000092148,HECTD1,weak
3716_HGS_P1P2_ENSG00000185359,HGS,strong
3731_HINFP_P1P2_ENSG00000172273,HINFP,strong
3740_HIRA_P2_ENSG00000100084,HIRA,strong
3741_HIRA_P1_ENSG00000100084,HIRA,excluded
3748_HIST1H2AB_P1P2_ENSG00000278463,HIST1H2AB,weak
3751_HIST1H2AE_P1P2_ENSG00000277075,HIST1H2AE,weak
3754_HIST1H2AI_ENST00000358739.3_ENSG00000196747,HIST1H2AI,weak
3759_HIST1H2BB_P1P2_ENSG00000276410,HIST1H2BB,weak
3760_HIST1H2BC_P1P2_ENSG00000180596,HIST1H2BC,weak
3762_HIST1H2BE_ENST00000356530.3_ENSG00000274290,HIST1H2BE,excluded
3766_HIST1H2BJ_P1P2_ENSG00000124635,HIST1H2BJ,weak
3768_HIST1H2BL_P1P2_ENSG00000185130,HIST1H2BL,weak
3769_HIST1H2BM_P1P2_ENSG00000273703,HIST1H2BM,weak
376_AP2M1_P2_ENSG00000161203,AP2M1,weak
3770_HIST1H2BN_P1P2_ENSG00000233822,HIST1H2BN,weak
377_AP2M1_P1_ENSG00000161203,AP2M1,excluded
3784_HIST2H2AA3_ENST00000369161.3_ENSG00000203812,HIST2H2AA3,weak
3787_HIST2H2AC_P1P2_ENSG00000184260,HIST2H2AC,weak
3788_HIST2H2BE_P1P2_ENSG00000184678,HIST2H2BE,weak
3789_HIST2H2BF_P1P2_ENSG00000203814,HIST2H2BF,weak
378_AP2S1_P1P2_ENSG00000042753,AP2S1,strong
3790_HIST2H3A_P1P2_ENSG00000203852,HIST2H3A,strong
3792_HIST2H3D_ENST00000331491.1_ENSG00000183598,HIST2H3D,weak
37_ABCG1_P1P2_ENSG00000160179,ABCG1,intermediate
3802_HJURP_P1P2_ENSG00000123485,HJURP,intermediate
3809_HLA-C_P1P2_ENSG00000204525,HLA-C,excluded
3825_HMGA1_P1P2_ENSG00000137309,HMGA1,intermediate
3827_HMGB1_P1_ENSG00000189403,HMGB1,excluded
3828_HMGB1_P2_ENSG00000189403,HMGB1,excluded
3832_HMGCR_P1P2_ENSG00000113161,HMGCR,intermediate
3833_HMGCS1_P1P2_ENSG00000112972,HMGCS1,strong
3835_HMGN2_P1P2_ENSG00000198830,HMGN2,weak
3861_HNRNPC_P1P2_ENSG00000092199,HNRNPC,strong
3866_HNRNPH1_P1P2_ENSG00000169045,HNRNPH1,strong
3869_HNRNPK_P1P2_ENSG00000165119,HNRNPK,strong
3871_HNRNPL_P2_ENSG00000104824,HNRNPL,excluded
3872_HNRNPL_P1_ENSG00000104824,HNRNPL,strong
3873_HNRNPM_P1_ENSG00000099783,HNRNPM,strong
3874_HNRNPM_P2_ENSG00000099783,HNRNPM,excluded
3875_HNRNPR_P1P2_ENSG00000125944,HNRNPR,intermediate
3878_HNRNPU_P1P2_ENSG00000153187,HNRNPU,strong
3910_HOXC10_P1P2_ENSG00000180818,HOXC10,weak
3944_HS6ST1_P1P2_ENSG00000136720,HS6ST1,weak
3946_HSCB_P1P2_ENSG00000100209,HSCB,strong
3948_HSD17B10_P1P2_ENSG00000072506,HSD17B10,intermediate
3950_HSD17B12_P1P2_ENSG00000149084,HSD17B12,strong
3959_HSF1_P1P2_ENSG00000185122,HSF1,strong
3969_HSP90B1_P1P2_ENSG00000166598,HSP90B1,intermediate
3971_HSPA14_P1P2_ENSG00000284024,HSPA14,intermediate
3978_HSPA5_P1P2_ENSG00000044574,HSPA5,strong
3979_HSPA8_P1P2_ENSG00000109971,HSPA8,strong
3980_HSPA9_P1P2_ENSG00000113013,HSPA9,strong
3985_HSPD1_P1P2_ENSG00000144381,HSPD1,intermediate
3986_HSPE1_P1P2_ENSG00000115541,HSPE1,strong
3990_HTATSF1_P1P2_ENSG00000102241,HTATSF1,weak
3993_HUS1_P1P2_ENSG00000136273,HUS1,intermediate
3994_HUWE1_P1P2_ENSG00000086758,HUWE1,strong
39_ABHD11_P1P2_ENSG00000106077,ABHD11,weak
4000_HYOU1_P1P2_ENSG00000149428,HYOU1,weak
4001_HYPK_P1P2_ENSG00000242028,HYPK,strong
4003_IARS2_P1P2_ENSG00000067704,IARS2,strong
4004_IARS_P1P2_ENSG00000196305,IARS,strong
4042_IFITM2_P1P2_ENSG00000185201,IFITM2,weak
4043_IFITM3_P1P2_ENSG00000142089,IFITM3,excluded
4061_IGBP1_P1P2_ENSG00000089289,IGBP1,strong
4088_IK_P1_ENSG00000113141,IK,strong
4089_IK_P2_ENSG00000113141,IK,excluded
4099_ILF2_P1P2_ENSG00000143621,ILF2,strong
4100_ILF3_P1P2_ENSG00000129351,ILF3,strong
4107_IMP3_P1P2_ENSG00000177971,IMP3,intermediate
4108_IMP4_P1P2_ENSG00000136718,IMP4,strong
4115_IMPDH2_P1P2_ENSG00000178035,IMPDH2,strong
4116_INCENP_P1P2_ENSG00000149503,INCENP,intermediate
4121_ING3_P1P2_ENSG00000071243,ING3,intermediate
4126_INO80B_P1P2_ENSG00000115274,INO80B,strong
4130_INO80_P1P2_ENSG00000128908,INO80,strong
4146_INTS1_P1P2_ENSG00000164880,INTS1,strong
4147_INTS2_P1P2_ENSG00000108506,INTS2,strong
4148_INTS3_P1P2_ENSG00000143624,INTS3,strong
4149_INTS4_P1P2_ENSG00000149262,INTS4,strong
4150_INTS5_P1P2_ENSG00000185085,INTS5,strong
4151_INTS6_P1P2_ENSG00000102786,INTS6,strong
4152_INTS7_P1P2_ENSG00000143493,INTS7,strong
4153_INTS8_P1P2_ENSG00000164941,INTS8,strong
4154_INTS9_P1P2_ENSG00000104299,INTS9,strong
4160_IPO11_P1P2_ENSG00000086200,IPO11,intermediate
4161_IPO13_P1P2_ENSG00000117408,IPO13,strong
4164_IPO7_P1P2_ENSG00000205339,IPO7,intermediate
4166_IPO9_P1P2_ENSG00000198700,IPO9,strong
4205_ISCA2_P1P2_ENSG00000165898,ISCA2,intermediate
4206_ISCU_P1P2_ENSG00000136003,ISCU,strong
4208_ISG20L2_P1P2_ENSG00000143319,ISG20L2,strong
4217_ISY1_P1P2_ENSG00000240682,ISY1,weak
4250_JAZF1_P1P2_ENSG00000153814,JAZF1,strong
4255_JMJD6_P1P2_ENSG00000070495,JMJD6,intermediate
4270_KANSL1_P1P2_ENSG00000120071,KANSL1,strong
4271_KANSL2_P1P2_ENSG00000139620,KANSL2,strong
4272_KANSL3_P1P2_ENSG00000114982,KANSL3,strong
4273_KARS_P1P2_ENSG00000065427,KARS,strong
4276_KAT5_P1P2_ENSG00000172977,KAT5,weak
4280_KAT8_P2_ENSG00000103510,KAT8,excluded
4281_KAT8_P1_ENSG00000103510,KAT8,strong
4284_KATNB1_P1P2_ENSG00000140854,KATNB1,weak
4291_KCMF1_P1P2_ENSG00000176407,KCMF1,intermediate
4292_KCNA10_ENST00000369771.2_ENSG00000143105,KCNA10,weak
4301_KCTD10_P1P2_ENSG00000110906,KCTD10,strong
430_AQP7_P1P2_ENSG00000165269,AQP7,weak
4319_KDM2A_P1P2_ENSG00000173120,KDM2A,excluded
431_AQR_P1P2_ENSG00000021776,AQR,strong
4331_KDM8_P1P2_ENSG00000155666,KDM8,weak
4349_PRORP_P1P2_ENSG00000100890,PRORP,intermediate
4357_ICE1_P1P2_ENSG00000164151,ICE1,strong
435_ARCN1_P1P2_ENSG00000095139,ARCN1,strong
4360_KIAA1143_P1P2_ENSG00000163807,KIAA1143,weak
4374_KIF11_P1P2_ENSG00000138160,KIF11,weak
4376_KIF14_P1P2_ENSG00000118193,KIF14,weak
4379_KIF18A_P1P2_ENSG00000121621,KIF18A,weak
4380_KIF18B_P1P2_ENSG00000186185,KIF18B,intermediate
4384_KIF20A_P1P2_ENSG00000112984,KIF20A,strong
4389_KIF23_P1P2_ENSG00000137807,KIF23,weak
4394_KIF4A_P1P2_ENSG00000090889,KIF4A,weak
4401_KIN_P1P2_ENSG00000151657,KIN,strong
4405_KLC2_P1P2_ENSG00000174996,KLC2,weak
440_ARF4_P1P2_ENSG00000168374,ARF4,weak
4423_KLF7_P1P2_ENSG00000118263,KLF7,weak
4432_KLHL11_P1P2_ENSG00000178502,KLHL11,weak
4463_KPNA6_P1P2_ENSG00000025800,KPNA6,intermediate
4464_KPNB1_P1P2_ENSG00000108424,KPNB1,strong
4470_KRI1_P1P2_ENSG00000129347,KRI1,strong
4472_KRR1_P1P2_ENSG00000111615,KRR1,strong
4473_KRT10_P2_ENSG00000186395,KRT10,weak
4474_KRT10_P1_ENSG00000186395,KRT10,weak
4475_KRT17_P1P2_ENSG00000128422,KRT17,weak
4478_KRT8_P1_ENSG00000170421,KRT8,weak
4479_KRT8_P2_ENSG00000170421,KRT8,weak
4480_KRTAP4-2_P1P2_ENSG00000244537,KRTAP4-2,weak
4481_KRTAP4-7_ENST00000391417.4_ENSG00000240871,KRTAP4-7,weak
4484_KTI12_P1P2_ENSG00000198841,KTI12,weak
4487_KXD1_P1P2_ENSG00000105700,KXD1,intermediate
4506_LAMTOR2_P1P2_ENSG00000116586,LAMTOR2,strong
4507_LAMTOR3_P1P2_ENSG00000109270,LAMTOR3,intermediate
4508_LAMTOR4_P1P2_ENSG00000188186,LAMTOR4,strong
4521_LARS2_P1P2_ENSG00000011376,LARS2,intermediate
4522_LARS_P1P2_ENSG00000133706,LARS,strong
4523_LAS1L_P1P2_ENSG00000001497,LAS1L,strong
452_ARFRP1_P1P2_ENSG00000101246,ARFRP1,weak
4530_LCE1C_P1P2_ENSG00000197084,LCE1C,weak
4531_LCE1E_P1P2_ENSG00000186226,LCE1E,weak
4535_LCN10_P1P2_ENSG00000187922,LCN10,weak
454_ARGFX_P1P2_ENSG00000186103,ARGFX,weak
4552_LENG8_P1P2_ENSG00000167615,LENG8,intermediate
4557_LETM1_P1P2_ENSG00000168924,LETM1,strong
455_ARGLU1_P1P2_ENSG00000134884,ARGLU1,strong
457_ARHGAP11B_P1P2_ENSG00000284906,ARHGAP11B,weak
4589_LIMS1_P1P2_ENSG00000169756,LIMS1,weak
4593_LIN52_P1P2_ENSG00000205659,LIN52,excluded
4594_LIN54_P2_ENSG00000189308,LIN54,weak
4595_LIN54_P1_ENSG00000189308,LIN54,strong
4624_LONP1_P1P2_ENSG00000196365,LONP1,strong
4628_LPA_P1P2_ENSG00000198670,LPA,weak
4653_LRPPRC_P1P2_ENSG00000138095,LRPPRC,strong
4654_LRR1_P1P2_ENSG00000165501,LRR1,weak
4661_LRRC37A3_P1P2_ENSG00000176809,LRRC37A3,weak
4662_LRRC37B_P1P2_ENSG00000185158,LRRC37B,weak
4684_LSG1_P1P2_ENSG00000041802,LSG1,strong
4685_LSM10_P1P2_ENSG00000181817,LSM10,strong
4686_LSM11_P1P2_ENSG00000155858,LSM11,strong
4687_LSM12_P1P2_ENSG00000161654,LSM12,strong
4691_LSM2_P1P2_ENSG00000204392,LSM2,strong
4692_LSM3_P1P2_ENSG00000170860,LSM3,strong
4693_LSM4_P1P2_ENSG00000130520,LSM4,strong
4694_LSM5_P2_ENSG00000106355,LSM5,intermediate
4695_LSM5_P1_ENSG00000106355,LSM5,strong
4696_LSM6_P1P2_ENSG00000164167,LSM6,strong
4697_LSM7_P1P2_ENSG00000130332,LSM7,strong
46_ABHD17A_P1P2_ENSG00000129968,ABHD17A,weak
4700_LST1_P1_ENSG00000204482,LST1,weak
4701_LST1_P2_ENSG00000204482,LST1,weak
4703_LTB4R2_P1P2_ENSG00000213906,LTB4R2,excluded
4706_LTBP3_P1P2_ENSG00000168056,LTBP3,excluded
4713_LTV1_P1P2_ENSG00000135521,LTV1,strong
4716_LUC7L3_P1P2_ENSG00000108848,LUC7L3,strong
4718_LURAP1_P1P2_ENSG00000171357,LURAP1,weak
4729_LYRM4_P1P2_ENSG00000214113,LYRM4,intermediate
4746_MAD2L1_P1P2_ENSG00000164109,MAD2L1,strong
4747_MAD2L2_P1P2_ENSG00000116670,MAD2L2,weak
4778_MAGOH_P1P2_ENSG00000162385,MAGOH,strong
4780_MAK16_P1P2_ENSG00000198042,MAK16,strong
4795_MANF_P1P2_ENSG00000145050,MANF,intermediate
4856_MARS2_P1P2_ENSG00000247626,MARS2,strong
4857_MARS_P1P2_ENSG00000166986,MARS,strong
4862_MASTL_P1P2_ENSG00000120539,MASTL,weak
4863_MAT2A_P1P2_ENSG00000168906,MAT2A,strong
4868_MAU2_P1P2_ENSG00000129933,MAU2,strong
4871_MAX_P1P2_ENSG00000125952,MAX,strong
4887_MBTPS1_P1P2_ENSG00000140943,MBTPS1,intermediate
4888_MBTPS2_P1P2_ENSG00000012174,MBTPS2,intermediate
4896_MCL1_P1P2_ENSG00000143384,MCL1,weak
4897_MCM10_P1P2_ENSG00000065328,MCM10,strong
4898_MCM2_P1P2_ENSG00000073111,MCM2,strong
4899_MCM3AP_P1P2_ENSG00000160294,MCM3AP,strong
4900_MCM3_P1P2_ENSG00000112118,MCM3,strong
4901_MCM4_P1P2_ENSG00000104738,MCM4,strong
4902_MCM5_P1P2_ENSG00000100297,MCM5,intermediate
4903_MCM6_P1P2_ENSG00000076003,MCM6,strong
4904_MCM7_P1P2_ENSG00000166508,MCM7,intermediate
4907_MCMBP_P1P2_ENSG00000197771,MCMBP,strong
490_ARID3A_P1P2_ENSG00000116017,ARID3A,intermediate
4910_MCRS1_P1P2_ENSG00000187778,MCRS1,intermediate
4921_MDN1_P1P2_ENSG00000112159,MDN1,strong
4930_MED10_P1P2_ENSG00000133398,MED10,strong
4931_MED11_P1P2_ENSG00000161920,MED11,strong
4932_MED12_P1P2_ENSG00000184634,MED12,strong
4935_MED14_P1P2_ENSG00000180182,MED14,strong
4939_MED17_P1P2_ENSG00000042429,MED17,strong
4940_MED18_P1P2_ENSG00000130772,MED18,excluded
4941_MED19_P1P2_ENSG00000156603,MED19,strong
4942_MED1_P1P2_ENSG00000125686,MED1,strong
4943_MED20_P1P2_ENSG00000124641,MED20,strong
4944_MED21_P1P2_ENSG00000152944,MED21,strong
4945_MED22_P1P2_ENSG00000148297,MED22,strong
4949_MED26_P1P2_ENSG00000105085,MED26,strong
4950_MED27_P1P2_ENSG00000160563,MED27,excluded
4951_MED28_P1P2_ENSG00000118579,MED28,strong
4952_MED29_P1P2_ENSG00000063322,MED29,strong
4953_MED30_P1P2_ENSG00000164758,MED30,strong
4954_MED31_P1P2_ENSG00000108590,MED31,strong
4955_MED4_P1P2_ENSG00000136146,MED4,strong
4956_MED6_P1P2_ENSG00000133997,MED6,strong
4957_MED7_P1P2_ENSG00000155868,MED7,strong
4958_MED8_P1P2_ENSG00000159479,MED8,strong
4959_MED9_P1P2_ENSG00000141026,MED9,strong
4976_MEPCE_P1P2_ENSG00000146834,MEPCE,weak
497_ARIH1_P1P2_ENSG00000166233,ARIH1,strong
4984_METAP1_P1P2_ENSG00000164024,METAP1,intermediate
4985_METAP2_P1P2_ENSG00000111142,METAP2,strong
4991_METTL14_P1P2_ENSG00000145388,METTL14,strong
4994_METTL16_P1P2_ENSG00000127804,METTL16,strong
4995_METTL17_P1P2_ENSG00000165792,METTL17,intermediate
4997_METTL1_P1P2_ENSG00000037897,METTL1,intermediate
5000_METTL23_P1P2_ENSG00000181038,METTL23,weak
5004_METTL3_P1P2_ENSG00000165819,METTL3,strong
5011_MEX3A_P1P2_ENSG00000254726,MEX3A,strong
5016_MFAP1_P1P2_ENSG00000140259,MFAP1,strong
5022_MFN2_P1_ENSG00000116688,MFN2,intermediate
5023_MFN2_P2_ENSG00000116688,MFN2,excluded
5077_MICOS10_P1P2_ENSG00000173436,MICOS10,strong
5079_MIOS_P1P2_ENSG00000164654,MIOS,strong
507_ARL2_P1P2_ENSG00000213465,ARL2,strong
5080_MIPEP_P1P2_ENSG00000027001,MIPEP,intermediate
5082_MIS12_P1P2_ENSG00000167842,MIS12,intermediate
5083_MIS18A_P1P2_ENSG00000159055,MIS18A,weak
5084_MIS18BP1_P1P2_ENSG00000129534,MIS18BP1,weak
5089_NIFK_P1P2_ENSG00000155438,NIFK,strong
5098_MKRN1_P1P2_ENSG00000133606,MKRN1,excluded
510_ARL4D_P1P2_ENSG00000175906,ARL4D,weak
5115_MLST8_P1P2_ENSG00000167965,MLST8,intermediate
5123_MMGT1_P1P2_ENSG00000169446,MMGT1,weak
5126_MMS19_P1P2_ENSG00000155229,MMS19,intermediate
5127_MMS22L_P1P2_ENSG00000146263,MMS22L,strong
5128_MNAT1_P1P2_ENSG00000020426,MNAT1,strong
5138_MOB4_P1P2_ENSG00000115540,MOB4,strong
5142_MOCS3_P1P2_ENSG00000124217,MOCS3,weak
5144_MOG_P1P2_ENSG00000204655,MOG,weak
5145_MOK_P1P2_ENSG00000080823,MOK,weak
5163_MPHOSPH10_P1P2_ENSG00000124383,MPHOSPH10,strong
5190_MRGBP_P1P2_ENSG00000101189,MRGBP,strong
5193_MRPL10_P1P2_ENSG00000159111,MRPL10,strong
5196_MRPL13_P1P2_ENSG00000172172,MRPL13,strong
5197_MRPL14_P1P2_ENSG00000180992,MRPL14,strong
5198_MRPL15_P1P2_ENSG00000137547,MRPL15,intermediate
5199_MRPL16_P1P2_ENSG00000166902,MRPL16,strong
5200_MRPL17_P1P2_ENSG00000158042,MRPL17,strong
5201_MRPL18_P1P2_ENSG00000112110,MRPL18,strong
5202_MRPL19_P1P2_ENSG00000115364,MRPL19,strong
5203_MRPL1_P1P2_ENSG00000169288,MRPL1,intermediate
5204_MRPL20_P1P2_ENSG00000242485,MRPL20,strong
5205_MRPL21_P1P2_ENSG00000197345,MRPL21,excluded
5206_MRPL22_P1P2_ENSG00000082515,MRPL22,strong
5208_MRPL24_P1P2_ENSG00000143314,MRPL24,strong
5209_MRPL27_P1P2_ENSG00000108826,MRPL27,strong
5210_MRPL28_P1P2_ENSG00000086504,MRPL28,intermediate
5211_MRPL2_P1P2_ENSG00000112651,MRPL2,strong
5214_MRPL32_P1P2_ENSG00000106591,MRPL32,strong
5215_MRPL33_P1P2_ENSG00000243147,MRPL33,strong
5216_MRPL34_P1P2_ENSG00000130312,MRPL34,intermediate
5217_MRPL35_P1P2_ENSG00000132313,MRPL35,strong
5218_MRPL36_P1P2_ENSG00000171421,MRPL36,strong
5219_MRPL37_P1P2_ENSG00000116221,MRPL37,strong
5220_MRPL38_P1P2_ENSG00000204316,MRPL38,strong
5221_MRPL39_P1P2_ENSG00000154719,MRPL39,strong
5222_MRPL3_P1P2_ENSG00000114686,MRPL3,strong
5224_MRPL41_P1P2_ENSG00000182154,MRPL41,strong
5226_MRPL43_P1P2_ENSG00000055950,MRPL43,strong
5227_MRPL44_P1P2_ENSG00000135900,MRPL44,intermediate
5228_MRPL45_P1P2_ENSG00000278845,MRPL45,intermediate
5232_MRPL49_P1P2_ENSG00000149792,MRPL49,strong
5233_MRPL4_P1P2_ENSG00000105364,MRPL4,strong
5234_MRPL50_P1P2_ENSG00000136897,MRPL50,strong
5235_MRPL51_P1P2_ENSG00000111639,MRPL51,strong
5237_MRPL53_P1P2_ENSG00000204822,MRPL53,strong
5238_MRPL54_P1P2_ENSG00000183617,MRPL54,strong
5239_MRPL55_P1P2_ENSG00000162910,MRPL55,strong
523_ARMC6_P1P2_ENSG00000105676,ARMC6,weak
5240_MRPL9_P1P2_ENSG00000143436,MRPL9,intermediate
5241_MRPS10_P1P2_ENSG00000048544,MRPS10,strong
5242_MRPS11_P1P2_ENSG00000181991,MRPS11,strong
5243_MRPS12_P1P2_ENSG00000128626,MRPS12,intermediate
5244_MRPS14_P1P2_ENSG00000120333,MRPS14,strong
5246_MRPS16_P1P2_ENSG00000182180,MRPS16,intermediate
5248_MRPS18A_P1P2_ENSG00000096080,MRPS18A,strong
5249_MRPS18B_P1P2_ENSG00000204568,MRPS18B,intermediate
524_ARMC7_P1P2_ENSG00000125449,ARMC7,strong
5251_MRPS21_P1P2_ENSG00000266472,MRPS21,strong
5252_MRPS22_P1P2_ENSG00000175110,MRPS22,strong
5253_MRPS23_P1P2_ENSG00000181610,MRPS23,strong
5254_MRPS24_P1P2_ENSG00000062582,MRPS24,strong
5255_MRPS25_P1P2_ENSG00000131368,MRPS25,intermediate
5256_MRPS26_P1P2_ENSG00000125901,MRPS26,strong
5257_MRPS27_P1P2_ENSG00000113048,MRPS27,strong
5258_MRPS28_P1P2_ENSG00000147586,MRPS28,strong
5259_MRPS2_P1P2_ENSG00000122140,MRPS2,strong
5261_MRPS31_P1P2_ENSG00000102738,MRPS31,intermediate
5263_MRPS34_P1P2_ENSG00000074071,MRPS34,strong
5264_MRPS35_P1P2_ENSG00000061794,MRPS35,strong
5266_MRPS5_P1P2_ENSG00000144029,MRPS5,intermediate
5267_MRPS6_P1P2_ENSG00000243927,MRPS6,strong
5268_MRPS7_P1P2_ENSG00000125445,MRPS7,strong
5269_MRPS9_P1P2_ENSG00000135972,MRPS9,strong
5272_MRTO4_P1P2_ENSG00000053372,MRTO4,intermediate
5290_MSRB1_P1P2_ENSG00000198736,MSRB1,weak
5292_MST1_ENST00000449682.2_ENSG00000173531,MST1,weak
5293_MSTO1_P1P2_ENSG00000125459,MSTO1,weak
5298_MT2A_P1P2_ENSG00000125148,MT2A,intermediate
5302_MTBP_P1P2_ENSG00000172167,MTBP,strong
5315_MTG2_P1P2_ENSG00000101181,MTG2,weak
5339_MTOR_P1P2_ENSG00000198793,MTOR,strong
5340_MTPAP_P1P2_ENSG00000107951,MTPAP,strong
5344_MTRNR2L1_P1P2_ENSG00000256618,MTRNR2L1,weak
5356_MVD_P1P2_ENSG00000167508,MVD,strong
5357_MVK_P1P2_ENSG00000110921,MVK,intermediate
535_ARPC2_P2_ENSG00000163466,ARPC2,excluded
5365_MYBBP1A_P1P2_ENSG00000132382,MYBBP1A,strong
5367_MYBL2_P1P2_ENSG00000101057,MYBL2,strong
536_ARPC2_P1_ENSG00000163466,ARPC2,weak
5370_MYCBP_P1P2_ENSG00000214114,MYCBP,weak
5374_MYC_P1P2_ENSG00000136997,MYC,excluded
537_ARPC3_P1_ENSG00000111229,ARPC3,excluded
538_ARPC3_P2_ENSG00000111229,ARPC3,excluded
5400_MYO1H_ENST00000431443.2_ENSG00000174527,MYO1H,weak
5413_MZF1_P1P2_ENSG00000099326,MZF1,weak
5414_MZT1_P1P2_ENSG00000204899,MZT1,strong
541_ARPC4_P1P2_ENSG00000241553,ARPC4,strong
5420_N6AMT1_P1P2_ENSG00000156239,N6AMT1,strong
5422_NAA10_P1P2_ENSG00000102030,NAA10,strong
5424_NAA15_P1P2_ENSG00000164134,NAA15,strong
5426_NAA20_P1P2_ENSG00000173418,NAA20,strong
5427_NAA25_P1P2_ENSG00000111300,NAA25,strong
5429_NAA35_P1P2_ENSG00000135040,NAA35,intermediate
5430_NAA38_P1P2_ENSG00000183011,NAA38,excluded
5432_NAA50_P1P2_ENSG00000121579,NAA50,intermediate
5441_NACA_P1P2_ENSG00000196531,NACA,strong
5448_NAE1_P1P2_ENSG00000159593,NAE1,strong
5449_NAF1_P1P2_ENSG00000145414,NAF1,intermediate
5452_NAGLU_P1P2_ENSG00000108784,NAGLU,weak
5457_NANOG_P1P2_ENSG00000111704,NANOG,weak
5462_NAPA_P1P2_ENSG00000105402,NAPA,excluded
5464_NAPG_P1P2_ENSG00000134265,NAPG,weak
5468_NARS_P1P2_ENSG00000134440,NARS,strong
5469_NASP_P1P2_ENSG00000132780,NASP,weak
5470_NAT10_P1P2_ENSG00000135372,NAT10,strong
5476_NBAS_P1P2_ENSG00000151779,NBAS,strong
5477_NBEAL1_P1P2_ENSG00000144426,NBEAL1,weak
5481_NBPF12_P1P2_ENSG00000268043,NBPF12,weak
5482_NBPF15_P1P2_ENSG00000266338,NBPF15,weak
5484_NBPF3_P1P2_ENSG00000142794,NBPF3,weak
5487_NCAPD2_P1P2_ENSG00000010292,NCAPD2,weak
5488_NCAPD3_P1P2_ENSG00000151503,NCAPD3,weak
5489_NCAPG2_P1P2_ENSG00000146918,NCAPG2,weak
5490_NCAPG_P1P2_ENSG00000109805,NCAPG,weak
5491_NCAPH2_P1P2_ENSG00000025770,NCAPH2,intermediate
5492_NCAPH_P1P2_ENSG00000121152,NCAPH,strong
5493_NCBP1_P1P2_ENSG00000136937,NCBP1,strong
5494_NCBP2_P1P2_ENSG00000114503,NCBP2,strong
5499_NCKAP1_P1P2_ENSG00000061676,NCKAP1,strong
5503_NCL_P2_ENSG00000115053,NCL,excluded
5504_NCL_P1_ENSG00000115053,NCL,strong
5508_NCOA4_P1P2_ENSG00000266412,NCOA4,excluded
5518_NDC1_P1P2_ENSG00000058804,NDC1,weak
5519_NDC80_P1P2_ENSG00000080986,NDC80,strong
5525_NDOR1_P1P2_ENSG00000188566,NDOR1,weak
5531_NDUFA11_P1P2_ENSG00000174886,NDUFA11,weak
5535_NDUFA2_P1P2_ENSG00000131495,NDUFA2,strong
5537_NDUFA4_P1P2_ENSG00000189043,NDUFA4,weak
5539_NDUFA6_P1P2_ENSG00000184983,NDUFA6,strong
5541_NDUFA8_P1P2_ENSG00000119421,NDUFA8,strong
5543_NDUFAB1_P1P2_ENSG00000004779,NDUFAB1,strong
5546_NDUFAF3_P1P2_ENSG00000178057,NDUFAF3,weak
5550_NDUFAF7_P1P2_ENSG00000003509,NDUFAF7,excluded
5551_NDUFB10_P1P2_ENSG00000140990,NDUFB10,strong
5555_NDUFB3_P1P2_ENSG00000119013,NDUFB3,weak
5556_NDUFB4_P1P2_ENSG00000065518,NDUFB4,strong
5558_NDUFB6_P1P2_ENSG00000165264,NDUFB6,intermediate
5559_NDUFB7_P1P2_ENSG00000099795,NDUFB7,weak
5560_NDUFB8_P1P2_ENSG00000166136,NDUFB8,strong
5567_NDUFS3_P1P2_ENSG00000213619,NDUFS3,weak
5569_NDUFS5_P1_ENSG00000168653,NDUFS5,intermediate
5570_NDUFS5_P2_ENSG00000168653,NDUFS5,excluded
5583_NEDD1_P1P2_ENSG00000139350,NEDD1,strong
5588_NEDD8_P1P2_ENSG00000129559,NEDD8,strong
5598_NELFA_P1P2_ENSG00000185049,NELFA,strong
5599_NELFB_P1P2_ENSG00000188986,NELFB,strong
5600_NELFCD_P1P2_ENSG00000101158,NELFCD,strong
5601_NELFE_P1P2_ENSG00000204356,NELFE,strong
5602_NEMF_P1P2_ENSG00000165525,NEMF,intermediate
5624_NFATC2IP_P1P2_ENSG00000176953,NFATC2IP,weak
5649_NFKBIE_P1P2_ENSG00000146232,NFKBIE,intermediate
5651_NFRKB_P1P2_ENSG00000170322,NFRKB,strong
5652_NFS1_P1P2_ENSG00000244005,NFS1,strong
5657_NFYB_P1P2_ENSG00000120837,NFYB,weak
5658_NFYC_P1P2_ENSG00000066136,NFYC,excluded
5665_NHLRC2_P1P2_ENSG00000196865,NHLRC2,weak
5667_NHP2_P1P2_ENSG00000145912,NHP2,intermediate
5673_NIP7_P1P2_ENSG00000132603,NIP7,strong
5680_NISCH_P1P2_ENSG00000010322,NISCH,weak
5683_NKAP_P1P2_ENSG00000101882,NKAP,strong
5702_NLE1_P1P2_ENSG00000073536,NLE1,strong
5707_NMD3_P1P2_ENSG00000169251,NMD3,strong
5720_NMT1_P1P2_ENSG00000136448,NMT1,weak
5726_NOB1_P1P2_ENSG00000141101,NOB1,strong
5729_NOC2L_P1P2_ENSG00000188976,NOC2L,intermediate
5730_NOC3L_P1P2_ENSG00000173145,NOC3L,strong
5731_NOC4L_P1P2_ENSG00000184967,NOC4L,strong
5732_NOL10_P1P2_ENSG00000115761,NOL10,strong
5733_NOL11_P1P2_ENSG00000130935,NOL11,strong
5734_NOL12_P1P2_ENSG00000273899,NOL12,strong
5735_NOL6_P1P2_ENSG00000165271,NOL6,strong
5736_NOL7_P1P2_ENSG00000225921,NOL7,intermediate
5737_NOL8_P1P2_ENSG00000198000,NOL8,strong
5738_NOL9_P1P2_ENSG00000162408,NOL9,intermediate
5739_NOLC1_P1P2_ENSG00000166197,NOLC1,strong
5740_NOM1_P1P2_ENSG00000146909,NOM1,strong
5743_NOMO3_P1P2_ENSG00000103226,NOMO3,intermediate
5745_NOP10_P1P2_ENSG00000182117,NOP10,strong
5746_NOP14_P1P2_ENSG00000087269,NOP14,strong
5747_NOP16_P1P2_ENSG00000048162,NOP16,strong
5748_NOP2_P1P2_ENSG00000111641,NOP2,strong
5749_NOP56_P1P2_ENSG00000101361,NOP56,excluded
5750_NOP58_P1P2_ENSG00000055044,NOP58,strong
5751_NOP9_P1P2_ENSG00000196943,NOP9,weak
5752_NOS1AP_P1P2_ENSG00000198929,NOS1AP,weak
5762_NPAT_P1P2_ENSG00000149308,NPAT,excluded
5763_NPB_P1P2_ENSG00000183979,NPB,weak
5766_NPEPPS_P1P2_ENSG00000141279,NPEPPS,excluded
5768_NPLOC4_P1P2_ENSG00000182446,NPLOC4,strong
5770_NPM1_P1P2_ENSG00000181163,NPM1,weak
5771_NPM3_P1P2_ENSG00000107833,NPM3,weak
5789_NR2C2AP_P1P2_ENSG00000184162,NR2C2AP,weak
579_ASF1B_P1P2_ENSG00000105011,ASF1B,weak
5809_NRBP1_P1P2_ENSG00000115216,NRBP1,strong
5810_NRDE2_P1P2_ENSG00000119720,NRDE2,strong
5811_NRF1_P1P2_ENSG00000106459,NRF1,strong
5821_NSA2_P1P2_ENSG00000164346,NSA2,strong
5825_NSF_ENST00000398238.4_ENSG00000073969,NSF,weak
5826_NSL1_P1P2_ENSG00000117697,NSL1,weak
5828_NSMCE1_P1P2_ENSG00000169189,NSMCE1,weak
5829_NSMCE2_P1P2_ENSG00000156831,NSMCE2,weak
5832_NSRP1_P1P2_ENSG00000126653,NSRP1,strong
5834_NSUN4_P1P2_ENSG00000117481,NSUN4,intermediate
5852_NUBP1_P1P2_ENSG00000103274,NUBP1,strong
5853_NUBP2_P1P2_ENSG00000095906,NUBP2,intermediate
585_GET3_P1P2_ENSG00000198356,GET3,weak
5860_NUDCD3_P1P2_ENSG00000015676,NUDCD3,strong
5861_NUDC_P1P2_ENSG00000090273,NUDC,strong
5869_NUDT21_P1P2_ENSG00000167005,NUDT21,strong
5878_NUF2_P1P2_ENSG00000143228,NUF2,strong
5879_NUFIP1_P1P2_ENSG00000083635,NUFIP1,strong
5881_NUMA1_ENST00000393695.3_ENSG00000137497,NUMA1,strong
5885_NUP107_P1P2_ENSG00000111581,NUP107,strong
5886_NUP133_P1P2_ENSG00000069248,NUP133,strong
5887_NUP153_P1P2_ENSG00000124789,NUP153,intermediate
5888_NUP155_P1P2_ENSG00000113569,NUP155,excluded
5889_NUP160_P1P2_ENSG00000030066,NUP160,strong
5891_NUP205_P1P2_ENSG00000155561,NUP205,intermediate
5893_NUP214_P1P2_ENSG00000126883,NUP214,intermediate
5894_NUP35_P1P2_ENSG00000163002,NUP35,intermediate
5896_NUP43_P1P2_ENSG00000120253,NUP43,intermediate
5898_NUP54_P1P2_ENSG00000138750,NUP54,strong
5900_NUP62_P1P2_ENSG00000213024,NUP62,strong
5901_NUP85_P1P2_ENSG00000125450,NUP85,strong
5902_NUP88_P1P2_ENSG00000108559,NUP88,strong
5903_NUP93_P1P2_ENSG00000102900,NUP93,excluded
5904_NUP98_P1P2_ENSG00000110713,NUP98,strong
5906_NUS1_P1P2_ENSG00000153989,NUS1,excluded
5908_NUTF2_P1P2_ENSG00000102898,NUTF2,strong
5909_NVL_P1P2_ENSG00000143748,NVL,strong
5910_NXF1_P1_ENSG00000162231,NXF1,excluded
5911_NXF1_P2_ENSG00000162231,NXF1,excluded
5928_OGFOD1_P1P2_ENSG00000087263,OGFOD1,strong
5933_OGT_P1P2_ENSG00000147162,OGT,strong
5934_OIP5_P1P2_ENSG00000104147,OIP5,weak
5936_OLFML3_P1P2_ENSG00000116774,OLFML3,weak
5944_OPA1_P1P2_ENSG00000198836,OPA1,strong
5949_OR1D2_ENST00000331459.1_ENSG00000184166,OR1D2,weak
5950_OR1E2_ENST00000248384.1_ENSG00000127780,OR1E2,weak
5951_OR2A1_ENST00000408951.1_ENSG00000221970,OR2A1,weak
5952_OR2T29_ENST00000328570.3_ENSG00000182783,OR2T29,weak
5953_OR2T5_ENST00000366473.2_ENSG00000203661,OR2T5,weak
5954_OR4F4_ENST00000326183.3_ENSG00000177693,OR4F4,weak
5955_OR4K1_ENST00000285600.4_ENSG00000155249,OR4K1,excluded
5956_OR4N2_ENST00000315947.1_ENSG00000176294,OR4N2,weak
5959_OR7A10_ENST00000248058.1_ENSG00000127515,OR7A10,weak
5960_OR7A17_ENST00000327462.2_ENSG00000185385,OR7A17,weak
5965_ORC1_P1P2_ENSG00000085840,ORC1,strong
5967_ORC3_P1P2_ENSG00000135336,ORC3,weak
5968_ORC4_P1P2_ENSG00000115947,ORC4,intermediate
5969_ORC5_P1P2_ENSG00000164815,ORC5,strong
5970_ORC6_P1P2_ENSG00000091651,ORC6,intermediate
5983_OSBP_P1P2_ENSG00000110048,OSBP,weak
5985_OSGEP_P1P2_ENSG00000092094,OSGEP,weak
5990_OSTC_P1P2_ENSG00000198856,OSTC,intermediate
5993_OTOP1_P1P2_ENSG00000163982,OTOP1,weak
6000_OTX1_P1P2_ENSG00000115507,OTX1,weak
6002_OVCA2_P1P2_ENSG00000262664,OVCA2,weak
6006_OXA1L_P1P2_ENSG00000155463,OXA1L,strong
6024_PABPC1_P1P2_ENSG00000070756,PABPC1,excluded
6026_PABPN1_P1P2_ENSG00000100836,PABPN1,strong
6032_PAF1_P1P2_ENSG00000006712,PAF1,strong
6033_PAFAH1B1_P1P2_ENSG00000007168,PAFAH1B1,weak
6043_PAK1IP1_P1P2_ENSG00000111845,PAK1IP1,excluded
6047_PALB2_P1P2_ENSG00000083093,PALB2,weak
6050_PAM16_P1P2_ENSG00000217930,PAM16,strong
6073_PARN_P1P2_ENSG00000140694,PARN,intermediate
607_ATF4_P1P2_ENSG00000128272,ATF4,strong
6081_PARS2_P1P2_ENSG00000162396,PARS2,intermediate
608_ATF5_P1P2_ENSG00000169136,ATF5,strong
6098_PAXBP1_P1P2_ENSG00000159086,PAXBP1,strong
6110_PCBP1_P1P2_ENSG00000169564,PCBP1,strong
6111_PCBP2_P1_ENSG00000197111,PCBP2,intermediate
6112_PCBP2_P2_ENSG00000197111,PCBP2,excluded
6119_PCF11_P1P2_ENSG00000165494,PCF11,strong
6127_PCID2_P1_ENSG00000126226,PCID2,strong
6128_PCID2_P2_ENSG00000126226,PCID2,excluded
6135_PCNA_P1P2_ENSG00000132646,PCNA,strong
6149_PC_P1P2_ENSG00000173599,PC,weak
6150_PDAP1_P1P2_ENSG00000106244,PDAP1,strong
6152_PDCD11_P1P2_ENSG00000148843,PDCD11,strong
6154_PDCD2_P1P2_ENSG00000071994,PDCD2,strong
6157_PDCD5_P1P2_ENSG00000105185,PDCD5,weak
6158_PDCD6IP_P1P2_ENSG00000170248,PDCD6IP,weak
6159_PDCD6_P1P2_ENSG00000249915,PDCD6,weak
6160_PDCD7_P1P2_ENSG00000090470,PDCD7,strong
6193_PDPK1_P1P2_ENSG00000140992,PDPK1,intermediate
6195_PDRG1_P1P2_ENSG00000088356,PDRG1,strong
6210_PEF1_P1P2_ENSG00000162517,PEF1,weak
6213_PELO_P2_ENSG00000152684,PELO,excluded
6214_PELO_P1_ENSG00000152684,PELO,strong
6215_PELP1_P1P2_ENSG00000141456,PELP1,strong
6219_PES1_P1P2_ENSG00000100029,PES1,strong
6221_PET117_P1P2_ENSG00000232838,PET117,strong
6229_PEX1_P1P2_ENSG00000127980,PEX1,intermediate
6237_PFDN1_P1P2_ENSG00000113068,PFDN1,weak
6238_PFDN2_P1P2_ENSG00000143256,PFDN2,strong
6239_PFDN4_P1P2_ENSG00000101132,PFDN4,weak
6240_PFDN5_P1P2_ENSG00000123349,PFDN5,weak
6241_PFDN6_P1P2_ENSG00000204220,PFDN6,intermediate
6249_PFN1_P1P2_ENSG00000108518,PFN1,strong
6250_PGAM1_P1P2_ENSG00000171314,PGAM1,strong
6256_PGD_P1P2_ENSG00000142657,PGD,strong
6258_PGK1_P1P2_ENSG00000102144,PGK1,weak
6263_PGPEP1_P1P2_ENSG00000130517,PGPEP1,strong
6268_PGS1_P1P2_ENSG00000087157,PGS1,weak
6273_PHAX_P2_ENSG00000164902,PHAX,excluded
6274_PHAX_P1_ENSG00000164902,PHAX,strong
6275_PHB2_P1P2_ENSG00000215021,PHB2,strong
6276_PHB_P1P2_ENSG00000167085,PHB,strong
6280_PHF12_P1P2_ENSG00000109118,PHF12,intermediate
6291_PHF5A_P1P2_ENSG00000100410,PHF5A,strong
62_ABT1_P1P2_ENSG00000146109,ABT1,strong
630_ATL2_P1P2_ENSG00000119787,ATL2,intermediate
6317_PI4KA_P1P2_ENSG00000241973,PI4KA,weak
6323_PIAS4_P1P2_ENSG00000105229,PIAS4,strong
6335_PIGH_P1P2_ENSG00000100564,PIGH,weak
6352_PIK3C3_P1P2_ENSG00000078142,PIK3C3,weak
6360_PIK3R4_P1P2_ENSG00000196455,PIK3R4,weak
6394_PKMYT1_P1P2_ENSG00000127564,PKMYT1,weak
6395_PKM_P2_ENSG00000067225,PKM,excluded
6396_PKM_P1_ENSG00000067225,PKM,strong
6406_PLA2G10_ENST00000438167.3_ENSG00000069764,PLA2G10,weak
6448_PLEKHN1_P1P2_ENSG00000187583,PLEKHN1,weak
6453_PLK1_P1P2_ENSG00000166851,PLK1,weak
6455_PLK4_P1P2_ENSG00000142731,PLK4,weak
645_ATP1A1_P1P2_ENSG00000163399,ATP1A1,strong
6460_PLRG1_P1P2_ENSG00000171566,PLRG1,strong
6474_PMF1_P1P2_ENSG00000160783,PMF1,strong
6479_PMPCA_P1P2_ENSG00000165688,PMPCA,strong
647_ATP2A2_P1P2_ENSG00000174437,ATP2A2,intermediate
6480_PMPCB_P1_ENSG00000105819,PMPCB,strong
6481_PMPCB_P2_ENSG00000105819,PMPCB,excluded
6485_PNISR_P2_ENSG00000132424,PNISR,excluded
6486_PNISR_P1_ENSG00000132424,PNISR,strong
6488_PNKP_P1P2_ENSG00000039650,PNKP,weak
6492_PNN_P1P2_ENSG00000100941,PNN,strong
6493_PNO1_P1P2_ENSG00000115946,PNO1,strong
6499_PNPT1_P1P2_ENSG00000138035,PNPT1,strong
6511_POGZ_P1P2_ENSG00000143442,POGZ,weak
6512_POLA1_P1P2_ENSG00000101868,POLA1,strong
6513_POLA2_P1P2_ENSG00000014138,POLA2,strong
6515_POLD1_P1P2_ENSG00000062822,POLD1,strong
6516_POLD2_P1P2_ENSG00000106628,POLD2,strong
6517_POLD3_P1P2_ENSG00000077514,POLD3,strong
6521_POLE2_P1P2_ENSG00000100479,POLE2,weak
6524_POLE_P1P2_ENSG00000177084,POLE,strong
6525_POLG2_P1P2_ENSG00000256525,POLG2,intermediate
6533_POLR1A_P1P2_ENSG00000068654,POLR1A,strong
6534_POLR1B_P1P2_ENSG00000125630,POLR1B,strong
6535_POLR1C_P2_ENSG00000171453,POLR1C,excluded
6536_POLR1C_P1_ENSG00000171453,POLR1C,strong
6539_POLR1E_P1P2_ENSG00000137054,POLR1E,strong
6540_POLR2A_P1P2_ENSG00000181222,POLR2A,strong
6541_POLR2B_P1P2_ENSG00000047315,POLR2B,strong
6542_POLR2C_P1P2_ENSG00000102978,POLR2C,strong
6543_POLR2D_P2_ENSG00000144231,POLR2D,excluded
6544_POLR2D_P1_ENSG00000144231,POLR2D,strong
6545_POLR2E_P2_ENSG00000099817,POLR2E,excluded
6546_POLR2E_P1_ENSG00000099817,POLR2E,strong
6547_POLR2F_P1P2_ENSG00000100142,POLR2F,strong
6548_POLR2G_P1P2_ENSG00000168002,POLR2G,strong
6549_POLR2H_P1P2_ENSG00000163882,POLR2H,strong
6550_POLR2I_P1P2_ENSG00000105258,POLR2I,strong
6552_POLR2K_P1P2_ENSG00000147669,POLR2K,excluded
6553_POLR2L_P1P2_ENSG00000177700,POLR2L,strong
6555_POLR3A_P1P2_ENSG00000148606,POLR3A,excluded
6556_POLR3B_P1P2_ENSG00000013503,POLR3B,strong
6557_POLR3C_P1P2_ENSG00000186141,POLR3C,strong
6558_POLR3D_P1P2_ENSG00000168495,POLR3D,strong
6559_POLR3E_P1P2_ENSG00000058600,POLR3E,strong
6560_POLR3F_P1P2_ENSG00000132664,POLR3F,strong
6563_POLR3H_P1P2_ENSG00000100413,POLR3H,weak
6564_POLR3K_P1P2_ENSG00000161980,POLR3K,intermediate
6565_POLRMT_P1P2_ENSG00000099821,POLRMT,strong
6574_POP1_P1P2_ENSG00000104356,POP1,strong
6575_POP4_P1P2_ENSG00000105171,POP4,strong
6576_POP5_P1P2_ENSG00000167272,POP5,strong
6577_POP7_P1P2_ENSG00000172336,POP7,strong
6581_POT1_P1P2_ENSG00000128513,POT1,excluded
6582_POTEI_ENST00000451531.2_ENSG00000196834,POTEI,excluded
6597_POU5F1B_P1P2_ENSG00000212993,POU5F1B,intermediate
6603_PPA1_P1P2_ENSG00000180817,PPA1,intermediate
6604_PPA2_P1P2_ENSG00000138777,PPA2,weak
6605_PPAN_P1P2_ENSG00000130810,PPAN,strong
6608_PPARGC1B_P1P2_ENSG00000155846,PPARGC1B,strong
6621_PPIA_P1P2_ENSG00000196262,PPIA,weak
6625_PPIE_P1P2_ENSG00000084072,PPIE,strong
6628_PPIH_P1P2_ENSG00000171960,PPIH,strong
6629_PPIL1_P1P2_ENSG00000137168,PPIL1,excluded
6630_PPIL2_P1P2_ENSG00000100023,PPIL2,intermediate
6632_PPIL4_P1P2_ENSG00000131013,PPIL4,strong
6646_PPME1_P1P2_ENSG00000214517,PPME1,intermediate
6648_PPP1CA_P1_ENSG00000172531,PPP1CA,strong
6649_PPP1CA_P2_ENSG00000172531,PPP1CA,excluded
6650_PPP1CB_P1P2_ENSG00000213639,PPP1CB,weak
6652_PPP1R10_P1P2_ENSG00000204569,PPP1R10,excluded
6653_PPP1R11_P1P2_ENSG00000204619,PPP1R11,strong
6654_PPP1R12A_P1P2_ENSG00000058272,PPP1R12A,weak
6661_PPP1R15B_P1P2_ENSG00000158615,PPP1R15B,intermediate
6667_PPP1R2_P1P2_ENSG00000184203,PPP1R2,intermediate
6675_PPP1R7_P1P2_ENSG00000115685,PPP1R7,weak
6676_PPP1R8_P1P2_ENSG00000117751,PPP1R8,strong
6678_PPP2CA_P1P2_ENSG00000113575,PPP2CA,intermediate
6680_PPP2R1A_P2_ENSG00000105568,PPP2R1A,excluded
6681_PPP2R1A_P1_ENSG00000105568,PPP2R1A,strong
6686_PPP2R3C_P1P2_ENSG00000092020,PPP2R3C,weak
6696_PPP4C_P1P2_ENSG00000149923,PPP4C,strong
6698_PPP4R2_P1P2_ENSG00000163605,PPP4R2,strong
6700_PPP6C_P1P2_ENSG00000119414,PPP6C,weak
6704_PPRC1_P1P2_ENSG00000148840,PPRC1,strong
6708_PPWD1_P1P2_ENSG00000113593,PPWD1,excluded
6709_PPY_P1P2_ENSG00000108849,PPY,excluded
670_ATP6AP1_P1P2_ENSG00000071553,ATP6AP1,strong
6716_PRC1_P1P2_ENSG00000198901,PRC1,weak
671_ATP6AP2_P1P2_ENSG00000182220,ATP6AP2,intermediate
6720_PRDM10_P1P2_ENSG00000170325,PRDM10,excluded
6740_PREB_P1P2_ENSG00000138073,PREB,weak
6741_PRELID1_P1P2_ENSG00000169230,PRELID1,strong
6747_PRIM1_P1P2_ENSG00000198056,PRIM1,strong
6748_PRIM2_P1P2_ENSG00000146143,PRIM2,strong
674_ATP6V0B_P1P2_ENSG00000117410,ATP6V0B,strong
675_ATP6V0C_P1P2_ENSG00000185883,ATP6V0C,strong
6769_PRKRA_P1P2_ENSG00000180228,PRKRA,intermediate
676_ATP6V0D1_P1P2_ENSG00000159720,ATP6V0D1,weak
6770_PRKRIP1_P2_ENSG00000128563,PRKRIP1,excluded
6771_PRKRIP1_P1_ENSG00000128563,PRKRIP1,weak
6774_PRMT1_P1P2_ENSG00000126457,PRMT1,strong
6777_PRMT5_P1_ENSG00000100462,PRMT5,strong
6778_PRMT5_P2_ENSG00000100462,PRMT5,weak
6782_PRODH_P2_ENSG00000100033,PRODH,weak
6783_PRODH_P1_ENSG00000100033,PRODH,weak
6791_PRPF18_P1P2_ENSG00000165630,PRPF18,strong
6792_PRPF19_P1P2_ENSG00000110107,PRPF19,strong
6793_PRPF31_P1P2_ENSG00000105618,PRPF31,strong
6794_PRPF38A_P1P2_ENSG00000134748,PRPF38A,excluded
6795_PRPF38B_P1P2_ENSG00000134186,PRPF38B,intermediate
6797_PRPF3_P1P2_ENSG00000117360,PRPF3,strong
6798_PRPF40A_P1P2_ENSG00000196504,PRPF40A,strong
679_ATP6V1A_P1P2_ENSG00000114573,ATP6V1A,strong
6800_PRPF4B_P1P2_ENSG00000112739,PRPF4B,strong
6801_PRPF4_P1P2_ENSG00000136875,PRPF4,strong
6802_PRPF6_P1P2_ENSG00000101161,PRPF6,strong
6803_PRPF8_P1P2_ENSG00000174231,PRPF8,strong
680_ATP6V1B2_P1P2_ENSG00000147416,ATP6V1B2,strong
6819_PRRC2A_P1P2_ENSG00000204469,PRRC2A,strong
681_ATP6V1C1_P1P2_ENSG00000155097,ATP6V1C1,weak
682_ATP6V1D_P1P2_ENSG00000100554,ATP6V1D,weak
6834_PSAT1_P1P2_ENSG00000135069,PSAT1,weak
683_ATP6V1E1_P1P2_ENSG00000131100,ATP6V1E1,weak
6841_PSMA1_P1P2_ENSG00000129084,PSMA1,strong
6842_PSMA2_P1P2_ENSG00000106588,PSMA2,strong
6843_PSMA3_P1P2_ENSG00000100567,PSMA3,strong
6844_PSMA4_P1P2_ENSG00000041357,PSMA4,strong
6845_PSMA5_P1P2_ENSG00000143106,PSMA5,strong
6846_PSMA6_P1P2_ENSG00000100902,PSMA6,strong
6847_PSMA7_P1P2_ENSG00000101182,PSMA7,strong
6849_PSMB1_P1P2_ENSG00000008018,PSMB1,strong
6850_PSMB2_P1P2_ENSG00000126067,PSMB2,strong
6851_PSMB3_P1P2_ENSG00000277791,PSMB3,strong
6852_PSMB4_P1P2_ENSG00000159377,PSMB4,intermediate
6853_PSMB5_P1P2_ENSG00000100804,PSMB5,strong
6854_PSMB6_P2_ENSG00000142507,PSMB6,weak
6855_PSMB6_P1_ENSG00000142507,PSMB6,strong
6856_PSMB7_P1P2_ENSG00000136930,PSMB7,strong
6857_PSMC1_P1P2_ENSG00000100764,PSMC1,strong
6858_PSMC2_P1P2_ENSG00000161057,PSMC2,strong
685_ATP6V1F_P1P2_ENSG00000128524,ATP6V1F,intermediate
6860_PSMC3_P1P2_ENSG00000165916,PSMC3,strong
6861_PSMC4_P1P2_ENSG00000013275,PSMC4,strong
6862_PSMC5_P1P2_ENSG00000087191,PSMC5,excluded
6863_PSMC6_P1P2_ENSG00000100519,PSMC6,strong
6865_PSMD11_P1P2_ENSG00000108671,PSMD11,strong
6866_PSMD12_P1P2_ENSG00000197170,PSMD12,strong
6867_PSMD13_P1P2_ENSG00000185627,PSMD13,strong
6868_PSMD14_P1P2_ENSG00000115233,PSMD14,excluded
6869_PSMD1_P1P2_ENSG00000173692,PSMD1,strong
686_ATP6V1G1_P1P2_ENSG00000136888,ATP6V1G1,weak
6870_PSMD2_P1P2_ENSG00000175166,PSMD2,strong
6871_PSMD3_P1P2_ENSG00000108344,PSMD3,strong
6872_PSMD4_P1P2_ENSG00000159352,PSMD4,strong
6874_PSMD6_P1P2_ENSG00000163636,PSMD6,strong
6875_PSMD7_P1P2_ENSG00000103035,PSMD7,strong
6876_PSMD8_P1P2_ENSG00000099341,PSMD8,excluded
6877_PSMD9_P1P2_ENSG00000110801,PSMD9,weak
6878_PSME1_P1P2_ENSG00000092010,PSME1,intermediate
6879_PSME2_P1P2_ENSG00000100911,PSME2,weak
687_ATP6V1H_P1P2_ENSG00000047249,ATP6V1H,weak
6883_PSMG1_P1P2_ENSG00000183527,PSMG1,intermediate
6884_PSMG2_P1P2_ENSG00000128789,PSMG2,weak
6885_PSMG3_P2_ENSG00000157778,PSMG3,excluded
6886_PSMG3_P1_ENSG00000157778,PSMG3,strong
6887_PSMG4_P1P2_ENSG00000180822,PSMG4,strong
6892_PSTK_P1_ENSG00000179988,PSTK,intermediate
6893_PSTK_P2_ENSG00000179988,PSTK,weak
6896_PTBP1_P1P2_ENSG00000011304,PTBP1,strong
6899_PTCD1_P1_ENSG00000106246,PTCD1,excluded
6900_PTCD1_P2_ENSG00000106246,PTCD1,strong
6902_PTCD3_P1P2_ENSG00000132300,PTCD3,intermediate
6914_PTK2_P1P2_ENSG00000169398,PTK2,intermediate
6916_PTMA_P1P2_ENSG00000187514,PTMA,intermediate
6922_PTPMT1_P1P2_ENSG00000110536,PTPMT1,intermediate
6928_PTPN23_P1P2_ENSG00000076201,PTPN23,intermediate
6947_PUF60_P1P2_ENSG00000179950,PUF60,strong
6962_PWP1_P1P2_ENSG00000136045,PWP1,intermediate
6963_PWP2_P1P2_ENSG00000241945,PWP2,strong
6970_PXN_P1P2_ENSG00000089159,PXN,intermediate
6979_PYROXD1_P1P2_ENSG00000121350,PYROXD1,weak
697_ATRIP_P1P2_ENSG00000164053,ATRIP,strong
6981_QARS_P1P2_ENSG00000172053,QARS,strong
6988_QRSL1_P1P2_ENSG00000130348,QRSL1,weak
699_ATR_P1P2_ENSG00000175054,ATR,strong
7010_RAB18_P1P2_ENSG00000099246,RAB18,intermediate
7032_RAB4A_P1P2_ENSG00000168118,RAB4A,intermediate
7038_RAB6A_P1P2_ENSG00000175582,RAB6A,weak
7050_RABGGTA_P1P2_ENSG00000100949,RABGGTA,strong
7051_RABGGTB_P1P2_ENSG00000137955,RABGGTB,intermediate
7055_RAC1_P1P2_ENSG00000136238,RAC1,intermediate
7057_RAC3_P1P2_ENSG00000169750,RAC3,intermediate
7058_RACGAP1_P1P2_ENSG00000161800,RACGAP1,strong
7059_RAD17_P1P2_ENSG00000152942,RAD17,intermediate
7062_RAD21_P1P2_ENSG00000164754,RAD21,strong
7068_RAD51C_P1P2_ENSG00000108384,RAD51C,strong
7069_RAD51D_P1P2_ENSG00000185379,RAD51D,weak
7070_RAD51_P1P2_ENSG00000051180,RAD51,strong
7076_RAD9A_P1P2_ENSG00000172613,RAD9A,weak
7077_RAE1_P1P2_ENSG00000101146,RAE1,strong
7093_RANBP2_P1P2_ENSG00000153201,RANBP2,weak
7097_RANGAP1_P1P2_ENSG00000100401,RANGAP1,strong
7099_RAN_P1P2_ENSG00000132341,RAN,strong
7116_RARS2_P1P2_ENSG00000146282,RARS2,strong
7117_RARS_P1P2_ENSG00000113643,RARS,strong
713_AURKAIP1_P1P2_ENSG00000175756,AURKAIP1,intermediate
7140_RBBP4_P1P2_ENSG00000162521,RBBP4,strong
7141_RBBP5_P1P2_ENSG00000117222,RBBP5,excluded
7142_RBBP6_P1P2_ENSG00000122257,RBBP6,strong
7144_RBBP8_P1P2_ENSG00000101773,RBBP8,strong
714_AURKA_P1P2_ENSG00000087586,AURKA,intermediate
7152_RBM10_P1P2_ENSG00000182872,RBM10,intermediate
7157_RBM14_P1P2_ENSG00000239306,RBM14,strong
715_AURKB_P1P2_ENSG00000178999,AURKB,weak
7161_RBM17_P1P2_ENSG00000134453,RBM17,strong
7163_RBM19_P1P2_ENSG00000122965,RBM19,strong
7164_RBM22_P1P2_ENSG00000086589,RBM22,excluded
7166_RBM25_P1P2_ENSG00000119707,RBM25,strong
7169_RBM28_P1P2_ENSG00000106344,RBM28,strong
7173_RBM39_P1P2_ENSG00000131051,RBM39,strong
7176_RBM42_P1P2_ENSG00000126254,RBM42,strong
7178_RBM48_P1P2_ENSG00000127993,RBM48,strong
7180_RBM4_P1_ENSG00000173933,RBM4,excluded
7181_RBM4_P2_ENSG00000173933,RBM4,strong
7185_RBM8A_P1P2_ENSG00000265241,RBM8A,strong
7186_RBMX2_P1P2_ENSG00000134597,RBMX2,strong
7187_RBMXL1_P1P2_ENSG00000213516,RBMXL1,weak
7188_RBMX_P1P2_ENSG00000147274,RBMX,strong
7193_RBX1_P1P2_ENSG00000100387,RBX1,strong
7198_RCC1_P1_ENSG00000180198,RCC1,excluded
7199_RCC1_P2_ENSG00000180198,RCC1,strong
7206_RCL1_P1P2_ENSG00000120158,RCL1,strong
7210_RCOR1_P1P2_ENSG00000089902,RCOR1,excluded
7241_REV3L_P1P2_ENSG00000009413,REV3L,weak
7243_REXO2_P1P2_ENSG00000076043,REXO2,strong
7245_RFC1_P1P2_ENSG00000035928,RFC1,strong
7246_RFC2_P1P2_ENSG00000049541,RFC2,strong
7247_RFC3_P1P2_ENSG00000133119,RFC3,strong
7248_RFC4_P1P2_ENSG00000163918,RFC4,strong
7249_RFC5_P1P2_ENSG00000111445,RFC5,strong
7251_RFFL_P1P2_ENSG00000092871,RFFL,excluded
7255_RFT1_P1P2_ENSG00000163933,RFT1,weak
7271_RGP1_P1P2_ENSG00000107185,RGP1,excluded
7272_RGPD6_ENST00000329516.3_ENSG00000183054,RGPD6,intermediate
7295_RHOQ_P1P2_ENSG00000119729,RHOQ,weak
7301_RHPN1_P1P2_ENSG00000158106,RHPN1,weak
7310_RINT1_P1P2_ENSG00000135249,RINT1,strong
7311_RIOK1_P1P2_ENSG00000124784,RIOK1,strong
7312_RIOK2_P1P2_ENSG00000058729,RIOK2,strong
7322_RMI1_P1P2_ENSG00000178966,RMI1,strong
7331_RNASEH2C_P1P2_ENSG00000172922,RNASEH2C,strong
7335_RNF103_P1P2_ENSG00000239305,RNF103,weak
7338_RNF113A_P1P2_ENSG00000125352,RNF113A,strong
7343_RNF123_P1P2_ENSG00000164068,RNF123,weak
7357_RNF14_P1P2_ENSG00000013561,RNF14,intermediate
7362_RNF168_P1P2_ENSG00000163961,RNF168,weak
7375_RNF20_P1P2_ENSG00000155827,RNF20,strong
7390_RNF40_P1P2_ENSG00000103549,RNF40,strong
7393_RNF4_P1P2_ENSG00000063978,RNF4,intermediate
7397_RNF8_P1P2_ENSG00000112130,RNF8,weak
7400_RNGTT_P1P2_ENSG00000111880,RNGTT,strong
7403_RNMT_P1P2_ENSG00000101654,RNMT,strong
7404_RNPC3_P1P2_ENSG00000185946,RNPC3,strong
7407_RNPS1_P1P2_ENSG00000205937,RNPS1,strong
7411_ROMO1_P1P2_ENSG00000125995,ROMO1,strong
7418_RPA1_P1P2_ENSG00000132383,RPA1,strong
7419_RPA2_P1P2_ENSG00000117748,RPA2,strong
7420_RPA3_P1P2_ENSG00000106399,RPA3,strong
7421_RPAIN_P1P2_ENSG00000129197,RPAIN,weak
7422_RPAP1_P1P2_ENSG00000103932,RPAP1,strong
7423_RPAP2_P1P2_ENSG00000122484,RPAP2,strong
7424_RPAP3_P1P2_ENSG00000005175,RPAP3,excluded
7425_RPE_P1P2_ENSG00000197713,RPE,weak
7426_RPF1_P1P2_ENSG00000117133,RPF1,strong
7427_RPF2_P1P2_ENSG00000197498,RPF2,strong
7431_RPL10A_P1P2_ENSG00000198755,RPL10A,strong
7432_RPL10_P1P2_ENSG00000147403,RPL10,strong
7433_RPL11_P1P2_ENSG00000142676,RPL11,strong
7434_RPL12_P1P2_ENSG00000197958,RPL12,strong
7435_RPL13A_P1_ENSG00000142541,RPL13A,strong
7436_RPL13A_P2_ENSG00000142541,RPL13A,intermediate
7437_RPL13_P1P2_ENSG00000167526,RPL13,strong
7438_RPL14_P1P2_ENSG00000188846,RPL14,strong
7439_RPL15_P1P2_ENSG00000174748,RPL15,strong
7441_RPL17_P1P2_ENSG00000265681,RPL17,strong
7442_RPL18A_P1P2_ENSG00000105640,RPL18A,strong
7443_RPL18_P1P2_ENSG00000063177,RPL18,strong
7444_RPL19_P1P2_ENSG00000108298,RPL19,strong
7445_RPL21_P1P2_ENSG00000122026,RPL21,strong
7449_RPL23A_P1P2_ENSG00000198242,RPL23A,strong
7450_RPL23_P1P2_ENSG00000125691,RPL23,strong
7451_RPL24_P1P2_ENSG00000114391,RPL24,strong
7452_RPL26L1_P1P2_ENSG00000037241,RPL26L1,weak
7453_RPL26_P1P2_ENSG00000161970,RPL26,strong
7454_RPL27A_P1P2_ENSG00000166441,RPL27A,strong
7455_RPL27_P1P2_ENSG00000131469,RPL27,strong
7456_RPL28_P1P2_ENSG00000108107,RPL28,intermediate
7457_RPL29_P1P2_ENSG00000162244,RPL29,intermediate
7458_RPL30_P1P2_ENSG00000156482,RPL30,strong
7459_RPL31_P1P2_ENSG00000071082,RPL31,strong
7460_RPL32_P1P2_ENSG00000144713,RPL32,strong
7461_RPL34_P1P2_ENSG00000109475,RPL34,strong
7462_RPL35A_P1P2_ENSG00000182899,RPL35A,strong
7463_RPL35_P1P2_ENSG00000136942,RPL35,strong
7464_RPL36AL_P1P2_ENSG00000165502,RPL36AL,weak
7465_RPL36A_P1P2_ENSG00000241343,RPL36A,strong
7466_RPL36_P1P2_ENSG00000130255,RPL36,strong
7467_RPL37A_P1P2_ENSG00000197756,RPL37A,strong
7468_RPL37_P1P2_ENSG00000145592,RPL37,strong
7469_RPL38_P1P2_ENSG00000172809,RPL38,strong
7471_RPL39_P1P2_ENSG00000198918,RPL39,strong
7472_RPL3_P1P2_ENSG00000100316,RPL3,excluded
7473_RPL41_P1P2_ENSG00000229117,RPL41,weak
7474_RPL4_P1P2_ENSG00000174444,RPL4,strong
7475_RPL5_P1P2_ENSG00000122406,RPL5,strong
7476_RPL6_P1P2_ENSG00000089009,RPL6,strong
7477_RPL7A_P1P2_ENSG00000148303,RPL7A,excluded
7478_RPL7L1_P1P2_ENSG00000146223,RPL7L1,strong
7479_RPL7_P1P2_ENSG00000147604,RPL7,strong
7480_RPL8_P1P2_ENSG00000161016,RPL8,strong
7481_RPL9_P1P2_ENSG00000163682,RPL9,strong
7482_RPLP0_P1P2_ENSG00000089157,RPLP0,strong
7483_RPLP1_P1P2_ENSG00000137818,RPLP1,strong
7484_RPLP2_P1P2_ENSG00000177600,RPLP2,strong
7485_RPN1_P1P2_ENSG00000163902,RPN1,intermediate
7486_RPN2_P1P2_ENSG00000118705,RPN2,weak
7487_RPP14_P1P2_ENSG00000163684,RPP14,strong
7488_RPP21_P1P2_ENSG00000241370,RPP21,weak
7491_RPP30_P1P2_ENSG00000148688,RPP30,strong
7492_RPP38_P1P2_ENSG00000152464,RPP38,strong
7493_RPP40_P1P2_ENSG00000124787,RPP40,strong
7497_RPS10-NUDT3_P1P2_ENSG00000270800,RPS10-NUDT3,strong
7498_RPS10_P1P2_ENSG00000124614,RPS10,strong
7499_RPS11_P1P2_ENSG00000142534,RPS11,strong
7500_RPS12_P1P2_ENSG00000112306,RPS12,strong
7501_RPS13_P1P2_ENSG00000110700,RPS13,strong
7502_RPS14_P1P2_ENSG00000164587,RPS14,strong
7503_RPS15A_P1P2_ENSG00000134419,RPS15A,strong
7504_RPS15_P1P2_ENSG00000115268,RPS15,strong
7505_RPS16_P1P2_ENSG00000105193,RPS16,strong
7506_RPS17_ENST00000330339.7_ENSG00000182774,RPS17,strong
7507_RPS18_P1P2_ENSG00000231500,RPS18,strong
7508_RPS19BP1_P1P2_ENSG00000187051,RPS19BP1,strong
7509_RPS19_P1P2_ENSG00000105372,RPS19,strong
7510_RPS20_P1P2_ENSG00000008988,RPS20,strong
7511_RPS21_P1P2_ENSG00000171858,RPS21,strong
7512_RPS23_P1P2_ENSG00000186468,RPS23,strong
7513_RPS24_P1P2_ENSG00000138326,RPS24,strong
7514_RPS25_P1P2_ENSG00000118181,RPS25,intermediate
7515_RPS26_P1P2_ENSG00000197728,RPS26,strong
7516_RPS27A_P1P2_ENSG00000143947,RPS27A,strong
7518_RPS27_P1P2_ENSG00000177954,RPS27,strong
7519_RPS28_P1P2_ENSG00000233927,RPS28,strong
7520_RPS29_P2_ENSG00000213741,RPS29,excluded
7521_RPS29_P1_ENSG00000213741,RPS29,strong
7522_RPS2_P1P2_ENSG00000140988,RPS2,strong
7523_RPS3A_P1P2_ENSG00000145425,RPS3A,strong
7524_RPS3_P2_ENSG00000149273,RPS3,excluded
7525_RPS3_P1_ENSG00000149273,RPS3,strong
7526_RPS4X_P1P2_ENSG00000198034,RPS4X,strong
7527_RPS5_P1P2_ENSG00000083845,RPS5,strong
7536_RPS6_P1P2_ENSG00000137154,RPS6,strong
7537_RPS7_P1P2_ENSG00000171863,RPS7,strong
7538_RPS8_P1P2_ENSG00000142937,RPS8,excluded
7539_RPS9_P1P2_ENSG00000170889,RPS9,strong
7540_RPSA_P1P2_ENSG00000168028,RPSA,strong
7541_RPTOR_P1P2_ENSG00000141564,RPTOR,strong
7545_RPUSD3_P1P2_ENSG00000156990,RPUSD3,intermediate
7546_RPUSD4_P1P2_ENSG00000165526,RPUSD4,strong
7556_RRM1_P1P2_ENSG00000167325,RRM1,strong
7558_RRM2_P1P2_ENSG00000171848,RRM2,excluded
7559_RRN3_P1P2_ENSG00000085721,RRN3,strong
7561_RRP12_P1P2_ENSG00000052749,RRP12,strong
7562_RRP15_P1P2_ENSG00000067533,RRP15,intermediate
7564_RRP1_P1P2_ENSG00000160214,RRP1,strong
7566_RRP7A_P1P2_ENSG00000189306,RRP7A,strong
7568_RRP9_P1P2_ENSG00000114767,RRP9,strong
7569_RRS1_P1P2_ENSG00000179041,RRS1,strong
7575_RSL1D1_P2_ENSG00000171490,RSL1D1,excluded
7576_RSL1D1_P1_ENSG00000171490,RSL1D1,strong
7577_RSL24D1_P1P2_ENSG00000137876,RSL24D1,strong
7580_RSRC2_P1P2_ENSG00000111011,RSRC2,intermediate
7583_RTCB_P1P2_ENSG00000100220,RTCB,strong
7584_RTEL1_P1P2_ENSG00000258366,RTEL1,intermediate
7585_RTF1_P1P2_ENSG00000137815,RTF1,strong
758_BANF1_P1P2_ENSG00000175334,BANF1,weak
7593_RTTN_P1P2_ENSG00000176225,RTTN,excluded
759_BANP_P1P2_ENSG00000172530,BANP,strong
7607_RUVBL1_P1P2_ENSG00000175792,RUVBL1,strong
7608_RUVBL2_P1P2_ENSG00000183207,RUVBL2,excluded
760_BAP1_P1P2_ENSG00000163930,BAP1,strong
761_BARD1_P1P2_ENSG00000138376,BARD1,weak
7631_SACM1L_P1P2_ENSG00000211456,SACM1L,intermediate
7634_SAE1_P1P2_ENSG00000142230,SAE1,strong
7645_SAMM50_P1P2_ENSG00000100347,SAMM50,strong
7647_SAP130_P1P2_ENSG00000136715,SAP130,strong
7648_SAP18_P1P2_ENSG00000150459,SAP18,strong
7649_SAP30BP_P1P2_ENSG00000161526,SAP30BP,intermediate
7655_SARNP_P1P2_ENSG00000205323,SARNP,weak
7656_SARS2_P1P2_ENSG00000104835,SARS2,strong
7657_SARS_P1P2_ENSG00000031698,SARS,strong
7658_SART1_P1P2_ENSG00000175467,SART1,strong
7659_SART3_P1P2_ENSG00000075856,SART3,strong
7660_SASS6_P1P2_ENSG00000156876,SASS6,weak
7668_SBDS_P1P2_ENSG00000126524,SBDS,weak
7670_SBNO1_P1P2_ENSG00000139697,SBNO1,strong
7675_SCAF1_P1P2_ENSG00000126461,SCAF1,strong
7686_SCAP_P1P2_ENSG00000114650,SCAP,intermediate
7690_SCD_P1P2_ENSG00000099194,SCD,excluded
7691_SCFD1_P1P2_ENSG00000092108,SCFD1,strong
7701_SCNM1_P1P2_ENSG00000163156,SCNM1,weak
7713_SDAD1_P1P2_ENSG00000198301,SDAD1,strong
7714_SDC1_P1P2_ENSG00000115884,SDC1,strong
7719_SDE2_P1P2_ENSG00000143751,SDE2,strong
7724_SDHAF2_P1P2_ENSG00000167985,SDHAF2,intermediate
7725_SDHA_P1P2_ENSG00000073578,SDHA,intermediate
7727_SDHC_P1P2_ENSG00000143252,SDHC,strong
7728_SDHD_P1P2_ENSG00000204370,SDHD,weak
7734_SEC13_P1P2_ENSG00000157020,SEC13,strong
7737_SEC16A_P1P2_ENSG00000148396,SEC16A,weak
7750_SEC61A1_P2_ENSG00000058262,SEC61A1,excluded
7751_SEC61A1_P1_ENSG00000058262,SEC61A1,strong
7752_SEC61B_P1P2_ENSG00000106803,SEC61B,intermediate
7753_SEC61G_P1P2_ENSG00000132432,SEC61G,strong
7754_SEC62_P1P2_ENSG00000008952,SEC62,excluded
7755_SEC63_P1P2_ENSG00000025796,SEC63,intermediate
7758_SEH1L_P1P2_ENSG00000085415,SEH1L,strong
7775_SENP6_P1P2_ENSG00000112701,SENP6,intermediate
7779_SEPHS2_P1P2_ENSG00000179918,SEPHS2,weak
7781_SEPSECS_P1P2_ENSG00000109618,SEPSECS,weak
7793_SERBP1_P1P2_ENSG00000142864,SERBP1,strong
7814_SETD1A_P1P2_ENSG00000099381,SETD1A,strong
7816_SETD2_P1P2_ENSG00000181555,SETD2,intermediate
7823_SETDB1_P1P2_ENSG00000143379,SETDB1,strong
7827_SET_P1P2_ENSG00000119335,SET,excluded
7829_SF1_P1P2_ENSG00000168066,SF1,strong
7830_SF3A1_P1_ENSG00000099995,SF3A1,strong
7831_SF3A1_P2_ENSG00000099995,SF3A1,weak
7832_SF3A2_P2_ENSG00000104897,SF3A2,excluded
7833_SF3A2_P1_ENSG00000104897,SF3A2,strong
7834_SF3A3_P1P2_ENSG00000183431,SF3A3,intermediate
7835_SF3B1_P1P2_ENSG00000115524,SF3B1,excluded
7836_SF3B2_P1P2_ENSG00000087365,SF3B2,strong
7837_SF3B3_P1P2_ENSG00000189091,SF3B3,strong
7838_SF3B4_P1P2_ENSG00000143368,SF3B4,strong
7839_SF3B5_P1P2_ENSG00000169976,SF3B5,strong
7842_SFPQ_P1P2_ENSG00000116560,SFPQ,strong
7843_SFSWAP_P1P2_ENSG00000061936,SFSWAP,strong
784_BCAR1_P2_ENSG00000050820,BCAR1,excluded
785_BCAR1_P1_ENSG00000050820,BCAR1,weak
7861_SGPP1_P1P2_ENSG00000126821,SGPP1,weak
786_BCAS2_P1P2_ENSG00000116752,BCAS2,strong
7893_SEM1_P1P2_ENSG00000127922,SEM1,strong
7903_SHQ1_P1P2_ENSG00000144736,SHQ1,weak
7909_SIGLEC14_P1P2_ENSG00000254415,SIGLEC14,intermediate
7917_SIN3A_P2_ENSG00000169375,SIN3A,excluded
7918_SIN3A_P1_ENSG00000169375,SIN3A,strong
7937_SKA1_P1P2_ENSG00000154839,SKA1,weak
7939_SKA3_P1P2_ENSG00000165480,SKA3,strong
7947_SKP1_P1P2_ENSG00000113558,SKP1,strong
7948_SKP2_P1P2_ENSG00000145604,SKP2,intermediate
7950_SLBP_P1P2_ENSG00000163950,SLBP,strong
7968_SLC16A5_P1P2_ENSG00000170190,SLC16A5,intermediate
7975_SLC1A5_P2_ENSG00000105281,SLC1A5,weak
7976_SLC1A5_P1_ENSG00000105281,SLC1A5,weak
7980_SLC25A10_P1P2_ENSG00000183048,SLC25A10,excluded
7996_SLC25A26_ENST00000354883.6_ENSG00000144741,SLC25A26,excluded
8006_SLC25A3_P1P2_ENSG00000075415,SLC25A3,intermediate
801_BCL2L1_P1_ENSG00000171552,BCL2L1,weak
802_BCL2L1_P2_ENSG00000171552,BCL2L1,excluded
8041_SLC35B1_P1P2_ENSG00000121073,SLC35B1,intermediate
8058_SLC35G6_ENST00000412468.2_ENSG00000259224,SLC35G6,weak
8069_SLC39A10_P1P2_ENSG00000196950,SLC39A10,intermediate
8078_SLC39A7_P1P2_ENSG00000112473,SLC39A7,intermediate
8080_SLC39A9_P1P2_ENSG00000029364,SLC39A9,strong
8096_SLC4A5_P1_ENSG00000188687,SLC4A5,intermediate
8097_SLC4A5_P2_ENSG00000188687,SLC4A5,weak
809_BCLAF1_P1P2_ENSG00000029363,BCLAF1,weak
8108_SLC7A5_P1P2_ENSG00000103257,SLC7A5,strong
8109_SLC7A6OS_P1P2_ENSG00000103061,SLC7A6OS,strong
8118_SLC9B1_P1P2_ENSG00000164037,SLC9B1,weak
8124_PRELID3B_P1P2_ENSG00000101166,PRELID3B,strong
8126_SLU7_P1P2_ENSG00000164609,SLU7,strong
812_BCR_P1P2_ENSG00000186716,BCR,excluded
8136_SMAGP_P1P2_ENSG00000170545,SMAGP,intermediate
813_BCS1L_P1P2_ENSG00000074582,BCS1L,weak
8146_SMARCB1_P1_ENSG00000099956,SMARCB1,strong
8147_SMARCB1_P2_ENSG00000099956,SMARCB1,excluded
8154_SMARCE1_P1P2_ENSG00000073584,SMARCE1,intermediate
8155_SMC1A_P1P2_ENSG00000072501,SMC1A,strong
8156_SMC2_P1P2_ENSG00000136824,SMC2,strong
8157_SMC3_P1P2_ENSG00000108055,SMC3,strong
8158_SMC4_P1_ENSG00000113810,SMC4,strong
8159_SMC4_P2_ENSG00000113810,SMC4,excluded
815_BDP1_P1P2_ENSG00000145734,BDP1,strong
8160_SMC5_P1P2_ENSG00000198887,SMC5,weak
8161_SMC6_P1P2_ENSG00000163029,SMC6,intermediate
8165_SMG1_P1P2_ENSG00000157106,SMG1,weak
8166_SMG5_P1P2_ENSG00000198952,SMG5,strong
8167_SMG6_P1P2_ENSG00000070366,SMG6,weak
8184_SMN2_ENST00000380743.4_ENSG00000205571,SMN2,strong
8185_SMNDC1_P1P2_ENSG00000119953,SMNDC1,excluded
8190_SMU1_P1P2_ENSG00000122692,SMU1,strong
8191_SMUG1_P1P2_ENSG00000123415,SMUG1,intermediate
81_ACD_P1P2_ENSG00000102977,ACD,weak
8205_SNAPC1_P1P2_ENSG00000023608,SNAPC1,strong
8206_SNAPC2_P1P2_ENSG00000104976,SNAPC2,strong
8207_SNAPC3_P1P2_ENSG00000164975,SNAPC3,strong
8208_SNAPC4_P1P2_ENSG00000165684,SNAPC4,excluded
8209_SNAPC5_P1P2_ENSG00000174446,SNAPC5,strong
8213_SNF8_P1P2_ENSG00000159210,SNF8,intermediate
8214_SNIP1_P1P2_ENSG00000163877,SNIP1,strong
8216_SNRNP200_P1P2_ENSG00000144028,SNRNP200,strong
8217_SNRNP25_P1P2_ENSG00000161981,SNRNP25,strong
8218_SNRNP27_P1P2_ENSG00000124380,SNRNP27,strong
8219_SNRNP35_P1P2_ENSG00000184209,SNRNP35,strong
821_BET1_P1P2_ENSG00000105829,BET1,intermediate
8220_SNRNP40_P1P2_ENSG00000060688,SNRNP40,intermediate
8221_SNRNP48_P1P2_ENSG00000168566,SNRNP48,strong
8222_SNRNP70_P1P2_ENSG00000104852,SNRNP70,strong
8223_SNRPA1_P1P2_ENSG00000131876,SNRPA1,strong
8226_SNRPB_P1P2_ENSG00000125835,SNRPB,strong
8227_SNRPC_P1P2_ENSG00000124562,SNRPC,strong
8228_SNRPD1_P1P2_ENSG00000167088,SNRPD1,strong
8229_SNRPD2_P1P2_ENSG00000125743,SNRPD2,excluded
8230_SNRPD3_P1P2_ENSG00000100028,SNRPD3,strong
8231_SNRPE_P1P2_ENSG00000182004,SNRPE,strong
8232_SNRPF_P1P2_ENSG00000139343,SNRPF,strong
8233_SNRPG_P1P2_ENSG00000143977,SNRPG,strong
8236_SNUPN_P1P2_ENSG00000169371,SNUPN,weak
8237_SNW1_P2_ENSG00000100603,SNW1,excluded
8238_SNW1_P1_ENSG00000100603,SNW1,strong
8244_SNX15_P1_ENSG00000110025,SNX15,excluded
8245_SNX15_P2_ENSG00000110025,SNX15,weak
825_BGLAP_P1P2_ENSG00000242252,BGLAP,strong
8266_SOD1_P1P2_ENSG00000142168,SOD1,intermediate
8267_SOD2_P1P2_ENSG00000112096,SOD2,weak
8271_SON_P1_ENSG00000159140,SON,strong
8272_SON_P2_ENSG00000159140,SON,excluded
8307_SP2_P1P2_ENSG00000167182,SP2,intermediate
8325_SPATA5L1_P1P2_ENSG00000171763,SPATA5L1,intermediate
8326_SPATA5_P1P2_ENSG00000145375,SPATA5,weak
8331_SPC24_P1P2_ENSG00000161888,SPC24,strong
8332_SPC25_P1P2_ENSG00000152253,SPC25,strong
8334_SPCS2_P1P2_ENSG00000118363,SPCS2,intermediate
8335_SPCS3_P1_ENSG00000129128,SPCS3,strong
8336_SPCS3_P2_ENSG00000129128,SPCS3,weak
8338_SPDL1_P1P2_ENSG00000040275,SPDL1,weak
"8340_SPDYE2_ENST00000432940.1,ENST00000507918.1_ENSG00000205238",SPDYE2,weak
8341_SPDYE2_ENST00000341656.4_ENSG00000205238,SPDYE2,weak
8372_SPRTN_P1P2_ENSG00000010072,SPRTN,weak
837_BIRC5_P1P2_ENSG00000089685,BIRC5,weak
8387_SPTLC1_P1P2_ENSG00000090054,SPTLC1,intermediate
8389_SPTSSA_P1P2_ENSG00000165389,SPTSSA,weak
8396_SRBD1_P1P2_ENSG00000068784,SRBD1,strong
8397_SRCAP_P1P2_ENSG00000080603,SRCAP,excluded
83_ACIN1_P2_ENSG00000100813,ACIN1,intermediate
8405_SRFBP1_P1P2_ENSG00000151304,SRFBP1,strong
8406_SRF_P1P2_ENSG00000112658,SRF,intermediate
8413_SRP14_P1P2_ENSG00000140319,SRP14,intermediate
8414_SRP19_P1P2_ENSG00000153037,SRP19,intermediate
8415_SRP54_P1P2_ENSG00000100883,SRP54,strong
8416_SRP68_P1P2_ENSG00000167881,SRP68,strong
8417_SRP72_P1P2_ENSG00000174780,SRP72,strong
8418_SRP9_P1P2_ENSG00000143742,SRP9,intermediate
8422_SRPRB_P1P2_ENSG00000144867,SRPRB,strong
8424_SRRM1_P1P2_ENSG00000133226,SRRM1,strong
8425_SRRM2_P1P2_ENSG00000167978,SRRM2,strong
8426_SRRT_P1P2_ENSG00000087087,SRRT,strong
8428_SRSF10_P1P2_ENSG00000188529,SRSF10,strong
8429_SRSF11_P1_ENSG00000116754,SRSF11,excluded
8430_SRSF11_P2_ENSG00000116754,SRSF11,strong
8431_SRSF1_P1P2_ENSG00000136450,SRSF1,strong
8432_SRSF2_P1P2_ENSG00000161547,SRSF2,strong
8433_SRSF3_P1P2_ENSG00000112081,SRSF3,strong
8436_SRSF6_P1_ENSG00000124193,SRSF6,intermediate
8437_SRSF6_P2_ENSG00000124193,SRSF6,excluded
8438_SRSF7_P1P2_ENSG00000115875,SRSF7,strong
8444_SS18L2_P1P2_ENSG00000008324,SS18L2,strong
8446_SSBP1_P1P2_ENSG00000106028,SSBP1,strong
8448_SSBP3_P1P2_ENSG00000157216,SSBP3,excluded
8458_SSRP1_P1P2_ENSG00000149136,SSRP1,strong
8460_SSU72_P1P2_ENSG00000160075,SSU72,strong
8464_SSX4_ENST00000376886.2_ENSG00000268009,SSX4,weak
8491_STARD7_P1P2_ENSG00000084090,STARD7,strong
8498_STAT5A_P1P2_ENSG00000126561,STAT5A,intermediate
84_ACIN1_P1_ENSG00000100813,ACIN1,weak
8506_STIL_P1P2_ENSG00000123473,STIL,intermediate
8538_STRAP_P1P2_ENSG00000023734,STRAP,strong
8540_STRIP1_P1P2_ENSG00000143093,STRIP1,intermediate
8552_STX18_P1P2_ENSG00000168818,STX18,intermediate
8557_STX5_P1P2_ENSG00000162236,STX5,weak
8576_SUGP1_P1P2_ENSG00000105705,SUGP1,strong
8578_SUGT1_P1P2_ENSG00000165416,SUGT1,strong
8588_SUMO2_P1P2_ENSG00000188612,SUMO2,intermediate
8594_SUPT16H_P1P2_ENSG00000092201,SUPT16H,strong
8597_SUPT4H1_P1P2_ENSG00000213246,SUPT4H1,strong
8598_SUPT5H_P1P2_ENSG00000196235,SUPT5H,strong
8599_SUPT6H_P1P2_ENSG00000109111,SUPT6H,strong
859_BMS1_P1P2_ENSG00000165733,BMS1,strong
8601_SUPV3L1_P1P2_ENSG00000156502,SUPV3L1,strong
8605_SURF6_P1P2_ENSG00000148296,SURF6,strong
8618_SYF2_P1P2_ENSG00000117614,SYF2,strong
8621_SYMPK_P1P2_ENSG00000125755,SYMPK,strong
862_BNIP1_P1P2_ENSG00000113734,BNIP1,strong
8633_SYS1_P1P2_ENSG00000204070,SYS1,weak
8644_TACC3_P2_ENSG00000013810,TACC3,weak
8645_TACC3_P1_ENSG00000013810,TACC3,intermediate
8648_TADA2A_P1P2_ENSG00000276234,TADA2A,intermediate
8650_TADA3_P1P2_ENSG00000171148,TADA3,strong
8651_TAF10_P1P2_ENSG00000166337,TAF10,strong
8653_TAF12_P1P2_ENSG00000120656,TAF12,strong
8657_TAF1B_P1P2_ENSG00000115750,TAF1B,intermediate
8658_TAF1C_P1P2_ENSG00000103168,TAF1C,strong
8659_TAF1D_P2_ENSG00000166012,TAF1D,excluded
8660_TAF1D_P1_ENSG00000166012,TAF1D,strong
8661_TAF1_P1P2_ENSG00000147133,TAF1,strong
8662_TAF2_P1P2_ENSG00000064313,TAF2,strong
8666_TAF5_P1P2_ENSG00000148835,TAF5,strong
8668_TAF6_P1P2_ENSG00000106290,TAF6,strong
8669_TAF7_P1P2_ENSG00000178913,TAF7,strong
8670_TAF8_P1P2_ENSG00000137413,TAF8,strong
8678_TAMM41_P1P2_ENSG00000144559,TAMM41,intermediate
8680_TANGO6_P1P2_ENSG00000103047,TANGO6,strong
8692_TARDBP_P1P2_ENSG00000120948,TARDBP,intermediate
8693_TARS2_P1P2_ENSG00000143374,TARS2,intermediate
8695_TARS_P1P2_ENSG00000113407,TARS,strong
8716_TBC1D28_ENST00000405044.1_ENSG00000189375,TBC1D28,excluded
8717_TBC1D28_ENST00000345096.4_ENSG00000189375,TBC1D28,weak
8719_TBC1D3_ENST00000537432.1_ENSG00000274611,TBC1D3,weak
8724_TBCA_P1P2_ENSG00000171530,TBCA,weak
8725_TBCB_P1P2_ENSG00000105254,TBCB,strong
8728_TBCC_P1P2_ENSG00000124659,TBCC,weak
8729_TBCD_P1P2_ENSG00000141556,TBCD,weak
8730_TBCE_P1P2_ENSG00000285053,TBCE,excluded
8738_TBL3_P1P2_ENSG00000183751,TBL3,strong
8741_TBP_P1P2_ENSG00000112592,TBP,strong
874_BOP1_P1_ENSG00000261236,BOP1,strong
875_BOP1_P2_ENSG00000261236,BOP1,excluded
876_BORA_P1P2_ENSG00000136122,BORA,intermediate
8772_TCERG1_P1P2_ENSG00000113649,TCERG1,strong
8791_TCOF1_P1P2_ENSG00000070814,TCOF1,strong
8793_TCP1_P1P2_ENSG00000120438,TCP1,strong
8798_TDGF1_P1P2_ENSG00000241186,TDGF1,weak
8806_TEAD3_P1P2_ENSG00000007866,TEAD3,weak
880_BPTF_P1P2_ENSG00000171634,BPTF,weak
8811_TEFM_P1P2_ENSG00000172171,TEFM,strong
8816_TELO2_P1P2_ENSG00000100726,TELO2,strong
8817_TEN1_P1P2_ENSG00000257949,TEN1,weak
8818_TERF1_P1P2_ENSG00000147601,TERF1,weak
8820_TERF2_P1P2_ENSG00000132604,TERF2,strong
8826_TEX10_P1P2_ENSG00000136891,TEX10,strong
8832_TFAM_P1P2_ENSG00000108064,TFAM,intermediate
8841_TFB2M_P1P2_ENSG00000162851,TFB2M,intermediate
8844_TFDP1_P1P2_ENSG00000198176,TFDP1,strong
884_BRCA1_P1P2_ENSG00000012048,BRCA1,intermediate
8853_TFIP11_P1P2_ENSG00000100109,TFIP11,strong
8857_TFRC_P1P2_ENSG00000072274,TFRC,weak
885_BRCA2_P1P2_ENSG00000139618,BRCA2,intermediate
8869_TGS1_P1P2_ENSG00000137574,TGS1,intermediate
8872_THAP11_P1P2_ENSG00000168286,THAP11,strong
8873_THAP1_P1P2_ENSG00000131931,THAP1,strong
8886_THG1L_P1P2_ENSG00000113272,THG1L,strong
8887_THOC1_P1P2_ENSG00000079134,THOC1,strong
8888_THOC2_P1P2_ENSG00000125676,THOC2,strong
8889_THOC3_P1P2_ENSG00000051596,THOC3,strong
8890_THOC5_P1P2_ENSG00000100296,THOC5,strong
8891_THOC6_P1P2_ENSG00000131652,THOC6,strong
8892_THOC7_P1P2_ENSG00000163634,THOC7,strong
88_ACOT12_P1P2_ENSG00000172497,ACOT12,weak
8904_TICRR_P1P2_ENSG00000140534,TICRR,strong
8906_TIGD1_P1P2_ENSG00000221944,TIGD1,weak
8913_TIMELESS_P1P2_ENSG00000111602,TIMELESS,intermediate
8915_TIMM10_P1P2_ENSG00000134809,TIMM10,weak
8916_TIMM13_P1P2_ENSG00000099800,TIMM13,strong
"891_BRD4_ENST00000263377.2,ENST00000371835.4_ENSG00000141867",BRD4,intermediate
8920_TIMM22_P1P2_ENSG00000177370,TIMM22,intermediate
8921_TIMM23B_P1P2_ENSG00000204152,TIMM23B,strong
8923_TIMM44_P1P2_ENSG00000104980,TIMM44,strong
8925_TIMM8A_P1P2_ENSG00000126953,TIMM8A,intermediate
8927_TIMM9_P1P2_ENSG00000100575,TIMM9,strong
8931_TINF2_P1P2_ENSG00000092330,TINF2,intermediate
8933_TIPIN_P1P2_ENSG00000075131,TIPIN,intermediate
893_BRD8_P1P2_ENSG00000112983,BRD8,strong
8941_TKT_P2_ENSG00000163931,TKT,excluded
8942_TKT_P1_ENSG00000163931,TKT,weak
8943_TLCD1_P1P2_ENSG00000160606,TLCD1,weak
8948_TLN1_P1P2_ENSG00000137076,TLN1,weak
8956_TM7SF2_P1P2_ENSG00000149809,TM7SF2,weak
8963_TMA16_P1P2_ENSG00000198498,TMA16,strong
896_BRF1_P1P2_ENSG00000185024,BRF1,intermediate
8974_TMED2_P1P2_ENSG00000086598,TMED2,intermediate
897_BRF2_P1P2_ENSG00000104221,BRF2,weak
8994_TMEM127_P1P2_ENSG00000135956,TMEM127,weak
8_AAMP_P1P2_ENSG00000127837,AAMP,strong
900_BRIP1_P1P2_ENSG00000136492,BRIP1,weak
901_BRIX1_P1P2_ENSG00000113460,BRIX1,strong
902_BRK1_P1P2_ENSG00000254999,BRK1,weak
9033_TMEM199_P1P2_ENSG00000244045,TMEM199,weak
9053_TMEM240_P1P2_ENSG00000205090,TMEM240,excluded
9063_TMEM258_P1P2_ENSG00000134825,TMEM258,intermediate
9110_TMSB10_P1P2_ENSG00000034510,TMSB10,strong
9117_TMX2_P1P2_ENSG00000213593,TMX2,strong
9147_TNNT2_P1P2_ENSG00000118194,TNNT2,weak
9151_TNPO3_P1P2_ENSG00000064419,TNPO3,strong
9159_TOE1_P1P2_ENSG00000132773,TOE1,intermediate
9163_TOMM20_P1P2_ENSG00000173726,TOMM20,intermediate
9164_TOMM22_P1P2_ENSG00000100216,TOMM22,strong
9167_TOMM40_P1P2_ENSG00000130204,TOMM40,strong
9172_TONSL_P1P2_ENSG00000160949,TONSL,intermediate
9174_TOP1_P1P2_ENSG00000198900,TOP1,strong
9175_TOP2A_P1P2_ENSG00000131747,TOP2A,weak
9177_TOP3A_P1P2_ENSG00000177302,TOP3A,weak
9179_TOPBP1_P1P2_ENSG00000163781,TOPBP1,intermediate
9185_TOR2A_P1P2_ENSG00000160404,TOR2A,weak
9194_TP53RK_P1P2_ENSG00000172315,TP53RK,weak
9202_TPI1_P1P2_ENSG00000111669,TPI1,intermediate
9212_TPRKB_P1P2_ENSG00000144034,TPRKB,intermediate
9215_TPR_P1P2_ENSG00000047410,TPR,strong
9218_TPT1_P1P2_ENSG00000133112,TPT1,intermediate
9219_TPX2_P1P2_ENSG00000088325,TPX2,strong
9222_TRA2B_P1P2_ENSG00000136527,TRA2B,strong
9236_TRAIP_P1P2_ENSG00000183763,TRAIP,weak
923_BTF3L4_P1P2_ENSG00000134717,BTF3L4,weak
9242_TRAPPC11_P1P2_ENSG00000168538,TRAPPC11,intermediate
9245_TRAPPC1_P1P2_ENSG00000170043,TRAPPC1,weak
9248_TRAPPC3_P1P2_ENSG00000054116,TRAPPC3,weak
9249_TRAPPC4_P1P2_ENSG00000196655,TRAPPC4,weak
924_BTF3_P1P2_ENSG00000145741,BTF3,strong
9250_TRAPPC5_P1P2_ENSG00000181029,TRAPPC5,intermediate
9253_TRAPPC8_P1P2_ENSG00000153339,TRAPPC8,weak
9255_TREML2_P1P2_ENSG00000112195,TREML2,weak
9257_TREX2_P1P2_ENSG00000183479,TREX2,strong
9258_TRIAP1_P1P2_ENSG00000170855,TRIAP1,intermediate
"9279_TRIM49C_ENST00000432771.1,ENST00000448984.1_ENSG00000204449",TRIM49C,weak
9302_TRMT10C_P1P2_ENSG00000174173,TRMT10C,strong
9303_TRMT112_P1P2_ENSG00000173113,TRMT112,strong
9312_TRMT5_P1P2_ENSG00000126814,TRMT5,strong
9315_TRMT6_P1P2_ENSG00000089195,TRMT6,intermediate
9318_TRNP1_P1P2_ENSG00000253368,TRNP1,excluded
9319_TRNT1_P1P2_ENSG00000072756,TRNT1,intermediate
9324_TRPM7_P1P2_ENSG00000092439,TRPM7,strong
9328_TRRAP_P1P2_ENSG00000196367,TRRAP,strong
9337_TSEN2_P1P2_ENSG00000154743,TSEN2,strong
9338_TSEN34_P1P2_ENSG00000170892,TSEN34,weak
9339_TSEN54_P1P2_ENSG00000182173,TSEN54,weak
9340_TSFM_P1P2_ENSG00000123297,TSFM,intermediate
9341_TSG101_P1P2_ENSG00000074319,TSG101,strong
934_BUB1B_P1P2_ENSG00000156970,BUB1B,intermediate
935_BUB1_P1P2_ENSG00000169679,BUB1,intermediate
9362_TSPYL5_P1P2_ENSG00000180543,TSPYL5,weak
9364_TSR1_P1_ENSG00000167721,TSR1,strong
9365_TSR1_P2_ENSG00000167721,TSR1,weak
9366_TSR2_P1P2_ENSG00000158526,TSR2,strong
936_BUB3_P1P2_ENSG00000154473,BUB3,strong
9370_TSSK3_P1P2_ENSG00000162526,TSSK3,excluded
937_BUD13_P1P2_ENSG00000137656,BUD13,strong
9380_TTC1_P1P2_ENSG00000113312,TTC1,intermediate
9383_TTC27_P1P2_ENSG00000018699,TTC27,strong
938_BUD31_P1P2_ENSG00000106245,BUD31,strong
9390_TTC4_P1P2_ENSG00000243725,TTC4,intermediate
9397_TTF2_P1P2_ENSG00000116830,TTF2,weak
9398_TTI1_P1P2_ENSG00000101407,TTI1,strong
9399_TTI2_P1P2_ENSG00000129696,TTI2,excluded
939_BYSL_P1P2_ENSG00000112578,BYSL,strong
9400_TTK_P1P2_ENSG00000112742,TTK,strong
9408_TUBA1B_P1P2_ENSG00000123416,TUBA1B,intermediate
9409_TUBA1C_P1P2_ENSG00000167553,TUBA1C,weak
9410_TUBA3D_ENST00000321253.6_ENSG00000075886,TUBA3D,weak
9420_TUBB_P1_ENSG00000196230,TUBB,intermediate
9421_TUBB_P2_ENSG00000196230,TUBB,intermediate
9422_TUBD1_P1P2_ENSG00000108423,TUBD1,weak
9423_TUBE1_P1P2_ENSG00000074935,TUBE1,weak
9424_TUBG1_P1P2_ENSG00000131462,TUBG1,excluded
9425_TUBGCP2_P1P2_ENSG00000130640,TUBGCP2,strong
9426_TUBGCP3_P1P2_ENSG00000126216,TUBGCP3,weak
9427_TUBGCP4_P1P2_ENSG00000137822,TUBGCP4,weak
9428_TUBGCP5_P1P2_ENSG00000275835,TUBGCP5,weak
9429_TUBGCP6_P1P2_ENSG00000128159,TUBGCP6,weak
9431_TULP1_P1P2_ENSG00000112041,TULP1,weak
9435_TUT1_P1_ENSG00000149016,TUT1,strong
9436_TUT1_P2_ENSG00000149016,TUT1,excluded
9438_TVP23C_P1P2_ENSG00000175106,TVP23C,weak
9439_TWF1_P1P2_ENSG00000151239,TWF1,weak
9443_TWISTNB_P1P2_ENSG00000105849,TWISTNB,strong
9457_TXNL4A_P1P2_ENSG00000141759,TXNL4A,strong
9458_TXNL4B_P1P2_ENSG00000140830,TXNL4B,weak
9461_TXN_P1P2_ENSG00000136810,TXN,strong
9473_U2AF1_P1P2_ENSG00000160201,U2AF1,strong
9474_U2AF2_P1P2_ENSG00000063244,U2AF2,strong
9475_U2SURP_P1P2_ENSG00000163714,U2SURP,strong
9477_UBA1_P2_ENSG00000130985,UBA1,excluded
9478_UBA1_P1_ENSG00000130985,UBA1,strong
9479_UBA2_P1P2_ENSG00000126261,UBA2,strong
9480_UBA3_P1P2_ENSG00000144744,UBA3,strong
9481_UBA52_P2_ENSG00000221983,UBA52,weak
9482_UBA52_P1_ENSG00000221983,UBA52,strong
9483_UBA5_P1P2_ENSG00000081307,UBA5,intermediate
9489_UBAP1_P1P2_ENSG00000165006,UBAP1,strong
9493_UBC_P1P2_ENSG00000150991,UBC,weak
9498_UBE2D3_P1P2_ENSG00000109332,UBE2D3,intermediate
9505_UBE2H_P1P2_ENSG00000186591,UBE2H,weak
9506_UBE2I_P1P2_ENSG00000103275,UBE2I,strong
9510_UBE2L3_P1P2_ENSG00000185651,UBE2L3,intermediate
9512_UBE2M_P1P2_ENSG00000130725,UBE2M,weak
9513_UBE2N_P1P2_ENSG00000177889,UBE2N,intermediate
9523_UBE2Z_P1P2_ENSG00000159202,UBE2Z,weak
9534_UBL5_P1P2_ENSG00000198258,UBL5,strong
9543_UBQLN4_P1P2_ENSG00000160803,UBQLN4,strong
9547_UBR4_P1P2_ENSG00000127481,UBR4,weak
9548_UBR5_P1P2_ENSG00000104517,UBR5,intermediate
9550_UBTF_P1P2_ENSG00000108312,UBTF,excluded
9570_UFL1_P1P2_ENSG00000014123,UFL1,strong
9571_UFM1_P1P2_ENSG00000120686,UFM1,strong
9592_UNC45A_P1_ENSG00000140553,UNC45A,excluded
9593_UNC45A_P2_ENSG00000140553,UNC45A,excluded
9594_UNC50_P1P2_ENSG00000115446,UNC50,intermediate
9600_UPF1_P1P2_ENSG00000005007,UPF1,strong
9601_UPF2_P1P2_ENSG00000151461,UPF2,strong
9602_UPF3A_P1P2_ENSG00000169062,UPF3A,weak
9606_UQCC2_P1P2_ENSG00000137288,UQCC2,strong
9609_UQCRB_P1P2_ENSG00000156467,UQCRB,strong
9610_UQCRC1_P1_ENSG00000010256,UQCRC1,intermediate
9611_UQCRC1_P2_ENSG00000010256,UQCRC1,excluded
9612_UQCRC2_P1P2_ENSG00000140740,UQCRC2,strong
9613_UQCRFS1_P1P2_ENSG00000169021,UQCRFS1,strong
9615_UQCRH_P1P2_ENSG00000173660,UQCRH,weak
9616_UQCRQ_P1P2_ENSG00000164405,UQCRQ,strong
9617_URB1_P1P2_ENSG00000142207,URB1,weak
9618_URB2_P1P2_ENSG00000135763,URB2,strong
9621_URI1_P1P2_ENSG00000105176,URI1,strong
9622_URM1_P1P2_ENSG00000167118,URM1,intermediate
9623_UROD_P1P2_ENSG00000126088,UROD,weak
9628_USF2_P1P2_ENSG00000105698,USF2,weak
9631_USP10_P1P2_ENSG00000103194,USP10,weak
9638_USP19_P1P2_ENSG00000172046,USP19,weak
964_C12orf45_P1P2_ENSG00000151131,C12orf45,strong
9652_USP36_P1P2_ENSG00000055483,USP36,strong
9653_USP37_P1P2_ENSG00000135913,USP37,intermediate
9655_USP39_P2_ENSG00000168883,USP39,excluded
9656_USP39_P1_ENSG00000168883,USP39,strong
9672_USP5_P1_ENSG00000111667,USP5,strong
9673_USP5_P2_ENSG00000111667,USP5,weak
9675_USP7_P1P2_ENSG00000187555,USP7,weak
9676_USP8_P1P2_ENSG00000138592,USP8,weak
9677_USP9X_P1P2_ENSG00000124486,USP9X,weak
9678_USPL1_P1P2_ENSG00000132952,USPL1,strong
9682_UTP15_P1P2_ENSG00000164338,UTP15,strong
9683_UTP18_P1P2_ENSG00000011260,UTP18,strong
9684_UTP20_P1P2_ENSG00000120800,UTP20,strong
9685_UTP23_P1P2_ENSG00000147679,UTP23,strong
9686_UTP3_P1P2_ENSG00000132467,UTP3,strong
9687_UTP6_P1P2_ENSG00000108651,UTP6,strong
968_C12orf60_P1P2_ENSG00000182993,C12orf60,excluded
9690_UXS1_P1P2_ENSG00000115652,UXS1,intermediate
9691_UXT_P1P2_ENSG00000126756,UXT,strong
9702_VARS2_P1P2_ENSG00000137411,VARS2,intermediate
9703_VARS_P1P2_ENSG00000204394,VARS,strong
9709_VBP1_P1P2_ENSG00000155959,VBP1,weak
9712_VCP_P1P2_ENSG00000165280,VCP,excluded
9722_VEZT_P1P2_ENSG00000028203,VEZT,weak
9725_VHL_P1P2_ENSG00000134086,VHL,weak
9734_VMP1_P1P2_ENSG00000062716,VMP1,intermediate
9741_VPS13D_P1P2_ENSG00000048707,VPS13D,intermediate
9743_VPS18_P1P2_ENSG00000104142,VPS18,intermediate
9744_VPS25_P1P2_ENSG00000131475,VPS25,weak
9747_VPS28_P1P2_ENSG00000160948,VPS28,strong
9748_VPS29_P1P2_ENSG00000111237,VPS29,strong
9749_VPS33A_P1P2_ENSG00000139719,VPS33A,intermediate
9751_VPS35_P1P2_ENSG00000069329,VPS35,strong
9753_VPS37A_P1P2_ENSG00000155975,VPS37A,weak
9755_VPS37C_P1P2_ENSG00000167987,VPS37C,weak
9757_VPS41_P1_ENSG00000006715,VPS41,intermediate
9758_VPS41_P2_ENSG00000006715,VPS41,excluded
9762_VPS51_P1P2_ENSG00000149823,VPS51,weak
9765_VPS54_P1P2_ENSG00000143952,VPS54,strong
9766_VPS72_P1P2_ENSG00000163159,VPS72,strong
9783_WAC_P1P2_ENSG00000095787,WAC,strong
9785_WARS_P1P2_ENSG00000140105,WARS,weak
978_C14orf178_P1P2_ENSG00000197734,C14orf178,strong
9790_WBP11_P1_ENSG00000084463,WBP11,strong
9791_WBP11_P2_ENSG00000084463,WBP11,weak
9792_WBP1L_P1P2_ENSG00000166272,WBP1L,weak
9793_WBP1_P1P2_ENSG00000239779,WBP1,weak
9802_WDHD1_P1P2_ENSG00000198554,WDHD1,strong
9804_WDR12_P1P2_ENSG00000138442,WDR12,strong
9806_WDR18_P1P2_ENSG00000065268,WDR18,intermediate
9808_WDR1_P1P2_ENSG00000071127,WDR1,weak
9810_WDR24_P1P2_ENSG00000127580,WDR24,strong
9811_WDR25_P1P2_ENSG00000176473,WDR25,weak
9812_WDR26_P1P2_ENSG00000162923,WDR26,intermediate
9814_WDR33_P1P2_ENSG00000136709,WDR33,strong
9816_WDR36_P1P2_ENSG00000134987,WDR36,strong
9818_WDR3_P1P2_ENSG00000065183,WDR3,strong
9820_WDR43_P1P2_ENSG00000163811,WDR43,strong
9824_WDR46_P1P2_ENSG00000227057,WDR46,strong
9826_WDR4_P1P2_ENSG00000160193,WDR4,intermediate
9828_WDR54_P1P2_ENSG00000005448,WDR54,weak
9829_WDR55_P1P2_ENSG00000120314,WDR55,strong
9831_WDR5_P1P2_ENSG00000196363,WDR5,strong
9833_WDR61_P1P2_ENSG00000140395,WDR61,strong
9837_WDR70_P1P2_ENSG00000082068,WDR70,strong
9839_WDR74_P1_ENSG00000133316,WDR74,strong
9840_WDR74_P2_ENSG00000133316,WDR74,excluded
9841_WDR75_P1P2_ENSG00000115368,WDR75,strong
9843_WDR77_P1P2_ENSG00000116455,WDR77,intermediate
9844_WDR7_P1P2_ENSG00000091157,WDR7,intermediate
9847_WDR82_P1P2_ENSG00000164091,WDR82,strong
9848_WDR83OS_P1P2_ENSG00000105583,WDR83OS,weak
9853_WDR92_P1P2_ENSG00000243667,WDR92,weak
9855_WDTC1_P1P2_ENSG00000142784,WDTC1,strong
9857_WEE1_P1P2_ENSG00000166483,WEE1,intermediate
9867_WNK1_P1P2_ENSG00000060237,WNK1,intermediate
9875_GET1_P1P2_ENSG00000182093,GET1,weak
9881_WTAP_P1P2_ENSG00000146457,WTAP,intermediate
9886_XAB2_P1P2_ENSG00000076924,XAB2,strong
9896_XPO1_P1P2_ENSG00000082898,XPO1,strong
9898_XPO5_P1P2_ENSG00000124571,XPO5,intermediate
9903_XRCC1_P1P2_ENSG00000073050,XRCC1,weak
9904_XRCC2_P1P2_ENSG00000196584,XRCC2,weak
9905_XRCC3_P1P2_ENSG00000126215,XRCC3,intermediate
9907_XRCC5_P1P2_ENSG00000079246,XRCC5,strong
9909_XRCC6_P1P2_ENSG00000196419,XRCC6,strong
9910_XRN1_P1P2_ENSG00000114127,XRN1,excluded
9911_XRN2_P1P2_ENSG00000088930,XRN2,strong
9918_YARS2_P1P2_ENSG00000139131,YARS2,intermediate
9919_YARS_P1P2_ENSG00000134684,YARS,intermediate
9921_YBX1_P1P2_ENSG00000065978,YBX1,intermediate
9925_YEATS2_P1P2_ENSG00000163872,YEATS2,strong
9926_YEATS4_P1P2_ENSG00000127337,YEATS4,strong
9936_YJEFN3_P1_ENSG00000250067,YJEFN3,intermediate
9937_YJEFN3_P2_ENSG00000250067,YJEFN3,excluded
9938_YKT6_P1P2_ENSG00000106636,YKT6,intermediate
9942_YPEL1_P1P2_ENSG00000100027,YPEL1,excluded
9944_YPEL5_P1P2_ENSG00000119801,YPEL5,intermediate
9945_YRDC_P1P2_ENSG00000196449,YRDC,weak
9946_YTHDC1_P1P2_ENSG00000083896,YTHDC1,strong
9958_YY1_P1P2_ENSG00000100811,YY1,excluded
9969_ZBTB11_P1P2_ENSG00000066422,ZBTB11,intermediate
9975_ZBTB17_P1P2_ENSG00000116809,ZBTB17,strong
997_C16orf86_P1P2_ENSG00000159761,C16orf86,weak
