gene_transcript,target,ISR,UPR,Erythroid,Myeloid
0_A1BG_P1_ENSG00000121410,A1BG,-0.10206725,-0.08780462,-0.36952606,0.61789525
10000_ZBTB46_P1P2_ENSG00000130584,ZBTB46,-0.5793884,0.7443972,0.31426695,-1.0327599
10001_ZBTB47_P1P2_ENSG00000114853,ZBTB47,-0.03816661,-0.115583286,-0.27738938,-0.09989131
10002_ZBTB48_P1P2_ENSG00000204859,ZBTB48,-0.021282302,0.23178768,0.08749359,-0.47838372
10003_ZBTB49_P1P2_ENSG00000168826,ZBTB49,-0.24284296,0.06735782,0.21177392,-0.20762892
10004_ZBTB4_P2_ENSG00000174282,ZBTB4,-0.34075913,-0.19065368,-0.8004418,-0.51344043
10005_ZBTB4_P1_ENSG00000174282,ZBTB4,-0.5829792,-1.0749413,2.3564818,-1.1071042
10006_ZBTB5_P1P2_ENSG00000168795,ZBTB5,0.75427693,7.6827846,-0.26788378,-0.010136886
10007_ZBTB6_P1P2_ENSG00000186130,ZBTB6,-0.16751914,-0.24772714,0.65290123,0.014652968
10008_ZBTB7A_P1_ENSG00000178951,ZBTB7A,-0.06113463,-0.07587489,-0.29038575,-0.04660645
10009_ZBTB7A_P2_ENSG00000178951,ZBTB7A,0.27156982,-0.99132746,-0.1188209,0.22873127
1000_C16orf95_P1P2_ENSG00000260456,C16orf95,-0.35740966,-0.89192754,0.4405347,-0.586622
10010_ZBTB7B_P1P2_ENSG00000160685,ZBTB7B,-0.25681907,-1.2313755,0.55830145,-0.45535302
10011_ZBTB7C_P1_ENSG00000184828,ZBTB7C,-0.2855614,-0.3233746,-0.26659328,-0.71712786
10012_ZBTB7C_P2_ENSG00000184828,ZBTB7C,-0.1354463,-0.08512812,-0.5530601,-0.13759165
10013_ZBTB8A_P1P2_ENSG00000160062,ZBTB8A,-0.49895105,-0.24682723,-0.49440372,-0.41991416
10014_ZBTB8B_P1P2_ENSG00000273274,ZBTB8B,-0.14800614,-0.9222467,0.013251048,-0.67615825
10015_ZBTB8OS_P1P2_ENSG00000176261,ZBTB8OS,2.294376,0.18223454,-1.7813739,2.1840944
10016_ZBTB9_P1P2_ENSG00000213588,ZBTB9,-0.3546839,-0.44016004,2.1904242,-0.53772175
10017_ZC2HC1C_P1P2_ENSG00000119703,ZC2HC1C,-0.3191916,0.290609,-0.48665273,0.31564146
10018_ZC3H11A_P1P2_ENSG00000058673,ZC3H11A,-0.2576664,0.069265075,0.30992422,0.050724715
10019_ZC3H12A_P1P2_ENSG00000163874,ZC3H12A,0.2569588,1.0781063,-0.19682306,-0.39085868
1001_C17orf49_P1_ENSG00000258315,C17orf49,0.3555724,0.70563185,2.1490176,0.5905003
10020_ZC3H13_P1P2_ENSG00000123200,ZC3H13,-0.7641299,2.4802516,-0.33566386,2.2764728
10021_ZC3H14_P1P2_ENSG00000100722,ZC3H14,-0.3089951,-0.2712079,-0.18102258,-0.41827732
10022_ZC3H15_P1P2_ENSG00000065548,ZC3H15,-0.32559583,0.60494626,-0.9014759,-0.170152
10023_ZC3H18_P1P2_ENSG00000158545,ZC3H18,-0.22122253,-0.84555656,0.5770752,-0.19383538
10024_ZC3H3_P1P2_ENSG00000014164,ZC3H3,-0.37792358,1.3281926,-0.95747596,-0.60943604
10025_ZC3H4_P1_ENSG00000130749,ZC3H4,-0.031221714,-0.20714125,4.215047,1.4108984
10026_ZC3H4_P2_ENSG00000130749,ZC3H4,-0.11760526,-0.14836584,0.014865485,-0.28638893
10027_ZC3H7A_P1P2_ENSG00000122299,ZC3H7A,-0.41075078,-1.903549,1.3083189,-0.47924113
10028_ZC3H7B_P1P2_ENSG00000100403,ZC3H7B,-0.44510323,0.02734969,-0.65942043,-0.12218493
1002_C17orf49_P2_ENSG00000258315,C17orf49,-0.25407898,-0.025275385,0.3609501,1.0328463
10030_ZC3HAV1_P1P2_ENSG00000105939,ZC3HAV1,-0.18440272,-0.27616575,0.21662204,-0.76876
10031_ZC3HC1_P1P2_ENSG00000091732,ZC3HC1,-0.12005497,0.7140119,-0.28212118,-0.029697437
10032_ZCCHC10_P1P2_ENSG00000155329,ZCCHC10,-0.6184812,0.7637293,0.20494078,-0.3259657
10033_TUT4_P1P2_ENSG00000134744,TUT4,0.6884854,-0.38986588,0.022378152,1.2952765
10034_ZCCHC17_P1P2_ENSG00000121766,ZCCHC17,0.2687044,1.4715947,-0.0793144,0.6785448
10035_ZCCHC3_P1P2_ENSG00000247315,ZCCHC3,-0.45157802,-0.024021605,0.8149684,-0.63279736
10036_ZCCHC4_P1P2_ENSG00000168228,ZCCHC4,-0.4340058,-0.5728068,-0.83985925,-0.2801938
10037_TUT7_P1P2_ENSG00000083223,TUT7,-0.361312,-0.41016933,-0.29613984,-0.09884336
10038_ZCCHC7_P1P2_ENSG00000147905,ZCCHC7,0.43604338,0.00222769,0.7376995,-0.3796484
10039_ZCCHC8_P1P2_ENSG00000033030,ZCCHC8,0.82783526,0.32226977,0.07105736,0.5111885
1003_C17orf53_P1P2_ENSG00000125319,C17orf53,-0.46716705,-0.2990283,0.32090488,-0.15136951
10040_ZCCHC9_P1P2_ENSG00000131732,ZCCHC9,-0.3201464,0.96205866,0.86964345,0.32574242
10041_ZCRB1_P1P2_ENSG00000139168,ZCRB1,-0.8191028,-0.76224375,0.27811813,-2.0909748
10042_ZDHHC12_P1P2_ENSG00000160446,ZDHHC12,0.10127544,0.22842427,-0.25141716,0.010803956
10043_ZDHHC14_P1P2_ENSG00000175048,ZDHHC14,-0.39373988,-0.32217196,-0.95777637,-0.21440478
10044_ZDHHC16_P1P2_ENSG00000171307,ZDHHC16,-0.24154171,0.58146095,-0.31098577,-0.1555069
10045_ZDHHC17_P1P2_ENSG00000186908,ZDHHC17,0.6147932,-0.6424206,-0.5933062,1.1182284
10046_ZDHHC18_P1P2_ENSG00000204160,ZDHHC18,0.01765261,0.20126198,-0.39335763,-0.5116022
10047_ZDHHC19_P1P2_ENSG00000163958,ZDHHC19,-0.036425255,1.1636908,-0.6707594,-0.28040954
10048_ZDHHC20_P1P2_ENSG00000180776,ZDHHC20,-0.20886391,-0.0839113,-0.32867795,-0.31957352
10049_ZDHHC24_P1P2_ENSG00000174165,ZDHHC24,0.39131376,-0.28552067,-0.55194265,0.29590178
1004_C17orf58_P1P2_ENSG00000186665,C17orf58,0.012340687,-0.25368315,-0.26214102,-0.16199915
10050_ZDHHC3_P1P2_ENSG00000163812,ZDHHC3,0.01934495,-0.21809486,-0.4806497,-0.3066927
10051_ZDHHC4_P1P2_ENSG00000136247,ZDHHC4,-0.103216976,-0.017477468,0.4958651,0.4445384
10052_ZDHHC5_P1P2_ENSG00000156599,ZDHHC5,-0.42653942,-0.08213576,-0.35439992,-0.0069307047
10053_ZDHHC6_P1P2_ENSG00000023041,ZDHHC6,-0.37417737,0.045685563,-0.05618368,-0.36224145
10056_ZDHHC7_P1P2_ENSG00000153786,ZDHHC7,-0.74817985,0.25596404,0.4941612,3.383842
10057_ZDHHC8_P1P2_ENSG00000099904,ZDHHC8,-0.0052570896,-0.41116077,-1.4163214,1.5603712
10058_ZDHHC9_P1P2_ENSG00000188706,ZDHHC9,0.08882171,0.43931746,-0.31464416,-0.48892006
10059_ZEB1_P2_ENSG00000148516,ZEB1,0.36572188,0.62740105,-0.55565417,-0.15253304
1005_CYBC1_P1P2_ENSG00000178927,CYBC1,0.41195577,0.945762,-0.75723803,0.11080625
10060_ZEB1_P1_ENSG00000148516,ZEB1,-0.3818275,0.06413386,-0.15932605,-0.16910546
10061_ZEB2_P2_ENSG00000169554,ZEB2,-0.38375935,-0.3804007,0.65122515,-0.74714875
10063_ZER1_P1P2_ENSG00000160445,ZER1,-0.6126153,-0.08710282,0.49634776,-0.3939377
10064_ZFAND1_P1_ENSG00000104231,ZFAND1,0.5086252,0.72674614,-0.03053379,0.18257827
10065_ZFAND1_P2_ENSG00000104231,ZFAND1,-0.8214129,-0.17117101,0.817517,-1.3497137
10066_ZFAND2A_P1P2_ENSG00000178381,ZFAND2A,-0.57636386,0.41518018,0.39310008,-0.1102142
10067_ZFAND2B_P1P2_ENSG00000158552,ZFAND2B,-0.12341066,0.34684056,-0.5361561,-0.4100929
10068_ZFAND3_P1P2_ENSG00000156639,ZFAND3,-0.5231588,-0.5441541,0.6781419,-0.72405905
10069_ZFAND5_P1P2_ENSG00000107372,ZFAND5,-0.3121455,0.08075448,-0.3446862,-0.304799
1006_C17orf75_P1P2_ENSG00000108666,C17orf75,-0.39141893,0.44474956,-0.21671778,-0.43907022
10070_ZFAND6_P1P2_ENSG00000086666,ZFAND6,-0.24013087,-0.27397633,0.13346183,0.023805143
10071_ZFAT_P2_ENSG00000066827,ZFAT,0.7989944,-1.013232,-0.4944657,-0.052417763
10072_ZFAT_P1_ENSG00000066827,ZFAT,0.51867133,-0.5505104,-0.29442915,0.055624574
10073_ZFC3H1_P1P2_ENSG00000133858,ZFC3H1,-0.21952814,0.09240893,0.62163705,-1.45089
10074_ZFHX2_P1_ENSG00000136367,ZFHX2,-0.10316719,0.045421198,0.049444765,-0.22568157
10075_ZFHX2_P2_ENSG00000136367,ZFHX2,1.3628898,0.012880929,-1.0082906,-0.17762658
10076_ZFHX3_P1P2_ENSG00000140836,ZFHX3,-0.84570825,-0.150692,-0.42970297,-0.547256
10077_ZFHX4_P1P2_ENSG00000091656,ZFHX4,-0.39393666,-0.40627837,-0.4558414,-0.6122296
10078_ZFP14_P1P2_ENSG00000142065,ZFP14,-0.75123656,0.057333138,-0.4222235,0.2951781
10079_ZFP1_P1P2_ENSG00000184517,ZFP1,-0.22432822,0.19651969,-0.6420279,-0.17293476
1007_C17orf80_P1P2_ENSG00000141219,C17orf80,-0.42072585,0.13874699,0.05995201,-0.266454
10080_ZFP28_P1P2_ENSG00000196867,ZFP28,-0.25273332,-0.24609244,-0.03584563,-0.33606407
10081_ZFP2_P1P2_ENSG00000198939,ZFP2,-0.26564392,0.40147048,-0.32284945,-0.16366231
10082_ZFP30_P1P2_ENSG00000120784,ZFP30,-0.57707494,0.029635938,0.13746093,-0.5692989
10083_ZFP36L1_P1_ENSG00000185650,ZFP36L1,-0.54439175,0.42770723,-0.069343686,0.41256115
10084_ZFP36L1_P2_ENSG00000185650,ZFP36L1,-0.57136226,-0.15803243,-0.044475645,-0.18657035
10085_ZFP36L2_P1P2_ENSG00000152518,ZFP36L2,0.18057941,-0.4745563,-0.72507465,0.56044954
10086_ZFP37_P1P2_ENSG00000136866,ZFP37,1.0082544,-0.23868707,-0.43555725,-0.83681154
10087_ZFP3_P1P2_ENSG00000180787,ZFP3,-0.12595886,0.3787628,-0.20514108,-0.37925234
10088_ZFP41_P1P2_ENSG00000181638,ZFP41,-0.14114462,-0.44172186,-0.2538011,-0.3565051
10089_ZFP42_P1_ENSG00000179059,ZFP42,-0.35976788,0.24490695,-0.26595935,-0.24128804
1008_NDUFAF8_P1P2_ENSG00000224877,NDUFAF8,0.59480333,-0.8418763,1.0510843,0.5950355
10090_ZFP42_P2_ENSG00000179059,ZFP42,-1.7398874,0.18046555,-0.16485713,-0.6849509
10091_ZFP57_P1P2_ENSG00000204644,ZFP57,-0.91481483,-0.06208044,0.14979713,-1.1087484
10092_ZFP62_P1P2_ENSG00000196670,ZFP62,0.5199685,-0.26634413,-0.32244107,-0.1447507
10093_ZFP64_P1P2_ENSG00000020256,ZFP64,-0.25920707,-0.040408503,0.45039198,-0.010538293
10094_ZFP69B_P1P2_ENSG00000187801,ZFP69B,0.060658418,-0.52234703,-0.26982808,-0.32441005
10095_ZFP69_P1P2_ENSG00000187815,ZFP69,-0.8359101,-0.382359,0.16298217,-0.41906962
10096_ZFP82_P1P2_ENSG00000181007,ZFP82,0.4536578,0.02982498,-0.045457378,-0.24667864
10097_ZFP90_P1_ENSG00000184939,ZFP90,-0.24548851,0.47213495,-0.7383979,-0.3375098
10098_ZFP90_P2_ENSG00000184939,ZFP90,-0.8915829,-0.24622874,0.28915992,-0.74542767
10099_ZFP91_P1P2_ENSG00000186660,ZFP91,-0.4832012,-1.1228482,0.9540318,-1.2168086
1009_EPOP_P1P2_ENSG00000273604,EPOP,-0.15196727,-0.540012,-0.51109546,-0.153166
100_ACSL3_P1P2_ENSG00000123983,ACSL3,-0.30292585,0.5891262,0.86851573,1.6020288
10100_ZFP92_ENST00000338647.5_ENSG00000189420,ZFP92,0.785719,-0.63971263,-0.61108077,0.030434174
10101_ZFPL1_P1P2_ENSG00000162300,ZFPL1,0.23864678,-0.98616093,0.27102417,-0.080759525
10102_ZFPM1_P1P2_ENSG00000179588,ZFPM1,-0.4646131,0.14726438,0.95433056,-0.22398183
10103_ZFPM2_P1P2_ENSG00000169946,ZFPM2,-0.40742227,0.06047864,0.02518749,-0.51235443
10104_ZFR_P1P2_ENSG00000056097,ZFR,0.79386896,1.3083875,-0.5640003,-1.0113865
10105_ZFX_P1P2_ENSG00000005889,ZFX,-0.25587782,-0.72832817,0.4457144,-0.7611368
10106_ZFYVE16_P1P2_ENSG00000039319,ZFYVE16,-0.15903416,-0.21141209,0.192773,-0.63684857
10107_ZFYVE19_P1P2_ENSG00000166140,ZFYVE19,-0.5156594,-0.9715837,0.35164848,-0.85859954
10108_ZFYVE21_P1P2_ENSG00000100711,ZFYVE21,-0.35143617,-0.25084838,-0.5371862,-0.36754793
10109_ZFYVE27_P1P2_ENSG00000155256,ZFYVE27,-0.17250197,-0.07599282,-0.30293947,-0.65430707
1010_C17orf99_P1P2_ENSG00000187997,C17orf99,-0.2210464,-0.38578954,0.11823866,-0.3731588
10110_ZFYVE28_P1P2_ENSG00000159733,ZFYVE28,0.03622512,-0.20209989,-0.8240024,0.10647237
10111_ZFYVE9_P1P2_ENSG00000157077,ZFYVE9,0.23355386,0.26835462,-0.25502536,0.39527795
10112_ZFY_P1P2_ENSG00000067646,ZFY,-0.5382434,-0.28069168,-0.43053907,-0.5472662
10113_ZGLP1_P1P2_ENSG00000220201,ZGLP1,-0.33897036,-0.7268711,0.30215922,-0.8110068
10114_ZGPAT_P1P2_ENSG00000197114,ZGPAT,1.1233041,0.29968798,-0.46458882,0.27723023
10115_ZHX1_P1P2_ENSG00000165156,ZHX1,-0.16926841,0.061923087,-0.5124558,-0.22876912
10116_ZHX2_P1P2_ENSG00000178764,ZHX2,-0.10536778,0.3860172,0.0017951038,0.22492757
10117_ZHX3_P1P2_ENSG00000174306,ZHX3,-0.26893884,0.21059698,0.48018992,-0.041855033
10118_ZIC1_P1P2_ENSG00000152977,ZIC1,-0.68151206,0.6654419,-0.1812593,-0.56886744
10119_ZIC2_P1P2_ENSG00000043355,ZIC2,-0.54720503,-0.30406928,0.24508491,0.41237587
1011_C18orf21_P1P2_ENSG00000141428,C18orf21,0.2584534,0.21139148,0.96744955,0.62960047
10120_ZIC3_P1P2_ENSG00000156925,ZIC3,-0.89209723,-0.08657027,0.37581855,-0.32059637
10121_ZIC4_P2_ENSG00000174963,ZIC4,-0.14649181,-0.19104435,-0.2702927,-0.110543974
10122_ZIC4_P1_ENSG00000174963,ZIC4,-0.06940935,0.20548964,-0.7189361,-0.4132627
10124_ZIK1_P1P2_ENSG00000171649,ZIK1,-0.270005,-0.15621603,-0.38133702,0.25331268
10125_ZIM2_P1P2_ENSG00000269699,ZIM2,0.32045022,-0.28347525,-0.38566393,-0.021270026
10126_ZIM3_ENST00000269834.1_ENSG00000141946,ZIM3,-0.125413,0.6412929,0.5760547,-0.4969874
10127_ZKSCAN1_P1P2_ENSG00000106261,ZKSCAN1,-0.42797017,0.048561104,-0.03159173,-0.63154477
10128_ZKSCAN2_P1P2_ENSG00000155592,ZKSCAN2,-0.4060639,-0.27021646,0.2432265,-0.12657839
10129_ZKSCAN3_P1P2_ENSG00000189298,ZKSCAN3,1.1475233,-0.27207914,-0.09756422,-0.4876792
1012_C18orf25_P1P2_ENSG00000152242,C18orf25,-0.30567253,0.25675538,-0.12804721,0.053407155
10130_ZKSCAN4_P1P2_ENSG00000187626,ZKSCAN4,-0.08990439,-0.35740045,-0.11779396,0.019843847
10131_ZKSCAN5_P1P2_ENSG00000196652,ZKSCAN5,0.42418393,-0.6270588,-1.1360093,0.6630891
10132_ZKSCAN7_P1P2_ENSG00000196345,ZKSCAN7,-0.048818644,-0.020836815,0.129532,-0.14389053
10133_ZKSCAN8_P1P2_ENSG00000198315,ZKSCAN8,0.08593254,-0.8132523,0.3907487,-0.36570007
10134_ZMAT1_P1P2_ENSG00000166432,ZMAT1,0.27033162,-0.15460435,-0.44287914,-0.20097816
10135_ZMAT2_P2_ENSG00000146007,ZMAT2,-0.3988186,0.07214955,-0.30867735,0.14629053
10136_ZMAT2_P1_ENSG00000146007,ZMAT2,0.59473747,-0.5117589,-0.328406,1.4595536
10137_ZMAT3_P1P2_ENSG00000172667,ZMAT3,-0.29966557,-0.35364243,0.34667215,-0.41572782
10138_ZMAT4_P1P2_ENSG00000165061,ZMAT4,-0.4142942,0.052530658,0.57355905,-0.3927034
10139_ZMAT5_P1P2_ENSG00000100319,ZMAT5,-0.9824656,-0.7645848,1.9224768,-0.22158843
1013_C18orf32_P1P2_ENSG00000177576,C18orf32,-0.83886933,-1.9412142,0.62901634,0.07689012
10140_ZMIZ2_P1P2_ENSG00000122515,ZMIZ2,-0.11881518,-0.3907781,0.5107555,0.3368622
10141_ZMPSTE24_P1P2_ENSG00000084073,ZMPSTE24,0.29640844,-0.2217987,-0.3284609,-0.3491239
10142_ZMYM1_P1P2_ENSG00000197056,ZMYM1,-0.08278964,-0.8120375,-0.17049149,-0.30478013
10143_ZMYM2_P1P2_ENSG00000121741,ZMYM2,-0.25369,0.2183447,-0.34024295,-0.25863042
10144_ZMYM3_P1_ENSG00000147130,ZMYM3,0.43128183,0.25522637,-1.0198171,0.8231786
10145_ZMYM3_P2_ENSG00000147130,ZMYM3,0.19714732,0.07313898,-0.8245257,0.35921967
10146_ZMYM4_P1P2_ENSG00000146463,ZMYM4,-0.54997396,0.9481353,0.071448445,-0.8420501
10147_ZMYM5_P1P2_ENSG00000132950,ZMYM5,0.3493321,-0.6622601,-0.06557373,-0.6300688
10148_ZMYM6_P1P2_ENSG00000163867,ZMYM6,-0.3949694,-0.5776978,0.027925132,0.29742968
10149_ZMYND11_P1P2_ENSG00000015171,ZMYND11,-0.5054531,-0.23844491,-0.441219,-0.13918413
1014_C19orf12_P1P2_ENSG00000131943,C19orf12,-0.018298183,0.12088309,-0.4262423,-0.23573828
10150_ZMYND19_P1P2_ENSG00000165724,ZMYND19,-0.32970288,0.1483569,-0.186423,0.19330151
10151_ZMYND8_P1P2_ENSG00000101040,ZMYND8,-0.5317208,-0.103202865,0.58228385,-0.31584725
10152_ZNF100_P1P2_ENSG00000197020,ZNF100,0.61990726,-0.61744815,-0.83905935,0.031868882
10153_ZNF101_P1P2_ENSG00000181896,ZNF101,-0.43999064,-0.32113132,0.14475334,-0.60262394
10154_ZNF106_ENST00000263805.4_ENSG00000103994,ZNF106,-0.40205014,-0.19405201,-0.32853255,-0.60481447
10155_ZNF107_P1P2_ENSG00000196247,ZNF107,0.06553161,-0.18292412,-0.013856036,-0.9466599
10156_ZNF10_P1P2_ENSG00000256223,ZNF10,0.40371752,-0.45704234,-0.13600476,-0.0072438363
10157_ZNF112_P1P2_ENSG00000062370,ZNF112,-0.026747039,0.32837778,-1.1302589,1.1069804
10158_ZNF114_P1P2_ENSG00000178150,ZNF114,-0.3839803,0.08913232,0.2193136,-0.26007283
10159_ZNF117_P1P2_ENSG00000152926,ZNF117,-0.35079563,-0.16493315,-0.6490993,-0.78731275
1015_FAM174C_P1P2_ENSG00000228300,FAM174C,-0.83909434,-0.25470996,-0.37710962,-0.50311005
10160_ZNF121_P1P2_ENSG00000197961,ZNF121,-1.7602929,1.0042211,-1.4639661,0.64322734
10161_ZNF124_P1P2_ENSG00000196418,ZNF124,-0.6006917,-0.44046122,-0.15232183,0.31661543
10162_ZNF12_P1P2_ENSG00000164631,ZNF12,0.20129466,-0.8397251,-0.3542078,-0.40245357
10163_ZNF131_P1P2_ENSG00000172262,ZNF131,-1.0684763,0.041141767,0.73341405,-0.9588688
10164_ZNF132_P1P2_ENSG00000131849,ZNF132,-0.4468627,0.10121383,0.703714,-0.72842276
10165_ZNF133_P1P2_ENSG00000125846,ZNF133,0.27749798,-0.2709291,-0.2853405,-0.42675078
10166_ZNF134_P1P2_ENSG00000213762,ZNF134,-0.9063031,0.18846744,-1.1623329,-0.74799126
10167_ZNF135_P1P2_ENSG00000176293,ZNF135,-0.017943032,-0.9393242,-0.6223614,-0.5772205
10168_ZNF136_P1P2_ENSG00000196646,ZNF136,0.8413085,0.5622963,-0.5028534,0.59982413
10169_ZNF138_P1P2_ENSG00000197008,ZNF138,-0.45320225,0.33059803,-0.48949152,-0.4525628
1016_C19orf25_P1P2_ENSG00000119559,C19orf25,-0.23087887,-0.048964784,-0.11754388,0.018895924
10170_ZNF140_P1P2_ENSG00000196387,ZNF140,0.22670516,-0.54732007,-0.8332385,-0.05664731
10171_ZNF141_P1P2_ENSG00000131127,ZNF141,-0.4515243,-0.28461936,-0.48324332,-0.5583615
10172_ZNF142_P1P2_ENSG00000115568,ZNF142,0.45222658,0.024148311,0.7964931,0.17326897
10173_ZNF143_P1P2_ENSG00000166478,ZNF143,-0.7289806,-0.19370197,2.439362,-1.195638
10174_ZNF146_P1P2_ENSG00000167635,ZNF146,-0.13596976,-0.18277794,-0.39866984,0.18369915
10175_ZNF148_P1P2_ENSG00000163848,ZNF148,-0.2842945,0.43784276,-0.37967876,0.612305
10176_ZNF14_P1P2_ENSG00000105708,ZNF14,-0.22579223,-0.12950413,-0.3781001,0.013612949
10177_ZNF154_P1P2_ENSG00000179909,ZNF154,0.1101294,0.041611075,-0.7846079,-0.2892675
10178_ZNF155_P1P2_ENSG00000204920,ZNF155,-0.5662751,-0.7992218,0.13369212,-0.76082474
10179_ZNF157_ENST00000377073.3_ENSG00000147117,ZNF157,1.1124117,-0.37591174,0.2876871,-0.11388613
1017_TRIR_P1P2_ENSG00000123144,TRIR,-0.19996896,-0.653496,-0.9663309,-0.19768737
10180_ZNF160_P1P2_ENSG00000170949,ZNF160,-0.16145599,0.15860158,-0.23360388,0.08331713
10181_ZNF165_P1P2_ENSG00000197279,ZNF165,-0.2567726,0.69912004,-0.37707424,-0.78065366
10182_ZNF169_P1P2_ENSG00000175787,ZNF169,-0.27196968,-0.27991542,-0.018250978,-0.45394462
10183_ZNF16_P1P2_ENSG00000170631,ZNF16,-0.00825719,1.8250421,-0.1815541,2.0564673
10185_ZNF175_P1P2_ENSG00000105497,ZNF175,0.17033416,-0.059033778,0.008688428,-0.09621915
10186_ZNF177_P1_ENSG00000188629,ZNF177,0.38872975,-0.9424434,0.13073896,0.26624724
10187_ZNF177_P2_ENSG00000188629,ZNF177,0.032318156,-0.12993722,-0.25369406,-1.1614268
10188_ZNF17_P1P2_ENSG00000186272,ZNF17,0.5107545,-0.16798985,-0.68899524,0.37232113
10189_ZNF180_P1P2_ENSG00000167384,ZNF180,-0.18327442,-0.07920934,-0.3826578,0.0025704983
1018_C19orf47_P2_ENSG00000160392,C19orf47,-0.12718262,0.50285476,-0.25426093,-0.3184671
10190_ZNF181_P1P2_ENSG00000197841,ZNF181,-0.018241579,0.12614703,-0.5971554,0.55937564
10191_ZNF182_P1P2_ENSG00000147118,ZNF182,0.5378836,-0.030503904,-0.1838613,-0.57147
10192_ZNF184_P1P2_ENSG00000096654,ZNF184,-0.18223912,-0.041788388,-1.3644569,1.1686207
10193_ZNF189_P1P2_ENSG00000136870,ZNF189,0.2314874,-0.41464302,0.17772812,0.10309179
10194_ZNF18_P1P2_ENSG00000154957,ZNF18,-0.3490495,-0.13845554,-0.15107632,-0.13759515
10195_ZNF195_P1P2_ENSG00000005801,ZNF195,-0.14739962,-0.541525,-0.2358211,0.004366697
10196_ZNF197_P1P2_ENSG00000186448,ZNF197,0.42462608,0.44060102,-0.35089967,-0.32496443
10197_ZNF19_P1P2_ENSG00000157429,ZNF19,0.14705892,-0.0712879,-0.11329831,-0.66638535
10198_ZNF200_P1P2_ENSG00000010539,ZNF200,-0.56476426,-0.27440694,-0.20811652,-0.72073144
10199_ZNF202_P1P2_ENSG00000166261,ZNF202,-0.12589733,-0.008183806,0.06056358,-0.64943826
1019_C19orf47_P1_ENSG00000160392,C19orf47,-0.5000143,0.12808032,-0.1763351,-0.2985096
101_ACSL4_P1P2_ENSG00000068366,ACSL4,0.25944707,-0.13280492,0.92781913,-0.092130214
10200_ZNF205_P1P2_ENSG00000122386,ZNF205,-0.06923067,-0.21049899,-0.2683666,0.06506349
10201_ZNF207_P2_ENSG00000010244,ZNF207,-0.16200078,0.059472952,-0.612194,-0.038663324
10202_ZNF207_P1_ENSG00000010244,ZNF207,1.1002436,1.0990983,-0.43551376,1.2273328
10203_ZNF208_P1P2_ENSG00000160321,ZNF208,-0.9908425,-0.322948,-0.15915048,-0.8523346
10204_ZNF20_P1_ENSG00000132010,ZNF20,-0.44442114,0.9729519,0.029654654,0.3467595
10205_ZNF20_P2_ENSG00000132010,ZNF20,-0.78018767,-0.6040577,0.017552761,-0.379759
10206_ZNF211_P1P2_ENSG00000121417,ZNF211,0.190391,0.15632127,-0.23112504,-0.27516094
10207_ZNF212_P1P2_ENSG00000170260,ZNF212,-0.5918255,-0.8529781,0.03251342,-0.59628403
10208_ZNF213_P1P2_ENSG00000085644,ZNF213,-0.29582086,-0.5942815,-0.32158798,-0.8164721
10209_ZNF214_P1P2_ENSG00000149050,ZNF214,0.34041232,-0.088654764,-0.35328507,0.43889436
1020_C19orf48_P1P2_ENSG00000167747,C19orf48,-0.19217594,-0.33531672,-0.015099562,0.35224396
10210_ZNF215_P1P2_ENSG00000149054,ZNF215,-0.57858783,0.7561886,-0.28917652,-0.30205715
10211_ZNF217_P1_ENSG00000171940,ZNF217,0.2681627,0.14431143,-0.8212258,0.22247472
10212_ZNF217_P2_ENSG00000171940,ZNF217,1.3304268,-0.45362097,0.108037055,-0.37183088
10213_ZNF219_P1P2_ENSG00000165804,ZNF219,-0.94222814,-1.730978,4.1764865,-2.8886142
10214_ZNF221_P1P2_ENSG00000159905,ZNF221,-0.6961212,-0.6627665,-0.017608203,-0.33338496
10215_ZNF222_P1P2_ENSG00000159885,ZNF222,-0.4127049,0.4261738,-0.9894006,-0.1758303
10216_ZNF223_P1P2_ENSG00000178386,ZNF223,-0.42224276,0.046771344,0.058156252,-0.36859402
10217_ZNF224_P1P2_ENSG00000267680,ZNF224,-0.22937946,-0.35825276,-0.15595931,-0.13695084
10218_ZNF225_P1P2_ENSG00000256294,ZNF225,0.110015534,-0.46091855,-0.08913312,-0.5656412
10219_ZNF226_P1_ENSG00000167380,ZNF226,-1.5287913,-1.4244127,-0.09054932,-0.6330749
1021_TIMM29_P1P2_ENSG00000142444,TIMM29,-0.4521115,-0.34422973,0.1613908,-0.21306388
10220_ZNF226_P2_ENSG00000167380,ZNF226,0.43721122,-0.1575717,-0.2926614,0.08774488
10221_ZNF227_P1P2_ENSG00000131115,ZNF227,-0.1461825,0.07410317,-0.6379488,-0.23972791
10222_ZNF229_P1P2_ENSG00000278318,ZNF229,0.01020841,0.03954951,-0.037601735,-0.17257695
10223_ZNF22_P1P2_ENSG00000165512,ZNF22,0.12574202,-0.5554129,0.02668052,-0.6301322
10224_ZNF230_P1P2_ENSG00000159882,ZNF230,-0.0305078,-1.1075239,1.3069389,-0.65804684
10225_ZNF232_P1_ENSG00000167840,ZNF232,-0.2657941,-0.27576247,-0.13109325,-0.48039836
10226_ZNF232_P2_ENSG00000167840,ZNF232,0.09548723,0.11646801,-0.30482057,0.028776279
10227_ZNF233_P1P2_ENSG00000159915,ZNF233,-0.63566935,-0.06109154,0.5382711,-0.9951121
10228_ZNF234_P1_ENSG00000263002,ZNF234,0.1541148,-0.3852405,0.17908053,-0.39953142
1022_C19orf53_P1P2_ENSG00000104979,C19orf53,-0.12638298,-0.3847485,0.18169218,-0.48218557
10230_ZNF235_P1P2_ENSG00000159917,ZNF235,0.56130636,2.0576737,-0.85195434,0.3282203
10231_ZNF236_P1P2_ENSG00000130856,ZNF236,0.34560946,0.6682941,0.4214554,-0.07613117
10232_ZNF239_P1P2_ENSG00000196793,ZNF239,-0.42018273,-0.75440365,-0.11837579,-0.15876657
10233_ZNF23_P1_ENSG00000167377,ZNF23,0.2840589,-0.65147716,-0.45183408,-0.03232468
10234_ZNF23_P2_ENSG00000167377,ZNF23,-0.21333916,-0.14726463,-0.13212425,-0.3496308
10235_ZNF248_P1P2_ENSG00000198105,ZNF248,-0.5784067,-0.16717608,-0.3488598,-0.26712403
10236_ZNF24_P1P2_ENSG00000172466,ZNF24,-0.40770712,-0.4514532,-0.6400721,-0.19314536
10237_ZNF250_P1P2_ENSG00000196150,ZNF250,0.24729143,-0.14233007,-0.16308887,1.0931834
10238_ZNF251_P1P2_ENSG00000198169,ZNF251,-0.6049568,0.28846696,-0.08860586,0.21252206
10239_ZNF253_P1P2_ENSG00000256771,ZNF253,-0.03278554,-0.03014493,0.43004054,-0.40786314
1023_C19orf54_P1P2_ENSG00000188493,C19orf54,-0.5629497,-0.735156,-0.27647778,0.10552778
10240_ZNF254_ENST00000357002.4_ENSG00000213096,ZNF254,-0.13287953,-0.09052862,-0.5668502,0.06735693
10241_ZNF256_P1P2_ENSG00000152454,ZNF256,-0.2420171,-0.11091743,0.27206126,-0.35102496
10242_ZNF257_P1P2_ENSG00000197134,ZNF257,-1.2426703,-0.09897715,-0.09258417,-0.8096011
10243_ZNF25_P1P2_ENSG00000175395,ZNF25,-0.00759281,-0.7488095,0.24278988,-0.09671194
10245_ZNF263_P1_ENSG00000006194,ZNF263,-0.60368115,-0.20501584,-0.1463981,-0.23218438
10246_ZNF263_P2_ENSG00000006194,ZNF263,-0.56794775,-0.17037085,-0.11081315,-0.15011862
10247_ZNF264_P1P2_ENSG00000083844,ZNF264,0.631708,0.84572154,-0.8210555,0.75116175
10248_ZNF266_P1P2_ENSG00000174652,ZNF266,0.025708126,-0.29184568,-0.13508168,0.21952283
10249_ZNF267_P1_ENSG00000185947,ZNF267,-0.018793155,-0.4685338,-0.16530168,0.20724276
1024_REX1BD_P1P2_ENSG00000006015,REX1BD,-0.04472129,0.32562485,-0.46873552,0.18011376
10250_ZNF267_P2_ENSG00000185947,ZNF267,-1.0059832,-0.9637573,0.9338426,-0.880343
10251_ZNF268_P1P2_ENSG00000090612,ZNF268,0.015085969,-0.5413039,0.34066272,-0.44385222
10252_ZNF26_P1P2_ENSG00000198393,ZNF26,0.04410262,2.4271567,-0.13607688,0.2493956
10253_ZNF273_P2_ENSG00000198039,ZNF273,0.56854343,0.86787635,0.1767631,-0.5096372
10254_ZNF273_P1_ENSG00000198039,ZNF273,-0.6366303,0.2515827,-0.22741929,0.14829369
10255_ZNF274_P1P2_ENSG00000171606,ZNF274,0.355566,-0.3537091,-0.7388086,-0.061387844
10256_ZNF275_P1P2_ENSG00000063587,ZNF275,0.018179022,0.8361745,-0.11065188,0.07773443
10257_ZNF276_P1P2_ENSG00000158805,ZNF276,-0.60051405,-0.9179528,0.44571394,-0.7086652
10258_ZNF277_P1P2_ENSG00000198839,ZNF277,0.014822844,0.13397552,-0.3437496,-0.044261556
10259_ZNF280A_P1P2_ENSG00000169548,ZNF280A,0.50990963,-0.45647097,-0.0561128,-0.65549195
1025_SHFL_P1P2_ENSG00000130813,SHFL,-0.6618805,-0.79465085,0.21421361,-0.28502518
10260_ZNF280B_P1P2_ENSG00000275004,ZNF280B,-0.3509095,0.07120414,-0.25986177,-0.31672424
10261_ZNF280C_P1P2_ENSG00000056277,ZNF280C,-0.38299716,-0.5525209,-0.32471716,-0.7179932
10262_ZNF280D_P1P2_ENSG00000137871,ZNF280D,-0.14435752,-0.1832562,0.33043122,-0.436648
10263_ZNF281_P1P2_ENSG00000162702,ZNF281,0.22040994,0.35048175,0.16522725,1.148831
10264_ZNF282_P1P2_ENSG00000170265,ZNF282,-0.5072937,-0.45771638,-0.026955135,-0.3140605
10265_ZNF283_P1P2_ENSG00000167637,ZNF283,-0.12743716,0.054932028,0.20344695,-0.27549163
10266_ZNF284_ENST00000421176.3_ENSG00000186026,ZNF284,-0.4896381,-0.501378,-0.06120299,-0.4904101
"10267_ZNF285_ENST00000330997.4,ENST00000544719.2_ENSG00000267508",ZNF285,0.44562563,-0.21010417,-0.046272825,-0.6528262
10268_ZNF286A_P1P2_ENSG00000187607,ZNF286A,-0.08464372,-0.321645,0.55073816,-0.9852896
10269_ZNF286B_P1P2_nan,ZNF286B,0.117236294,-0.21924077,-0.019153886,-0.25083143
1026_MICOS13_P1P2_ENSG00000174917,MICOS13,1.0137222,0.4916868,-0.5840445,1.2044703
10270_ZNF287_P1P2_ENSG00000141040,ZNF287,-0.26893166,-0.23535316,-0.51735896,0.35692853
10271_ZNF28_P1P2_ENSG00000198538,ZNF28,-0.12333103,0.4383529,-0.15285254,0.06284911
10272_ZNF292_P1P2_ENSG00000188994,ZNF292,0.20330721,0.22461793,-0.53241646,1.4203466
10273_ZNF296_P1P2_ENSG00000170684,ZNF296,-0.832991,0.058755327,-0.37898076,-0.118408285
10274_ZNF2_P1P2_ENSG00000275111,ZNF2,0.25877994,0.028462883,-0.5140932,-0.22855243
10275_ZNF300_P1P2_ENSG00000145908,ZNF300,-0.7476323,-0.37961686,-0.14621046,-0.62826073
10276_ZNF302_P1P2_ENSG00000089335,ZNF302,-0.234921,-0.28134173,0.336031,-0.33544144
10277_ZNF304_P1P2_ENSG00000131845,ZNF304,-0.9124036,-0.40364087,-0.06961866,-0.6887195
10278_ZNF30_P1P2_ENSG00000168661,ZNF30,-0.13934338,0.048133995,-0.28963333,-0.1860531
10279_ZNF311_P1P2_ENSG00000197935,ZNF311,0.22515698,-0.26522914,-0.01908731,-0.23521538
1027_C19orf73_P1P2_ENSG00000221916,C19orf73,-0.8428557,0.31544185,0.11879031,-0.4932906
10280_ZNF317_P1P2_ENSG00000130803,ZNF317,-0.2747023,-0.3112323,0.65951294,-0.36306927
10281_ZNF318_P1P2_ENSG00000171467,ZNF318,0.2118644,-0.14486882,-0.75122726,0.72205526
10282_ZNF319_P1_ENSG00000166188,ZNF319,0.14957027,-0.1969173,0.045306608,-0.09700006
10283_ZNF319_P2_ENSG00000166188,ZNF319,0.2544721,-0.051465757,-0.7657687,0.16344565
10284_ZNF320_P1P2_ENSG00000182986,ZNF320,0.3241768,-0.08007542,-1.070674,0.5701273
10285_ZNF322_P1P2_ENSG00000181315,ZNF322,-0.8781313,-0.3777063,-0.19719596,-1.3222382
10286_ZNF324B_P1P2_ENSG00000249471,ZNF324B,-0.2719774,0.2990377,-0.13793282,0.16018648
10287_ZNF324_P1P2_ENSG00000083812,ZNF324,-1.001221,-0.33688653,0.4057568,-0.5315807
10288_ZNF326_P1P2_ENSG00000162664,ZNF326,0.61899847,1.0355428,0.3365879,0.25302404
10289_ZNF329_P2_ENSG00000181894,ZNF329,0.10278787,-0.8027122,0.1815766,-0.20463832
1028_C19orf81_P1P2_ENSG00000235034,C19orf81,0.26038012,-0.49901313,0.104619816,-0.15835825
10290_ZNF329_P1_ENSG00000181894,ZNF329,-1.1575698,-0.52717227,-0.27361584,-0.6833794
10291_ZNF32_P1P2_ENSG00000169740,ZNF32,0.27677876,-0.30308104,-0.7339883,0.10584054
10292_ZNF330_P1P2_ENSG00000109445,ZNF330,-0.27911064,-0.38582435,-0.11709545,-0.19678651
10293_ZNF331_P2_ENSG00000130844,ZNF331,0.6989811,-0.017564168,-0.19916902,0.5503756
10294_ZNF331_P1_ENSG00000130844,ZNF331,-0.113418244,0.49071673,-0.44348252,-0.23466152
10295_ZNF333_P1P2_ENSG00000160961,ZNF333,-0.40689385,-0.151923,-0.18761148,-0.6852481
10296_ZNF334_P1P2_ENSG00000198185,ZNF334,-0.3356462,-0.047377784,0.058346976,-0.31151128
10297_ZNF335_P1P2_ENSG00000198026,ZNF335,-0.20340346,-0.7341102,-0.9361209,-0.3555631
10298_ZNF337_P1P2_ENSG00000130684,ZNF337,-0.79034674,0.29021698,-0.36353412,-0.6777375
10299_ZNF33A_P1P2_ENSG00000189180,ZNF33A,0.1309202,-0.09508031,-0.6628973,0.7356296
1029_C1D_P1P2_ENSG00000197223,C1D,-0.036256965,-0.5668869,0.633421,-0.11446063
102_ACSM3_P1P2_ENSG00000005187,ACSM3,0.07250335,-0.736129,-0.33908445,-0.41720143
10300_ZNF33B_P1P2_ENSG00000196693,ZNF33B,-0.37848768,-0.54110044,0.06450812,-0.92963856
10301_ZNF341_P2_ENSG00000131061,ZNF341,-0.12301744,1.0621599,-0.24162471,-0.9572918
10302_ZNF341_P1_ENSG00000131061,ZNF341,0.38499948,0.75470364,-0.25534242,-0.24285
10303_ZNF343_P1P2_ENSG00000088876,ZNF343,-0.31406602,-0.27716124,0.22386505,-0.9522535
10304_ZNF345_P1P2_ENSG00000251247,ZNF345,-0.42629611,-0.40385565,0.077002406,0.049597166
10305_ZNF346_P1P2_ENSG00000113761,ZNF346,-0.51879805,-0.448433,0.30602193,-0.33084175
10306_ZNF347_P1P2_ENSG00000197937,ZNF347,-0.58243304,-0.45066223,-0.29477695,-0.4254724
10307_ZNF34_P1P2_ENSG00000196378,ZNF34,-0.5426946,1.0962543,0.115309894,-1.1459558
10308_ZNF350_P1P2_ENSG00000256683,ZNF350,-0.06303848,-0.22419551,-0.56635493,-0.75567406
10309_ZNF354A_P1P2_ENSG00000169131,ZNF354A,-0.15692489,0.078913085,-0.06685166,0.036871865
1030_C1GALT1C1_P1P2_ENSG00000171155,C1GALT1C1,-0.2976932,-0.09640605,-0.45735198,-0.019362317
10310_ZNF354B_P1P2_ENSG00000178338,ZNF354B,-0.27758896,-0.33080396,-0.9976396,-0.02875411
10311_ZNF354C_P1P2_ENSG00000177932,ZNF354C,0.3371044,1.1478138,-0.06564429,0.106136985
10312_ZNF358_P1_ENSG00000198816,ZNF358,0.66150856,0.85460824,0.4393629,-0.17821215
10313_ZNF358_P2_ENSG00000198816,ZNF358,-0.041016135,-0.3527155,0.15160173,-0.19527996
10314_ZNF35_P1P2_ENSG00000169981,ZNF35,-0.4290069,-0.24919835,-0.40523326,-0.14813423
10315_ZNF362_P1P2_ENSG00000160094,ZNF362,-0.28614333,-0.9719801,-0.34047556,-1.261724
10316_ZNF365_P1P2_ENSG00000138311,ZNF365,-0.23444006,0.15285428,0.4445698,0.14274104
10317_ZNF366_P1P2_ENSG00000178175,ZNF366,0.1259934,-0.17548184,-0.3969042,0.14493327
10318_ZNF367_P1P2_ENSG00000165244,ZNF367,0.053387467,-0.32753205,-0.1823096,-0.4045646
10319_ZNF37A_P1P2_ENSG00000075407,ZNF37A,0.23997606,-0.596652,-0.09343319,-0.2600499
1031_C1GALT1_P1P2_ENSG00000106392,C1GALT1,0.039299306,-1.6310431,0.19777721,-0.18823679
10320_ZNF382_P1P2_ENSG00000161298,ZNF382,0.20238951,-0.29242322,-0.3119542,0.009384325
10321_ZNF383_P1P2_ENSG00000188283,ZNF383,-1.4049493,-0.9021497,-0.9840221,-1.140683
10322_ZNF384_P1P2_ENSG00000126746,ZNF384,-0.22456747,1.171533,0.1284959,-0.42143244
10323_ZNF385A_P1_ENSG00000161642,ZNF385A,-0.48516965,0.3058861,-0.2781719,-0.4094217
10324_ZNF385A_P2_ENSG00000161642,ZNF385A,-0.651291,-0.4733287,-0.25665137,-0.17414755
10325_ZNF385B_P1P2_ENSG00000144331,ZNF385B,-0.089336544,0.26265272,-0.39870894,0.058746357
10326_ZNF385C_ENST00000436535.3_ENSG00000187595,ZNF385C,0.18428211,-0.57112026,-0.03603605,-0.26686615
10327_ZNF385D_P1P2_ENSG00000151789,ZNF385D,-0.6415017,-0.36612186,-0.5470971,-0.29755414
10328_ZNF391_P1P2_ENSG00000124613,ZNF391,0.7298786,0.07996044,-0.4396933,0.07260779
10329_ZNF394_P1P2_ENSG00000160908,ZNF394,0.08443908,0.8247057,-0.24892245,-0.18353876
1032_C1QBP_P1P2_ENSG00000108561,C1QBP,-0.52163583,-0.08633922,-0.32708627,0.011125329
10330_ZNF395_P1P2_ENSG00000186918,ZNF395,-1.2242432,-0.22778584,-0.626175,0.4413378
10331_ZNF396_P1P2_ENSG00000186496,ZNF396,0.38535142,0.11652858,0.4228327,0.6145249
10332_ZNF397_P1P2_ENSG00000186812,ZNF397,-0.16757163,1.4508566,0.2638367,-0.39817524
10333_ZNF398_P1P2_ENSG00000197024,ZNF398,-0.21720359,-0.37079254,-0.339036,-0.11574184
10334_ZNF3_P1P2_ENSG00000166526,ZNF3,-0.7309587,0.0036420615,0.03246985,0.013179435
10335_ZNF404_P1P2_ENSG00000176222,ZNF404,0.85117227,-0.074116096,-0.62056863,-0.2427655
10336_ZNF407_ENST00000299687.5_ENSG00000215421,ZNF407,-0.17671196,-0.0385269,-0.0329781,-0.06823416
10337_ZNF408_P1P2_ENSG00000175213,ZNF408,-0.59558153,-0.42826635,-0.120356895,-0.018018989
10338_ZNF410_P1P2_ENSG00000119725,ZNF410,-0.3598403,0.3762831,-0.7535211,0.87862664
10339_ZNF414_P1P2_ENSG00000133250,ZNF414,-0.11456111,-1.1600324,6.1968327,-1.4883176
1033_C1QTNF4_P1P2_ENSG00000172247,C1QTNF4,-0.21923292,-0.08589215,-0.16241051,-0.3351686
10340_ZNF415_P1P2_ENSG00000170954,ZNF415,-0.61879927,0.072213165,0.74989,-0.8538232
10341_ZNF416_P1P2_ENSG00000083817,ZNF416,0.12235401,-0.47353482,0.0039271964,-0.46337366
10342_ZNF417_P1P2_ENSG00000173480,ZNF417,-0.009078347,0.39503568,0.31127533,0.15182248
10343_ZNF418_P1P2_ENSG00000196724,ZNF418,0.14527099,-0.13663125,-0.078789085,-0.093396045
10344_ZNF419_P1P2_ENSG00000105136,ZNF419,-0.49110544,0.47195756,0.06977767,-0.48803243
10345_ZNF41_P1P2_ENSG00000147124,ZNF41,1.0229226,0.3723669,0.9693153,0.7456632
10346_ZNF420_P1P2_ENSG00000197050,ZNF420,-0.54133826,-0.39007795,0.19304623,-0.46954808
10347_ZNF423_ENST00000561648.1_ENSG00000102935,ZNF423,-0.27044103,-0.2828663,-0.34009448,-0.34596056
10349_ZNF425_P1P2_ENSG00000204947,ZNF425,-0.84708375,-0.16263469,-0.5127284,-0.73349535
1034_C1RL_P1P2_ENSG00000139178,C1RL,-0.022917686,-0.6126913,0.29557332,-0.45179585
10350_ZNF426_P1P2_ENSG00000130818,ZNF426,-1.0415314,-0.48973575,0.1803023,-0.5113232
10351_ZNF428_P1P2_ENSG00000131116,ZNF428,0.30033475,-0.002580236,-0.17429444,-0.070874356
10352_ZNF429_P1P2_ENSG00000197013,ZNF429,0.56801784,-0.36203095,-0.48117623,-0.28411728
10353_ZNF430_P1P2_ENSG00000118620,ZNF430,0.43176284,-0.4419722,0.50314385,-0.12246362
10354_ZNF431_P1P2_ENSG00000196705,ZNF431,-0.4454389,-1.1212862,0.4920118,-0.7187606
10355_ZNF432_P1P2_ENSG00000256087,ZNF432,-0.29693058,-0.3920536,0.29274234,-0.26086023
10356_ZNF433_P1P2_ENSG00000197647,ZNF433,-0.17997488,0.7131833,-0.5807018,0.50311947
10357_ZNF436_P1_ENSG00000125945,ZNF436,-0.14594652,-0.18824613,0.07488084,-0.81794393
10358_ZNF436_P2_ENSG00000125945,ZNF436,-0.48792186,-0.44754457,-0.3391193,-0.8882604
10359_ZNF438_P2_ENSG00000183621,ZNF438,1.0438745,-0.1419504,-0.23124836,-0.09742256
1035_C1orf109_P1_ENSG00000116922,C1orf109,0.20934217,-0.45112124,0.07442671,-0.2858334
10360_ZNF438_P1_ENSG00000183621,ZNF438,-0.9408205,-0.33010364,0.17977834,-0.08371433
10361_ZNF439_P1P2_ENSG00000171291,ZNF439,-0.4246942,0.30998233,-0.13016573,-0.26481688
10362_ZNF43_P1_ENSG00000198521,ZNF43,0.06887815,0.16451567,-0.36355188,-0.16871987
10363_ZNF43_P2_ENSG00000198521,ZNF43,-0.29895583,-0.47852248,0.3288433,-0.5198838
10364_ZNF440_P1P2_ENSG00000171295,ZNF440,-0.35514188,0.5378203,0.026522586,0.20660208
10365_ZNF441_P1P2_ENSG00000197044,ZNF441,0.1524158,-0.73369753,-0.19809878,0.2394883
10366_ZNF442_P1P2_ENSG00000198342,ZNF442,-0.6940342,-0.7629642,-0.33506104,-1.1614242
10367_ZNF443_P1P2_ENSG00000180855,ZNF443,-0.09001003,0.7570836,0.112825714,-0.43327862
10368_ZNF444_P1P2_ENSG00000167685,ZNF444,0.19634338,0.3561629,-0.03056804,0.57595426
10369_ZNF445_P1P2_ENSG00000185219,ZNF445,0.4669137,-0.03652086,-0.45774603,-0.15494561
1036_C1orf109_P2_ENSG00000116922,C1orf109,-0.83565694,-0.331654,0.403658,0.13623166
10370_ZNF446_P1P2_ENSG00000083838,ZNF446,-0.023466002,-0.3503937,-0.06957175,-0.1324989
10371_ZNF449_P1P2_ENSG00000173275,ZNF449,0.6488281,-0.78905195,-0.6395907,-0.007846063
10372_ZNF44_P1P2_ENSG00000197857,ZNF44,-0.45308983,0.25391707,-0.38107604,-0.36508542
10373_ZNF451_P1P2_ENSG00000112200,ZNF451,-0.49229005,-0.4913049,1.3897713,-0.32620737
10374_ZNF454_P1P2_ENSG00000178187,ZNF454,-0.9347812,-0.1204488,-0.42260003,-0.511246
10375_ZNF45_P1P2_ENSG00000124459,ZNF45,-0.2682075,-1.0100319,-0.4149493,0.41234705
10376_ZNF460_P1P2_ENSG00000197714,ZNF460,-0.69124,-0.40060374,-0.27973655,-0.7052843
10377_ZNF461_P1P2_ENSG00000197808,ZNF461,-0.26201263,-0.4816434,-0.70534337,-0.15072167
10378_ZNF462_P1P2_ENSG00000148143,ZNF462,0.21624814,-0.1690344,0.7587201,-0.54553163
10379_ZNF467_P1P2_ENSG00000181444,ZNF467,-0.49480397,0.038187414,-0.51353145,-1.1446353
1037_C1orf112_P1P2_ENSG00000000460,C1orf112,-0.26734796,-0.26449782,0.006004443,-0.6548642
10380_ZNF468_P1P2_ENSG00000204604,ZNF468,-0.30112785,-0.23758712,-0.05530863,-0.35156125
10381_ZNF469_ENST00000437464.1_ENSG00000225614,ZNF469,0.17088334,0.16968174,-0.2031933,-0.38650665
10382_ZNF470_P1P2_ENSG00000197016,ZNF470,-0.200044,-0.073710576,-0.4660764,-0.22119409
10383_ZNF471_P1P2_ENSG00000196263,ZNF471,0.12872685,0.13302854,0.028901882,-0.06592557
10384_ZNF473_P1P2_ENSG00000142528,ZNF473,0.01563493,-0.14164005,0.64841926,0.5266274
10385_ZNF474_P1P2_ENSG00000164185,ZNF474,-0.7372952,-0.4382862,-0.05108783,-0.3735834
10386_ZNF479_P1P2_ENSG00000185177,ZNF479,-0.16221604,0.26077008,-0.5464292,0.13977188
10387_ZNF480_P1P2_ENSG00000198464,ZNF480,-0.11447333,-0.23821993,-0.12569734,-0.38112932
10388_ZNF483_P1P2_ENSG00000173258,ZNF483,-0.22818343,-0.47410148,-0.23221815,-0.15358907
10389_ZNF484_P1P2_ENSG00000127081,ZNF484,-0.6861214,-0.23387894,-0.43543422,-0.1960075
1038_C1orf122_P1P2_ENSG00000197982,C1orf122,-0.65317905,-0.41250166,-0.40999937,-0.286988
10390_ZNF485_P1P2_ENSG00000198298,ZNF485,0.108054936,-0.29058146,0.40752783,-0.90649766
10391_ZNF486_P1P2_ENSG00000256229,ZNF486,0.56507355,-0.6647095,0.25748983,0.2016107
10392_ZNF488_P1_ENSG00000265763,ZNF488,0.0029278467,0.5587715,-0.8115815,-0.13450353
10393_ZNF488_P2_ENSG00000265763,ZNF488,-0.24669902,-0.6522915,-0.09094693,-0.023935318
10394_ZNF48_P1P2_ENSG00000180035,ZNF48,-0.08133143,-0.61482984,-0.2995052,-0.121115334
10395_ZNF490_P1P2_ENSG00000188033,ZNF490,-0.14197767,-0.404241,-0.5734934,-0.29554266
10396_ZNF491_P1P2_ENSG00000177599,ZNF491,-0.8611095,-0.32418478,-0.6389901,-0.07204451
10397_ZNF492_P1P2_ENSG00000229676,ZNF492,-0.10033582,-0.008656264,-0.031218177,-0.22874235
10398_ZNF493_P1P2_ENSG00000196268,ZNF493,-0.2914455,-0.0582286,-0.040268578,-0.09139113
10399_ZNF496_P1P2_ENSG00000162714,ZNF496,-0.022997502,-0.8225666,1.6581373,0.29675472
1039_CZIB_P1P2_ENSG00000162384,CZIB,-0.37775275,0.03029423,-0.79148585,-0.383669
103_ACSS2_P1P2_ENSG00000131069,ACSS2,2.660363,1.3280246,-0.86483103,2.076122
10401_ZNF500_P1P2_ENSG00000103199,ZNF500,0.34973297,-0.37846023,-0.9661067,0.060086958
10402_ZNF501_P1P2_ENSG00000186446,ZNF501,-0.33857447,0.22369058,-0.37250003,-0.44631806
10403_ZNF502_P1P2_ENSG00000196653,ZNF502,-0.5884978,0.6226755,-0.45098358,-0.43341997
10404_ZNF503_P1P2_ENSG00000165655,ZNF503,-0.5218329,0.012657827,0.1168517,-0.55506116
10405_ZNF506_P1P2_ENSG00000081665,ZNF506,-0.48345584,-0.112541504,0.0520343,-0.38613117
10406_ZNF507_P1P2_ENSG00000168813,ZNF507,-0.11427004,0.27254784,-0.25645417,0.17080541
10407_ZNF510_P1P2_ENSG00000081386,ZNF510,-0.12397206,0.66136265,0.11197889,-0.44821188
10408_ZNF511_P1P2_ENSG00000198546,ZNF511,-0.66228527,-0.5630688,-0.38121215,-0.6325675
10409_ZNF512B_P1P2_ENSG00000196700,ZNF512B,0.039220333,0.9122388,-0.013867239,-0.50551933
1040_C1orf131_P1P2_ENSG00000143633,C1orf131,-0.06458623,0.05246895,1.500326,0.16632172
10410_ZNF512_P1P2_ENSG00000243943,ZNF512,0.054659866,0.15126362,-0.71585363,-0.27762577
10411_ZNF513_P1P2_ENSG00000163795,ZNF513,-0.03893487,-0.20036595,-0.45714268,0.20976843
10412_ZNF514_P2_ENSG00000144026,ZNF514,-0.77513397,0.04662462,0.13947235,-0.5604669
10413_ZNF514_P1_ENSG00000144026,ZNF514,-0.6526169,0.3606195,0.5798777,-0.62111723
10414_ZNF516_P1P2_ENSG00000101493,ZNF516,0.14395428,-0.09631287,0.33264711,-0.9819761
10415_ZNF517_P1P2_ENSG00000197363,ZNF517,0.8688766,-0.19898902,0.13683625,-0.48287007
10416_ZNF518A_P1P2_ENSG00000177853,ZNF518A,0.18754192,1.432725,0.27738363,0.40364903
10417_ZNF518B_P1P2_ENSG00000178163,ZNF518B,0.19939922,0.7621345,-0.216653,1.0609031
10418_ZNF519_P1P2_ENSG00000175322,ZNF519,0.15533912,-0.014525152,-0.71679515,0.051193696
10419_ZNF521_P1P2_ENSG00000198795,ZNF521,-0.40689814,-0.16053842,-0.9429444,-0.23809834
1041_C1orf159_P1P2_ENSG00000131591,C1orf159,-0.13610968,0.033955403,-0.38034934,-0.044808127
10420_ZNF524_P1P2_ENSG00000171443,ZNF524,-0.23280711,-0.43581304,-0.75946826,1.0692655
10421_ZNF526_P1P2_ENSG00000167625,ZNF526,-0.65635,0.08563489,0.33453235,-0.18126296
10422_ZNF527_P1P2_ENSG00000189164,ZNF527,-0.06881282,-0.27413133,-0.25165,-0.59856075
10423_ZNF528_P1P2_ENSG00000167555,ZNF528,-0.23553416,-0.22639866,-0.31134668,-0.28149572
10424_ZNF529_P1P2_ENSG00000186020,ZNF529,-0.41509032,-0.35147604,0.13124987,-0.27005246
10425_ZNF530_P1P2_ENSG00000183647,ZNF530,0.15035811,-0.19086398,-0.40831846,0.18938129
10426_ZNF532_P2_ENSG00000074657,ZNF532,-0.2875904,-0.5886337,-0.23171465,0.06966426
10427_ZNF532_P1_ENSG00000074657,ZNF532,0.5273257,-0.5281752,-0.21251924,0.30782294
10428_ZNF534_P1P2_ENSG00000198633,ZNF534,-0.60848653,-0.016372913,-0.3157122,-0.43754968
10429_ZNF536_P1P2_ENSG00000198597,ZNF536,-0.28112265,1.2523872,-0.66056556,0.40960404
1042_C1orf174_P1P2_ENSG00000198912,C1orf174,-0.20987764,-0.0065786066,-0.013779228,0.06159409
10430_ZNF540_P2_ENSG00000171817,ZNF540,-0.14181702,-0.12748078,-0.009657479,-0.5759138
10431_ZNF540_P1_ENSG00000171817,ZNF540,0.28552064,-0.08499429,-0.41040477,-0.47395185
10432_ZNF541_P1P2_ENSG00000118156,ZNF541,0.099090524,-0.34389356,-0.059750002,-0.7773548
10433_ZNF543_P1P2_ENSG00000178229,ZNF543,-0.016429916,0.7079872,0.23803017,-0.13688856
10434_ZNF544_P1P2_ENSG00000198131,ZNF544,0.0016265033,-0.0966735,-0.6496887,-0.3523543
10435_ZNF546_P1P2_ENSG00000187187,ZNF546,-0.62609714,-0.67900133,-0.29962546,0.30723158
10436_ZNF547_P1P2_ENSG00000152433,ZNF547,-0.17986749,-0.038159534,-0.023558138,-0.11271832
10437_ZNF548_P1P2_ENSG00000188785,ZNF548,-0.094620764,-1.0517503,1.1056205,-0.501789
10438_ZNF549_P1P2_ENSG00000121406,ZNF549,-0.484436,-0.550261,0.3341683,-1.0291986
10439_ZNF550_P1P2_ENSG00000251369,ZNF550,0.6119155,-0.35364935,0.043925464,-0.13767745
1043_C1orf198_P2_ENSG00000119280,C1orf198,0.16711387,-0.7733741,-0.37834162,-0.3201112
10440_ZNF551_P1P2_ENSG00000204519,ZNF551,-0.16259255,0.8235227,0.055499084,0.2564599
10441_ZNF552_P1P2_ENSG00000178935,ZNF552,-0.28302702,-0.37630212,0.022787934,-0.4790121
10442_ZNF554_P1P2_ENSG00000172006,ZNF554,0.94194233,0.11661017,0.87654877,0.3199883
10443_ZNF555_P1P2_ENSG00000186300,ZNF555,0.4749196,-0.2180608,-0.5455461,-0.21895525
10444_ZNF556_P1P2_ENSG00000172000,ZNF556,-0.17969468,-0.19818507,0.03242343,0.11128568
10445_ZNF557_P1P2_ENSG00000130544,ZNF557,-0.56183374,-0.88879746,-0.21424143,-1.0875275
10446_ZNF558_P1P2_ENSG00000167785,ZNF558,-0.6604798,-0.23936547,0.32134053,-0.66181165
10447_ZNF559_P1P2_ENSG00000188321,ZNF559,0.26836485,-0.051790114,-1.3196112,0.63230485
10448_ZNF560_P1P2_ENSG00000198028,ZNF560,0.40499556,-0.6063095,1.0508745,-0.49196225
10449_ZNF561_P1P2_ENSG00000171469,ZNF561,-0.35587138,-0.020593405,-0.19137304,-0.2904903
1044_C1orf198_P1_ENSG00000119280,C1orf198,-0.17550443,-0.4142227,-0.2940805,-0.3339671
10450_ZNF562_P1P2_ENSG00000171466,ZNF562,0.5407525,-0.5480292,-0.24779592,-0.5272881
10451_ZNF563_P1P2_ENSG00000188868,ZNF563,0.28862002,0.03505925,-0.39708766,0.19726844
10452_ZNF564_P1P2_ENSG00000249709,ZNF564,0.30972877,0.0209445,0.03530047,0.22589436
10453_ZNF565_P1P2_ENSG00000196357,ZNF565,0.122264795,-0.21689813,-0.11761902,-0.19431897
10454_ZNF566_P1P2_ENSG00000186017,ZNF566,-0.20562641,-0.11760445,-0.46459728,-0.23421569
10455_ZNF567_P1P2_ENSG00000189042,ZNF567,-0.86029476,-0.32093886,-0.68056047,0.17539151
10456_ZNF568_P1P2_ENSG00000198453,ZNF568,-0.40162414,0.3990597,-0.55335325,0.23572578
10457_ZNF569_P1P2_ENSG00000196437,ZNF569,0.091483936,0.20190279,0.0978563,0.4432507
10458_ZNF570_P2_ENSG00000171827,ZNF570,0.36103424,-0.30158466,-0.289889,0.3791411
10459_ZNF570_P1_ENSG00000171827,ZNF570,0.2725989,-0.066729985,0.0038722337,0.21486849
1045_C1orf216_P1P2_ENSG00000142686,C1orf216,-0.3765752,-0.07822654,0.3312148,-0.68496346
10460_ZNF571_P1P2_ENSG00000180479,ZNF571,-0.15879452,0.48612085,-0.39908278,0.66603196
10461_ZNF572_P1P2_ENSG00000180938,ZNF572,-0.2886305,-0.030784713,-0.5086067,-0.23767436
10462_ZNF573_P1P2_ENSG00000189144,ZNF573,-0.67067754,-0.6825019,-0.96434575,-0.4836239
10463_ZNF574_P1_ENSG00000105732,ZNF574,0.017179847,-0.72717637,0.8877282,-0.31631327
10464_ZNF574_P2_ENSG00000105732,ZNF574,-0.010842416,0.08184747,-0.20598148,-0.32815847
10465_ZNF575_P1P2_ENSG00000176472,ZNF575,-0.47202343,-0.19236615,0.17509587,-0.40721574
10466_ZNF576_P1P2_ENSG00000124444,ZNF576,0.20160475,-0.6537672,-0.17636025,-0.4193672
10467_ZNF577_P1P2_ENSG00000161551,ZNF577,-0.06676067,0.22086626,-0.45402846,0.07376509
10468_ZNF578_P1P2_ENSG00000258405,ZNF578,-0.96670943,-0.31643817,-0.17480563,-0.53753144
10469_ZNF579_P1P2_ENSG00000218891,ZNF579,-0.29149696,-0.17899446,0.18415898,-0.5610943
1046_FNDC10_P1P2_ENSG00000228594,FNDC10,-0.4056798,-0.07130159,-0.9086834,-0.062288526
10470_ZNF57_P1P2_ENSG00000171970,ZNF57,-0.3433338,-0.31229246,-0.17637794,-0.8693495
10471_ZNF580_P1_ENSG00000213015,ZNF580,-0.0021763283,-0.596721,-0.423435,-0.39122498
10472_ZNF580_P2_ENSG00000213015,ZNF580,0.07399514,0.116257295,-0.27234107,0.0040877676
10473_ZNF581_P1_ENSG00000171425,ZNF581,-0.059886873,-0.4909933,-0.45721418,-0.9635867
10475_ZNF582_P1P2_ENSG00000018869,ZNF582,0.17651862,-0.36368364,-0.23701695,-0.15629633
10476_ZNF583_P1P2_ENSG00000198440,ZNF583,-0.08413182,0.04528818,-0.1579423,0.26823947
10477_ZNF584_P1P2_ENSG00000171574,ZNF584,-0.76055974,0.12626268,-0.32936937,-0.6526817
10479_ZNF585B_P1P2_ENSG00000245680,ZNF585B,-1.0589199,-0.4093785,-0.06020827,0.4262073
1047_ODR4_P1P2_ENSG00000157181,ODR4,-0.16468163,-0.068825305,0.03838047,-0.37583658
10480_ZNF586_P1P2_ENSG00000083828,ZNF586,0.38201582,0.4658209,-0.5693272,-1.0969957
10481_ZNF587B_ENST00000594901.1_ENSG00000269343,ZNF587B,-0.6949429,-0.69127756,0.48733646,0.36483315
"10482_ZNF587_ENST00000339656.5,ENST00000423137.1_ENSG00000198466",ZNF587,-0.48777753,0.44458386,0.4238918,-0.355866
10483_ZNF589_P1P2_ENSG00000164048,ZNF589,-0.47633383,-0.45712203,-0.043527234,-0.28392845
10484_ZNF592_P1P2_ENSG00000166716,ZNF592,-0.7435654,0.60473025,2.560236,-0.9458088
10485_ZNF593_P1P2_ENSG00000142684,ZNF593,-0.032897115,-0.26426578,-0.44381782,-0.17849274
10486_ZNF594_P1P2_ENSG00000180626,ZNF594,-0.26637638,-0.31753954,-0.39754167,-0.21623325
10487_ZNF595_P1_ENSG00000272602,ZNF595,-0.3915515,0.035805285,-0.19074804,-0.09450352
10488_ZNF595_P2_ENSG00000272602,ZNF595,-0.38755184,0.8148041,-0.5955842,-0.32853794
10489_ZNF596_P1P2_ENSG00000172748,ZNF596,0.015352775,0.57468075,-0.34024733,0.08789254
1048_C1orf35_P1P2_ENSG00000143793,C1orf35,0.026922232,0.051446427,0.17503425,-0.3393498
10490_ZNF597_P1P2_ENSG00000167981,ZNF597,-0.42696095,-0.23342936,-0.30389664,-0.8129457
10491_ZNF598_P1P2_ENSG00000167962,ZNF598,-0.59564555,0.04236294,0.2375443,0.49467158
10492_ZNF599_P1P2_ENSG00000153896,ZNF599,0.15763271,-0.3522964,0.038082015,-0.2759492
10493_ZNF600_P1P2_ENSG00000189190,ZNF600,-0.49827823,-0.51931787,-0.14375964,-0.43928424
10494_ZNF605_P1P2_ENSG00000196458,ZNF605,-0.17567904,-0.14241292,0.27740383,-0.6661282
10495_ZNF606_P1P2_ENSG00000166704,ZNF606,-0.24082094,-0.36412403,-0.69698435,-0.20041549
10496_ZNF607_P1P2_ENSG00000198182,ZNF607,-0.011805304,-0.3918867,-0.2543129,0.16536094
10497_ZNF608_P1_ENSG00000168916,ZNF608,-0.55525136,-0.43759593,-0.36874142,-0.6077481
10498_ZNF608_P2_ENSG00000168916,ZNF608,-0.32369256,-0.6125735,0.25779742,-0.29774433
10499_ZNF609_ENST00000326648.3_ENSG00000180357,ZNF609,0.46797884,-0.5608069,-0.120907165,-0.4158698
1049_C1orf43_P1P2_ENSG00000143612,C1orf43,-0.33692873,-1.4005511,0.08514079,-1.7986045
104_ACTB_P1P2_ENSG00000075624,ACTB,-0.088618636,0.13782524,-0.20864463,2.8898942
10500_ZNF610_P1P2_ENSG00000167554,ZNF610,0.24863121,0.84700614,-0.5532935,0.32078078
10501_ZNF611_P1P2_ENSG00000213020,ZNF611,0.88197243,-0.29395226,-0.3385115,0.5772627
10502_ZNF613_P1P2_ENSG00000176024,ZNF613,-0.47064063,0.39752868,0.10482006,-0.020049462
10503_ZNF614_P1P2_ENSG00000142556,ZNF614,-0.1075435,-0.50555915,-0.2977959,0.7825286
10504_ZNF615_P1P2_ENSG00000197619,ZNF615,0.08338704,-0.6305081,-0.0542304,-0.674281
10505_ZNF616_P1P2_ENSG00000204611,ZNF616,-0.15591379,-0.5622521,0.14434624,-0.643198
10506_ZNF618_P1P2_ENSG00000157657,ZNF618,0.22334747,-0.65462637,0.083216146,-0.38431332
10507_ZNF619_P1P2_ENSG00000177873,ZNF619,0.06316721,-0.48528978,-0.19904713,-0.15639563
10508_ZNF620_P1P2_ENSG00000177842,ZNF620,-0.77259254,-0.96559936,-0.3610373,-0.4395458
10509_ZNF621_P1P2_ENSG00000172888,ZNF621,-0.022062102,0.5495606,-0.25541282,-0.13258256
1050_C1orf50_P1P2_ENSG00000164008,C1orf50,-0.024635743,-0.38791496,0.11242134,0.02833481
10510_ZNF622_P1P2_ENSG00000173545,ZNF622,-0.3876402,-0.9350227,0.30089316,-0.7335649
10511_ZNF623_P1P2_ENSG00000183309,ZNF623,0.028850239,-0.18684277,-0.24676932,-0.21801561
10512_ZNF624_P1P2_ENSG00000197566,ZNF624,-0.23356096,-0.021542743,-0.39133272,-0.1831994
10514_ZNF626_P1P2_ENSG00000188171,ZNF626,0.14877771,-1.0520569,0.12910724,-0.43515962
10515_ZNF627_P1P2_ENSG00000198551,ZNF627,-0.7619208,0.007358422,-0.20743306,-0.14470139
10516_ZNF628_P1P2_ENSG00000197483,ZNF628,-0.465268,0.016357157,-0.12022666,0.27752087
10517_ZNF629_P1P2_ENSG00000102870,ZNF629,-0.32004473,-0.5391099,0.13298297,-1.0742204
10518_ZNF630_P1P2_ENSG00000221994,ZNF630,-0.26466724,-0.26409277,-0.03884384,-0.1389878
10519_ZNF638_P1P2_ENSG00000075292,ZNF638,-0.31637165,-0.6966418,0.40952453,-0.27670413
1051_C1orf52_P1P2_ENSG00000162642,C1orf52,-0.2141352,0.115710646,0.096550286,0.337236
10520_ZNF639_P1P2_ENSG00000121864,ZNF639,0.3147582,0.11133117,-0.116806775,0.19074632
10521_ZNF641_P1P2_ENSG00000167528,ZNF641,-0.06973457,0.25065213,-0.0385295,-0.43657374
10522_ZNF644_P1P2_ENSG00000122482,ZNF644,-0.9290542,-0.025710957,0.88396984,-1.239187
10523_CBLL2_P1P2_ENSG00000175809,CBLL2,0.5976161,0.012481481,-0.8511359,0.25028604
10524_ZNF646_P1P2_ENSG00000167395,ZNF646,-0.5610811,0.40074566,-0.17232917,-0.23411748
10525_ZNF648_P1P2_ENSG00000179930,ZNF648,-0.69271004,-0.4740933,-0.20035866,0.23871547
10526_ZNF649_P1P2_ENSG00000198093,ZNF649,-0.41449767,0.10844111,-0.11283856,-0.7242757
10527_ZNF652_P1P2_ENSG00000198740,ZNF652,0.24184616,-0.025057029,-0.057183374,0.3513496
10528_ZNF653_P1P2_ENSG00000161914,ZNF653,1.1089811,-0.5126142,-0.32628965,-0.11669278
10529_ZNF654_P1P2_ENSG00000175105,ZNF654,-0.5808803,-0.42764091,-0.24600108,-0.0974315
1052_C1orf53_P1P2_ENSG00000203724,C1orf53,0.1928491,0.096844986,0.1433881,-0.2390002
10530_ZNF655_P1P2_ENSG00000197343,ZNF655,-0.32654598,-0.39381686,-0.57467294,-0.75041956
"10531_ZNF658_ENST00000377626.3,ENST00000602553.1_ENSG00000274349",ZNF658,0.0826836,-0.35949433,-0.29468217,-0.20347074
10532_ZNF660_P1P2_ENSG00000144792,ZNF660,0.27991092,-0.13220462,-0.18805803,0.16695747
10533_ZNF662_P1P2_ENSG00000182983,ZNF662,-0.40466666,0.10503835,-0.3730865,-0.25122124
10534_ZNF664_P1P2_ENSG00000179195,ZNF664,0.1130197,-0.25886685,-0.3377219,-0.2333676
10535_ZNF665_P1P2_ENSG00000197497,ZNF665,-0.5286284,0.5513024,-0.3706477,-0.48759583
10536_ZNF667_P1P2_ENSG00000198046,ZNF667,-0.65637857,0.6779653,-0.10023353,0.06865652
10537_ZNF668_ENST00000417110.2_ENSG00000167394,ZNF668,-0.049479805,0.11992846,-0.0030745019,-0.57197237
10538_ZNF669_P1P2_ENSG00000188295,ZNF669,-1.0305259,-0.8263808,-0.3409252,-0.7745559
10539_ZNF670_P1P2_ENSG00000277462,ZNF670,0.7411439,1.670315,-0.0813319,0.44159946
1053_C1orf56_P1P2_ENSG00000143443,C1orf56,-0.75480527,0.07596802,-0.5412981,-0.580438
10540_ZNF671_P1P2_ENSG00000083814,ZNF671,-0.6722748,-0.30779612,-0.4313762,-0.22663
10541_ZNF672_P1P2_ENSG00000171161,ZNF672,0.24086173,-0.37436768,-0.3042383,-0.048113525
10542_ZNF674_P1P2_ENSG00000251192,ZNF674,-0.3341107,0.51811516,0.07361793,-0.24561024
10543_ZNF675_P1P2_ENSG00000197372,ZNF675,0.48006752,-0.30687687,-0.2565987,0.51688623
10544_ZNF676_ENST00000397121.2_ENSG00000196109,ZNF676,-0.022656653,0.07002356,-0.2258029,-0.27003676
10545_ZNF677_P1P2_ENSG00000197928,ZNF677,-0.5783487,-0.10114571,-0.08242088,-0.1926903
10546_ZNF678_P1P2_ENSG00000181450,ZNF678,-0.104067825,0.03322149,-0.034967907,-0.46605137
10547_ZNF679_P1P2_ENSG00000197123,ZNF679,0.36141524,0.5391847,-0.20951888,0.19385082
10548_ZNF680_P1P2_ENSG00000173041,ZNF680,-0.363193,0.38117605,-0.20427434,0.11222378
10549_ZNF681_P1P2_ENSG00000196172,ZNF681,-0.9449097,0.88812906,-1.3993671,0.4643608
1054_C1orf61_P2_ENSG00000125462,C1orf61,-0.13385898,-0.42736372,-0.101851925,-0.09683094
10550_ZNF682_P1P2_ENSG00000197124,ZNF682,0.18175404,0.41853333,-0.23968808,0.13163601
10551_ZNF683_P1P2_ENSG00000176083,ZNF683,0.21033412,0.56282735,-0.6142929,0.038678832
10552_ZNF684_P1P2_ENSG00000117010,ZNF684,-0.015373011,-0.3776867,-0.2659684,-0.29071727
10553_ZNF687_P1P2_ENSG00000143373,ZNF687,-0.37325618,0.42458254,2.3540797,-0.13407236
10554_ZNF688_P1P2_ENSG00000229809,ZNF688,-0.22206193,-0.20270221,0.11766457,-0.8916342
10555_ZNF689_P1P2_ENSG00000156853,ZNF689,-0.75087875,0.39007267,0.59951097,-0.5600196
10556_ZNF691_P1P2_ENSG00000164011,ZNF691,-0.12582943,0.6122728,0.12880534,-0.30887896
10557_ZNF692_P1P2_ENSG00000171163,ZNF692,-0.20293091,-0.063979305,0.015630508,-0.49721593
10558_ZNF695_ENST00000339986.7_ENSG00000197472,ZNF695,0.5912048,0.72180015,-0.63026094,3.8938892
10559_ZNF696_P1P2_ENSG00000185730,ZNF696,-0.009653396,0.12512527,-0.3077438,-0.4521073
1055_C1orf61_P1_ENSG00000125462,C1orf61,-0.40393734,0.12114722,-0.023134422,-0.40430826
10560_ZNF697_P1P2_ENSG00000143067,ZNF697,-0.06365164,0.53571576,0.30105522,0.65697396
10561_ZNF699_ENST00000308650.3_ENSG00000196110,ZNF699,-0.59559983,-0.018924845,-0.24564406,-0.108944945
10562_ZNF699_ENST00000591998.1_ENSG00000196110,ZNF699,0.4622467,-0.323357,-0.73090017,0.8356386
10563_ZNF69_P1P2_ENSG00000198429,ZNF69,0.27295026,-0.031183619,-0.61365825,-0.7228552
10564_ZNF700_P1P2_ENSG00000196757,ZNF700,1.8891692,-0.0442931,-1.144169,0.4126351
10565_ZNF701_P1P2_ENSG00000167562,ZNF701,-0.4529253,0.24194975,-0.25418305,-0.5952156
10566_ZNF703_P1P2_ENSG00000183779,ZNF703,-0.019044673,-0.81901187,1.6120578,0.64869654
10567_ZNF704_P1P2_ENSG00000164684,ZNF704,-0.1039455,3.089679,-0.96495706,0.8765172
10568_ZNF705A_P1P2_ENSG00000196946,ZNF705A,-0.1420057,0.51244676,0.005070401,-0.25391078
1056_SHLD1_P1P2_ENSG00000171984,SHLD1,-0.42789283,-0.41931787,0.55041873,-1.0390786
10570_ZNF705B_ENST00000400120.3_ENSG00000215356,ZNF705B,-0.4817606,-0.68959326,0.172306,-0.9170816
10572_ZNF705G_ENST00000400156.4_ENSG00000215372,ZNF705G,-0.041218575,-0.62951314,-0.45456383,0.4992196
10573_ZNF705G_ENST00000400078.2_ENSG00000215372,ZNF705G,-1.3988642,-0.67025363,-0.014058243,-1.4897678
10574_ZNF706_P1P2_ENSG00000120963,ZNF706,0.058297694,-0.9967058,2.7302585,0.27191108
10575_ZNF707_P1P2_ENSG00000181135,ZNF707,0.12420604,-0.11624838,0.12720391,0.44995132
10576_ZNF708_P1P2_ENSG00000182141,ZNF708,-0.877504,0.49839652,-0.12460665,0.074951
10577_ZNF709_P1P2_ENSG00000242852,ZNF709,-0.23626491,0.2647003,-0.24300317,-0.4533993
10578_ZNF70_P1P2_ENSG00000187792,ZNF70,-0.17868891,0.14218342,-0.23520038,-0.037223764
10579_ZNF710_P1P2_ENSG00000140548,ZNF710,0.0021627103,-0.4552877,-0.5483184,-0.85059506
1057_C20orf203_P1P2_ENSG00000198547,C20orf203,0.4127411,-0.40467986,-0.602198,-0.5904635
10580_ZNF711_P1P2_ENSG00000147180,ZNF711,0.03928953,-0.08432182,-0.26628062,-0.2542917
10581_ZNF713_P1P2_ENSG00000178665,ZNF713,-0.2822651,0.35154694,-0.2656679,-0.3584213
10582_ZNF714_P1P2_ENSG00000160352,ZNF714,-0.42561758,-0.2235069,0.24217159,-0.83189917
10583_ZNF716_P1P2_ENSG00000182111,ZNF716,0.36250472,-0.1978645,0.1280583,-0.21623217
10584_ZNF717_P1P2_ENSG00000227124,ZNF717,0.23546296,-0.57201463,0.7628982,-1.0510118
"10585_ZNF718_ENST00000510175.1,ENST00000511079.1,ENST00000513304.1,ENST00000513889.1_ENSG00000250312",ZNF718,0.1151754,-0.0600485,0.15345174,-0.22017902
10586_ZNF718_ENST00000502662.1_ENSG00000250312,ZNF718,0.26836327,0.097875185,-0.34651452,0.06291195
10587_ZNF718_ENST00000400172.3_ENSG00000250312,ZNF718,0.08085584,-0.5536643,-0.13120909,-0.2838391
10588_ZNF71_P1P2_ENSG00000197951,ZNF71,-0.17548895,-0.0031280615,0.71260095,0.029606001
10589_ZNF720_P1P2_ENSG00000197302,ZNF720,0.19597246,0.0870273,-0.40883875,-0.13297616
1058_RAB5IF_P1P2_ENSG00000101084,RAB5IF,-0.2315262,2.3700147,0.8086673,-0.7613049
10590_ZNF721_P1_ENSG00000182903,ZNF721,-0.16880554,-1.0026958,-0.76822686,-0.07358594
10591_ZNF721_P2_ENSG00000182903,ZNF721,-0.3851404,-0.5187023,0.39385512,-0.23936343
10592_ZNF726_P1P2_ENSG00000213967,ZNF726,-0.7950728,0.07768167,-0.00933503,-0.23006645
10593_ZNF727_P1P2_ENSG00000214652,ZNF727,-0.27674806,-0.72009677,-0.047946613,-0.41185623
10594_ZNF728_ENST00000594710.1_ENSG00000269067,ZNF728,0.3292578,-0.47954172,-0.35300878,-0.3450916
10595_ZNF729_P1P2_ENSG00000196350,ZNF729,1.4045302,-0.9236664,-0.015721237,-0.30910984
10596_ZNF730_P1P2_ENSG00000183850,ZNF730,0.35754314,-0.11421763,0.03898086,-0.09966016
10597_ZNF732_P1P2_ENSG00000186777,ZNF732,-0.54901123,0.15016681,0.40024856,-0.43234885
10598_ZNF735_NM_001159524_ENSG00000223614,ZNF735,0.35246217,0.121142894,0.046987213,0.00782981
10599_ZNF736_P1_ENSG00000234444,ZNF736,-0.16255775,-0.411445,-0.13748239,-0.041988365
1059_C20orf27_P1P2_ENSG00000101220,C20orf27,-0.48248148,-0.52944136,0.15844704,0.023193296
10600_ZNF736_P2_ENSG00000234444,ZNF736,0.27453405,0.046281856,-0.41659766,0.109719045
10601_ZNF737_P1P2_ENSG00000237440,ZNF737,-0.65361166,-0.0019534405,-0.19362547,-0.47724786
10602_ZNF740_P1P2_ENSG00000139651,ZNF740,0.5270665,-0.45599413,-0.26717937,-1.1260554
10603_ZNF746_P1P2_ENSG00000181220,ZNF746,-0.26110756,0.2827997,-0.66241974,-0.2433436
10604_ZNF747_P1P2_ENSG00000169955,ZNF747,-0.5178168,-1.1801881,-0.21531138,-0.49179128
10605_ZNF749_P1P2_ENSG00000186230,ZNF749,-0.5850705,0.101315886,-0.6898675,-0.82191914
10606_ZNF74_P1P2_ENSG00000185252,ZNF74,-2.037655e-05,-0.40258768,0.40432706,-0.62045276
10607_ZNF750_P1P2_ENSG00000141579,ZNF750,0.2438907,-0.42766073,-0.6003838,-0.45200986
10608_ZNF75A_P1P2_ENSG00000162086,ZNF75A,-0.15954444,0.10988901,-0.38412696,-0.08558944
10609_ZNF75D_P1P2_ENSG00000186376,ZNF75D,0.19346362,-0.44886267,-0.19825046,0.0070174304
1060_C20orf96_P1P2_ENSG00000196476,C20orf96,0.33039936,0.19743463,-0.6804994,0.17523909
10610_ZNF761_P1P2_ENSG00000160336,ZNF761,-0.44978985,-1.0286236,-0.024635388,-0.6058836
10611_ZNF763_P1P2_ENSG00000197054,ZNF763,-0.04625968,-0.68299,0.24943961,-0.8032126
10612_ZNF764_P1P2_ENSG00000169951,ZNF764,-0.061817646,-0.039874896,-0.28144717,-0.2013488
10613_ZNF765_P1_ENSG00000196417,ZNF765,-0.13675232,-0.40376458,-0.31094605,0.11025723
10614_ZNF765_P2_ENSG00000196417,ZNF765,-0.00013060705,-0.7809239,-0.13920219,-0.8789904
10615_ZNF766_P1P2_ENSG00000196214,ZNF766,-0.2555037,-0.658473,-0.5549281,-0.50343287
10616_ZNF768_P1_ENSG00000169957,ZNF768,-0.08956282,-1.1812584,0.2581688,-0.37437558
10617_ZNF768_P2_ENSG00000169957,ZNF768,-0.0148512665,-0.5047875,-0.63792855,0.5151764
10618_ZNF76_P1P2_ENSG00000065029,ZNF76,-0.30531913,-0.1952191,0.069912635,-0.10598362
10619_ZNF770_P1P2_ENSG00000198146,ZNF770,0.28706542,-0.31390643,-0.40513712,-0.12435108
1061_CFAP410_P1P2_ENSG00000160226,CFAP410,-0.111444466,0.2522529,0.051884815,0.15870583
10620_ZNF771_P1P2_ENSG00000179965,ZNF771,-0.53449935,-0.55413866,-0.4295999,-0.6234773
10621_ZNF772_P1P2_ENSG00000197128,ZNF772,-0.27464652,-0.77517045,-0.32171953,-0.5182241
10622_ZNF773_P1P2_ENSG00000152439,ZNF773,0.21204491,-0.24502538,-0.52619475,-0.5042706
10624_ZNF775_P1P2_ENSG00000196456,ZNF775,0.02092535,-0.5153392,-0.98151165,-0.36215088
10625_ZNF776_P1P2_ENSG00000152443,ZNF776,-0.36142802,-0.42832297,-0.24411666,0.46018887
10626_ZNF777_P1P2_ENSG00000196453,ZNF777,-0.032212842,-0.11115489,-0.6625181,-0.15037727
10627_ZNF778_P1P2_ENSG00000170100,ZNF778,0.027360035,-0.41287565,-0.10779847,-0.10468625
10628_ZNF77_P1P2_ENSG00000175691,ZNF77,0.2923387,0.51599306,-0.61571544,-0.19742993
10629_ZNF780A_P1P2_ENSG00000197782,ZNF780A,-0.38814276,1.2681639,-1.3128294,0.8642505
1062_GATD3A_P1P2_ENSG00000160221,GATD3A,0.37895477,-0.5262773,-0.651938,-0.044699807
10630_ZNF780B_P1P2_ENSG00000128000,ZNF780B,0.010367742,-0.17732756,0.26563683,0.071207576
10631_ZNF781_P1P2_ENSG00000196381,ZNF781,-0.59646535,-0.29783195,-0.1850794,-0.4097673
10632_ZNF782_P1P2_ENSG00000196597,ZNF782,1.2314035,-0.76329255,-0.29677862,-0.29743436
10633_ZNF783_P1P2_ENSG00000204946,ZNF783,-0.39860186,0.035619963,-0.22739719,-0.38585657
10634_ZNF784_P1P2_ENSG00000179922,ZNF784,-0.69633764,-0.20009108,-0.90477,-0.16115081
10635_ZNF785_P1P2_ENSG00000197162,ZNF785,0.055776916,-0.18745753,0.2955154,0.16656694
10636_ZNF786_P1P2_ENSG00000197362,ZNF786,-0.53047353,0.22653915,0.39162573,0.9178495
10637_ZNF787_P1P2_ENSG00000142409,ZNF787,-0.56916124,-0.47933334,-0.30510902,-0.11876331
10638_ZNF789_P1P2_ENSG00000198556,ZNF789,-1.2284895,-0.6309984,0.15211181,-0.71724
10639_ZNF790_P1_ENSG00000197863,ZNF790,0.04518781,-1.4151539,0.018924756,-0.23543696
1063_C21orf58_P2_ENSG00000160298,C21orf58,-0.10786996,-1.0359663,-0.33217207,-0.21979259
10640_ZNF790_P2_ENSG00000197863,ZNF790,-0.27097887,0.009738312,0.088565215,-0.31183755
10641_ZNF791_P1P2_ENSG00000173875,ZNF791,0.06263689,-0.13786343,-0.5880544,-0.030439114
10642_ZNF792_P1P2_ENSG00000180884,ZNF792,-0.03412987,0.6194967,-0.19912887,-0.110892445
10643_ZNF793_P1P2_ENSG00000188227,ZNF793,-0.2890612,-0.34759998,0.17244671,-0.35371298
10644_ZNF799_P1P2_ENSG00000196466,ZNF799,0.009403446,-0.37825024,-0.63284576,-1.147389
10645_ZNF79_P1P2_ENSG00000196152,ZNF79,0.39314625,0.1900322,-0.25851414,-0.030742597
10646_ZNF7_P1P2_ENSG00000147789,ZNF7,-0.5841025,0.098867364,-0.66332793,-0.11120744
10647_ZNF800_P1P2_ENSG00000048405,ZNF800,-0.5316322,-0.3945557,-0.051492125,-0.70899105
10648_ZNF804A_P1P2_ENSG00000170396,ZNF804A,-0.25188252,-0.5860938,-0.085762344,-0.21136293
10649_ZNF804B_P1P2_ENSG00000182348,ZNF804B,-0.47389853,0.2597659,-0.25653073,-0.061121695
1064_C21orf58_P1_ENSG00000160298,C21orf58,0.15177585,-0.5374167,0.03222759,-0.5287649
10650_ZNF805_P1P2_ENSG00000204524,ZNF805,0.5340168,-0.36020032,0.20512031,-0.32599407
10651_ZNF808_P1_ENSG00000198482,ZNF808,0.047260262,-0.06166802,0.23396346,-0.051522046
10652_ZNF808_P2_ENSG00000198482,ZNF808,0.3155044,1.3907735,-0.75685304,0.73471504
10653_ZNF80_ENST00000482457.2_ENSG00000174255,ZNF80,-0.14497504,-1.8295908,-0.20767678,-0.18637553
10654_ZNF813_P1P2_ENSG00000198346,ZNF813,0.15591079,-0.24934942,-0.33874384,-0.31577358
10655_ZNF814_P1P2_ENSG00000204514,ZNF814,0.15853274,-0.9108357,0.28282255,-0.869205
10656_ZNF816_P2_ENSG00000180257,ZNF816,-0.2517475,0.17071582,-0.36273155,-0.22835983
10657_ZNF816_P1_ENSG00000180257,ZNF816,-0.024887463,-0.011955722,-0.8516957,-0.09933993
10658_ZNF81_P1P2_ENSG00000197779,ZNF81,-0.576778,-0.46885243,-0.36178687,-0.3488681
10659_ZNF821_P1P2_ENSG00000102984,ZNF821,-0.07688719,-0.14127532,-0.37581238,0.2014431
1065_CFAP298_P1P2_ENSG00000159079,CFAP298,-0.06782148,-0.3516713,0.10209976,-0.115054525
10660_ZNF823_P1P2_ENSG00000197933,ZNF823,0.005250794,0.2973305,-0.22802538,0.13552399
10661_ZNF827_P1P2_ENSG00000151612,ZNF827,0.90278363,0.8366896,-1.4041747,-0.067744724
10662_ZNF829_P1P2_ENSG00000185869,ZNF829,-0.5557434,-0.7871995,0.68161994,-0.5497424
10664_ZNF831_ENST00000371030.2_ENSG00000124203,ZNF831,-0.027802516,-0.036484826,0.009330362,0.31180018
10665_ZNF835_P1P2_ENSG00000127903,ZNF835,0.37061104,-0.049843177,-0.25181556,-0.11554236
10666_ZNF836_P1P2_ENSG00000196267,ZNF836,0.062488947,-0.0056109214,-0.014870492,0.23058783
10667_ZNF837_P1P2_ENSG00000152475,ZNF837,-0.5924804,-0.00061389495,0.29048625,0.00068817707
10668_ZNF83_ENST00000597597.1_ENSG00000167766,ZNF83,-0.11560098,-0.20080319,0.5193727,-0.099838
10669_ZNF83_ENST00000541777.2_ENSG00000167766,ZNF83,-0.37850642,0.35952273,-0.030819014,-0.22502129
1066_C21orf91_P1P2_ENSG00000154642,C21orf91,0.13543947,0.3630485,-0.33581522,-0.9755243
"10670_ZNF83_ENST00000301096.3,ENST00000536937.1,ENST00000544146.1,ENST00000545872.1_ENSG00000167766",ZNF83,-0.6199459,0.40971994,-0.20522007,-0.8318463
10671_ZNF841_P1P2_ENSG00000197608,ZNF841,-0.7093468,-0.3878627,-0.11167525,-0.38764834
10672_ZNF843_P1P2_ENSG00000176723,ZNF843,-0.2066055,0.16440345,-0.4543715,-0.2612693
10673_ZNF844_P1P2_ENSG00000223547,ZNF844,0.0012882687,-0.45782667,-0.3668633,-0.06788198
10674_ZNF845_P1P2_ENSG00000213799,ZNF845,-0.511321,-0.6070532,-0.1857023,-0.039645106
10675_ZNF846_P1P2_ENSG00000196605,ZNF846,-0.39612022,0.02175309,-0.050118767,0.38878024
10676_ZNF84_P1P2_ENSG00000198040,ZNF84,-0.07705469,0.038804885,1.7829206,0.20386936
10677_ZNF850_P1P2_ENSG00000267041,ZNF850,-0.33870304,0.3344358,-0.8025944,-0.040514432
10678_ZNF852_P1P2_ENSG00000178917,ZNF852,0.75988495,0.6680749,-0.44816887,-0.29703373
10679_ZNF853_P2_ENSG00000236609,ZNF853,-0.5747284,0.14799811,0.33998394,0.4926073
1067_RTL10_P1P2_ENSG00000215012,RTL10,-0.05140221,-0.015003335,0.5436778,-1.0004898
10680_ZNF853_P1_ENSG00000236609,ZNF853,-0.98312056,-0.3793358,-1.0613357,0.009862005
10681_ZNF85_P1P2_ENSG00000105750,ZNF85,-0.2841359,-0.17276014,0.20525585,-0.3008551
10682_ZNF860_P1P2_ENSG00000197385,ZNF860,-0.18956733,0.39517638,-0.23450154,-0.15589967
10683_ZNF865_P1P2_ENSG00000261221,ZNF865,-0.47564048,0.04520442,-0.14688197,-0.15211031
10684_ZNF878_P1P2_ENSG00000257446,ZNF878,-0.0002771251,-0.85701823,-0.6404424,-0.14823827
10685_ZNF879_P1P2_ENSG00000234284,ZNF879,-0.40824252,-0.55932856,-0.51581025,-0.005266806
10686_ZNF880_P1P2_ENSG00000221923,ZNF880,-0.5898109,0.47337085,-0.46419305,-0.034541413
10687_ZNF883_P1P2_ENSG00000285447,ZNF883,0.22200073,0.46307135,-0.6219922,0.37530667
10688_ZNF888_ENST00000454258.1_ENSG00000213793,ZNF888,0.18411092,0.031058216,-0.808525,0.10085028
10689_ZNF888_ENST00000596623.1_ENSG00000213793,ZNF888,-1.4333503,0.5571245,-0.5955937,-0.25902706
1068_C22orf39_P1P2_ENSG00000242259,C22orf39,-0.029279323,-0.50681436,0.389496,-0.16374323
10690_ZNF891_P1P2_ENSG00000214029,ZNF891,-0.31223795,-0.40184328,0.202746,-0.8256885
10691_ZNF8_P1P2_ENSG00000278129,ZNF8,0.40294695,0.9912464,-1.2440768,0.6238194
10692_ZNF90_P1P2_ENSG00000213988,ZNF90,-0.29240677,-0.1819116,0.07559239,-0.58875346
10693_ZNF91_P1P2_ENSG00000167232,ZNF91,-0.054728538,-0.48491952,0.4030368,-0.49634454
10694_ZNF92_P1P2_ENSG00000146757,ZNF92,0.60498786,-0.29171953,-0.019185929,-0.09252118
10695_ZNF93_P1P2_ENSG00000184635,ZNF93,-0.149144,-0.14826386,-0.3177143,0.03454773
10696_ZNF98_P1P2_ENSG00000197360,ZNF98,0.29054904,-0.0066645467,-0.9384173,-0.83961016
10697_ZNF99_P1P2_ENSG00000213973,ZNF99,-0.50507075,-0.18733656,0.012702679,-0.3867722
10698_ZNFX1_P1P2_ENSG00000124201,ZNFX1,-0.38766417,0.051570836,-0.019778455,-0.07827687
10699_ZNHIT1_P1P2_ENSG00000106400,ZNHIT1,1.2139015,0.2601524,-0.7394276,0.78993356
1069_C22orf46_P1P2_nan,C22orf46,0.4389879,1.2746267,-1.3540448,2.160992
106_ACTL6A_P1P2_ENSG00000136518,ACTL6A,1.0519165,-1.505198,2.9625428,-0.9868175
10700_ZNHIT2_P1P2_ENSG00000174276,ZNHIT2,-0.6805647,0.6747608,-0.19944514,0.48649377
10701_ZNHIT3_P1P2_ENSG00000273611,ZNHIT3,-0.24448813,-1.0114833,0.25164214,-0.48366576
10702_ZNHIT6_P1P2_ENSG00000117174,ZNHIT6,0.12036119,1.3239604,0.2929185,-0.728275
10703_ZNRD1_P1P2_ENSG00000066379,ZNRD1,-0.45952803,0.114694215,3.2192304,0.990026
10704_ZNRF1_P1P2_ENSG00000186187,ZNRF1,0.24544427,0.047107227,-0.24134313,0.44138074
10705_ZNRF2_P1P2_ENSG00000180233,ZNRF2,-0.7028376,0.10412328,-0.076133594,-0.46575043
10706_ZRANB2_P1P2_ENSG00000132485,ZRANB2,-0.80280447,-0.4420521,-0.76499546,-0.345351
10707_ZRANB3_P1P2_ENSG00000121988,ZRANB3,0.17751488,0.052002657,-0.03319109,0.31961095
10708_ZRSR2_P1P2_ENSG00000169249,ZRSR2,-0.23909917,0.43303064,-0.516395,-0.60485417
10709_ZSCAN10_P1P2_ENSG00000130182,ZSCAN10,0.8832894,-1.085611,0.4546385,-0.93969494
1070_C2CD2L_P2_ENSG00000172375,C2CD2L,0.31231913,1.0570054,-0.12986156,0.012945103
10710_ZSCAN12_P1P2_ENSG00000158691,ZSCAN12,-0.10931126,-0.46512115,-0.45375454,0.22803022
10711_ZSCAN16_P1P2_ENSG00000196812,ZSCAN16,0.14347838,-0.38778755,0.38922605,0.09288668
10712_ZSCAN18_P1_ENSG00000121413,ZSCAN18,-0.389515,-0.48452872,0.4975851,-0.34500042
10713_ZSCAN18_P2_ENSG00000121413,ZSCAN18,0.24270946,-0.2839786,0.18841176,0.14946245
10714_ZSCAN1_P1P2_ENSG00000152467,ZSCAN1,-0.734634,-0.12008758,-0.6050177,-1.0159857
10715_ZSCAN20_P1P2_ENSG00000121903,ZSCAN20,-0.41489407,0.27691588,-0.19740996,-0.051741302
10716_ZSCAN21_P1P2_ENSG00000166529,ZSCAN21,0.088995904,0.41869578,-0.24243946,0.15928221
10717_ZSCAN22_P1P2_ENSG00000182318,ZSCAN22,0.7131456,-0.2943917,0.09534187,-0.20074503
10718_ZSCAN23_P1P2_ENSG00000187987,ZSCAN23,-0.75712585,-0.28006893,-0.1667774,0.23418947
10719_ZSCAN25_P1P2_ENSG00000197037,ZSCAN25,0.12476441,0.8047228,-0.45433342,-0.28572387
1071_C2CD2L_P1_ENSG00000172375,C2CD2L,0.14420396,-0.06902318,0.44202465,-0.09256774
10720_ZSCAN26_P1P2_ENSG00000197062,ZSCAN26,0.22115204,-0.43071035,-0.16496462,-0.5803029
10721_ZSCAN29_P1P2_ENSG00000140265,ZSCAN29,-0.5228528,-0.6919145,-0.051823772,-0.2980787
10722_ZSCAN2_P1P2_ENSG00000176371,ZSCAN2,-0.35662448,-0.5994182,0.90384805,-0.8038647
10723_ZSCAN30_P1P2_ENSG00000186814,ZSCAN30,0.056585662,-0.1182654,-0.04269026,-0.31323043
10724_ZSCAN31_P2_ENSG00000235109,ZSCAN31,-0.03933342,0.29031408,0.6487614,-0.2524026
10725_ZSCAN31_P1_ENSG00000235109,ZSCAN31,-0.17875198,-0.7743904,0.07016463,-0.034299184
10726_ZSCAN32_P1P2_ENSG00000140987,ZSCAN32,4.2269497,0.60588115,-1.9594284,0.40741724
10727_ZSCAN5A_ENST00000587340.1_ENSG00000131848,ZSCAN5A,-0.015826425,0.17823781,2.0035257,-0.11461619
"10728_ZSCAN5A_ENST00000391713.1,ENST00000592355.1_ENSG00000131848",ZSCAN5A,0.11620228,-0.026102835,-0.43616706,0.030536063
10729_ZSCAN5B_ENST00000586855.2_ENSG00000197213,ZSCAN5B,-0.5146143,-0.84161806,0.034292843,-0.43316004
1072_C2CD2_P1P2_ENSG00000157617,C2CD2,-0.25660458,-0.086891405,-0.30929708,-0.68084323
10730_ZSCAN5B_ENST00000358992.3_ENSG00000197213,ZSCAN5B,-0.17372045,0.28543842,-0.66950476,0.4561745
10731_ZSCAN9_P1P2_ENSG00000137185,ZSCAN9,0.153251,-0.07377888,-0.39196277,-0.24931145
10732_ZSWIM1_P1P2_ENSG00000168612,ZSWIM1,-0.46580884,0.43517214,-0.06636268,-0.014154411
10733_ZSWIM7_P1P2_ENSG00000214941,ZSWIM7,-0.34131274,0.2578625,0.07918199,-0.12228686
10734_ZSWIM8_P1P2_ENSG00000214655,ZSWIM8,-0.7860862,-0.20958392,-0.113938436,-1.0126854
10735_ZUP1_P1P2_ENSG00000153975,ZUP1,-0.3359951,-0.1449048,-0.25823015,0.437462
10736_ZW10_P1P2_ENSG00000086827,ZW10,0.20638594,0.51420206,0.62181157,0.5348426
10737_ZWILCH_P1P2_ENSG00000174442,ZWILCH,-0.87344056,0.038486894,-0.8936378,1.0868503
10738_ZWINT_P1P2_ENSG00000122952,ZWINT,-0.51472634,2.8101974,-0.08524326,-0.6422272
10739_ZXDA_P1P2_ENSG00000198205,ZXDA,0.42660505,-1.1545511,-0.28124267,-0.3977703
1073_C2CD3_P1P2_ENSG00000168014,C2CD3,-0.39830175,-0.9671617,-0.6660595,-0.010965575
10740_ZXDB_P1P2_ENSG00000198455,ZXDB,-0.5639923,0.04873796,-0.7181626,-0.44835937
10741_ZXDC_P1P2_ENSG00000070476,ZXDC,-0.6666453,0.3085711,-0.09435193,-0.52647054
10742_ZYG11A_P1P2_ENSG00000203995,ZYG11A,-0.5622007,0.11593937,-0.55871886,-0.3232963
10743_ZYG11B_P1P2_ENSG00000162378,ZYG11B,0.015157639,-0.061253432,-0.64740187,0.21313334
10744_ZYX_P1P2_ENSG00000159840,ZYX,-0.08624168,0.14809203,-0.033930916,-0.3137215
10745_ZZEF1_P1P2_ENSG00000074755,ZZEF1,-0.17269346,-0.025770174,-0.15858825,-0.36897382
10746_AC118549.1_P1P2_ENSG00000036549,AC118549.1,-0.16120254,-0.1119855,1.8462235,-0.04734968
1074_C2orf42_ENST00000264434.2_ENSG00000115998,C2orf42,-1.0659194,-0.24748743,-0.7801511,-0.7298178
1075_C2orf42_ENST00000420306.1_ENSG00000115998,C2orf42,-0.60841084,0.0729785,0.69429225,-0.27891362
1076_WDCP_P1P2_ENSG00000163026,WDCP,0.4274026,0.06802915,-0.14943242,-0.007843249
1077_MAIP1_P1P2_ENSG00000162972,MAIP1,-0.3864439,-0.1037879,-0.31008384,-0.32048646
1078_C2orf49_P1P2_ENSG00000135974,C2orf49,-0.45792204,-0.004501813,0.21453989,-0.32385758
107_ACTN1_P1P2_ENSG00000072110,ACTN1,-0.3749311,-0.3096306,0.5760469,-0.7634608
1080_C2orf69_P1P2_ENSG00000178074,C2orf69,-0.21713996,-0.30554122,0.382064,-0.10011571
1081_C2orf76_P1P2_ENSG00000186132,C2orf76,-0.33165836,0.22153331,0.2832144,-0.5732565
1082_C2orf88_P1P2_ENSG00000187699,C2orf88,-0.17399356,-0.32527232,-0.29186195,-0.21378723
1084_C3orf33_P1P2_ENSG00000174928,C3orf33,0.46493942,0.8481216,-0.3094007,0.5212001
1085_C3orf38_P1P2_ENSG00000179021,C3orf38,-0.18610352,-0.4095067,-0.12297208,-0.560554
1086_DIPK2A_P1P2_ENSG00000181744,DIPK2A,-0.6999487,-0.3689319,-0.8710581,0.17375995
1087_HPF1_P1P2_ENSG00000056050,HPF1,-0.2626065,-0.56983954,0.13752638,-0.46953842
1088_FAM241A_P1P2_ENSG00000174749,FAM241A,-0.027050102,0.041408945,-0.44978788,0.16887422
1089_C4orf33_P1_ENSG00000151470,C4orf33,-0.4459698,0.09533807,0.08664672,-0.5707962
108_ACTN4_P1P2_ENSG00000130402,ACTN4,0.2309765,-0.089024164,-0.174061,-0.08836689
1090_C4orf33_P2_ENSG00000151470,C4orf33,-0.8642631,-0.46508312,-0.6044933,0.3238267
1091_C4orf36_P1_ENSG00000163633,C4orf36,-0.41287133,0.45844188,-0.8882815,-0.10791976
1092_C4orf36_P2_ENSG00000163633,C4orf36,0.44106603,0.055071693,-0.40086418,0.13198575
1093_C4orf3_P1P2_ENSG00000164096,C4orf3,-0.29182655,-0.84951663,-0.07187226,-0.23749791
1094_C4orf46_P1P2_ENSG00000205208,C4orf46,0.37992397,-0.1071531,-0.08973306,-0.46363792
1095_C4orf48_P1P2_ENSG00000243449,C4orf48,-0.0019105078,-0.7072924,0.7884396,-0.85954064
1096_C5orf15_P1P2_ENSG00000113583,C5orf15,0.3926606,0.011661149,-0.6685492,0.50153404
1097_C5orf22_P1P2_ENSG00000082213,C5orf22,1.2996577,0.7310725,-0.7795555,1.6124299
1098_C5orf24_P1P2_ENSG00000181904,C5orf24,-0.14242956,-0.27101868,0.05063187,-0.08593452
1099_TMEM267_P1P2_ENSG00000151881,TMEM267,-0.052377522,0.4836292,-1.3220804,0.31665367
109_ACTR10_P1P2_ENSG00000131966,ACTR10,-0.42836386,1.0425893,0.91624355,1.1202674
10_AARS2_P1P2_ENSG00000124608,AARS2,0.7547891,-0.7386115,-0.42069653,-0.53832406
1100_C5orf30_P1P2_ENSG00000181751,C5orf30,0.27393672,-0.5951856,1.6991822,-0.25826788
1101_C5orf34_P1P2_ENSG00000172244,C5orf34,-0.81581336,0.80961096,-0.5907715,-0.17772448
1102_MRNIP_P1P2_ENSG00000161010,MRNIP,-0.26173827,-0.25029543,0.061822124,-0.105466746
1103_C5orf51_P1P2_ENSG00000205765,C5orf51,0.7459293,0.23905456,0.06622487,-0.1676702
1104_ILRUN_P1P2_ENSG00000196821,ILRUN,-0.1588939,0.29239726,0.30912018,0.03249259
1105_C6orf120_P1P2_ENSG00000185127,C6orf120,-0.4734845,-0.42132315,0.22635053,-0.37479946
1106_C6orf136_P1P2_ENSG00000204564,C6orf136,-0.040553298,0.16165213,0.16379884,-0.38644293
1107_C6orf15_P1P2_ENSG00000204542,C6orf15,-0.24651253,0.2526975,-0.34557018,-0.31290892
1108_SMIM29_P1P2_ENSG00000186577,SMIM29,0.9165845,0.32110336,0.6703511,1.4386636
1109_MTRES1_P1P2_ENSG00000130349,MTRES1,-0.87826544,0.39559758,1.5345303,-0.42980614
110_ACTR1A_P1P2_ENSG00000138107,ACTR1A,-0.21347132,0.4322644,0.002368678,-0.2642321
1110_MPIG6B_P1P2_ENSG00000204420,MPIG6B,0.007407751,-0.10143627,-0.47867203,-0.336977
1111_C6orf47_P1P2_ENSG00000204439,C6orf47,0.13474157,0.54694057,0.37854004,0.16150475
1112_SNHG32_P1P2_ENSG00000204387,SNHG32,0.24385992,-0.12510665,-0.11047911,-0.33288577
1113_C6orf52_P1P2_ENSG00000137434,C6orf52,-0.12345303,-0.14338629,0.05073526,0.102986574
1114_C6orf62_P2_ENSG00000112308,C6orf62,-0.3289287,-0.58382726,0.15125197,-0.3378932
1115_C6orf62_P1_ENSG00000112308,C6orf62,-0.28383297,-0.044377558,-0.009634887,-0.64941144
1116_C6orf89_P1P2_ENSG00000198663,C6orf89,-0.8186005,0.014092509,-0.70667076,-0.44595173
1118_C7orf26_P1P2_ENSG00000146576,C7orf26,-0.16676545,-0.60421896,2.212929,0.27562737
111_ACTR1B_P1P2_ENSG00000115073,ACTR1B,-0.45989987,-0.028712811,-0.15243989,-0.39701262
1120_CYREN_P1P2_ENSG00000122783,CYREN,-0.21632023,1.7415843,0.034557644,1.4302825
"1121_C7orf50_ENST00000357429.6,ENST00000397098.3,ENST00000397100.2_ENSG00000146540",C7orf50,0.38327363,-0.42298803,0.21511374,0.47489536
1122_FMC1_P1P2_ENSG00000164898,FMC1,-0.054636583,-0.13820271,-0.2267152,-0.3501298
1123_STMP1_P1P2_ENSG00000243317,STMP1,0.31706065,-0.03704375,-0.6783271,-0.0075858575
1124_C8orf33_P1P2_ENSG00000182307,C8orf33,0.13746588,-0.4246627,-0.32443842,-0.5509398
1125_C8orf44_P1P2_nan,C8orf44,-0.60753495,-1.4513212,1.3874081,-0.7937216
1126_RBIS_P1P2_ENSG00000176731,RBIS,-0.5602419,0.040487427,0.6564412,-0.36178273
1127_C8orf76_P1P2_ENSG00000189376,C8orf76,-0.44104198,-0.124122486,-0.20361729,0.025980322
1128_C8orf82_P1P2_ENSG00000213563,C8orf82,0.24449503,0.54541427,-0.6104842,0.16769679
1129_SPOUT1_P1P2_ENSG00000198917,SPOUT1,-0.6678774,-1.571796,0.30176198,-0.7013455
112_ACTR2_P1P2_ENSG00000138071,ACTR2,-0.2457612,0.1440249,-0.14437857,0.069350325
1130_PAXX_P1P2_ENSG00000148362,PAXX,-0.23443058,0.07231519,-0.27582732,-0.5406304
1131_C9orf16_P1P2_ENSG00000171159,C9orf16,-0.43495265,0.30652347,0.09111342,0.17979787
1132_AOPEP_ENST00000375315.2_ENSG00000148120,AOPEP,0.01121895,-0.6798267,0.79903156,-0.5025802
1133_C9orf40_P1P2_ENSG00000135045,C9orf40,0.123209536,-0.3027384,-0.2829497,-0.510474
1134_C9orf64_P1P2_ENSG00000165118,C9orf64,0.7929355,0.22145878,-0.47879884,0.328568
1135_TMEM250_P1P2_ENSG00000238227,TMEM250,-0.47572315,0.19215591,-0.14199,-0.26124993
1136_C9orf78_P1P2_ENSG00000136819,C9orf78,0.18955386,-0.19564183,-0.26966855,-0.4455784
1137_C9orf85_P1P2_ENSG00000155621,C9orf85,-0.412227,-0.4825093,-0.1679621,-0.48038024
1138_CA11_P1P2_ENSG00000063180,CA11,0.23872592,-0.12523216,-0.18037316,0.20219561
1139_CA5A_P1P2_ENSG00000174990,CA5A,-0.20034166,0.23771194,-0.2664982,-0.06093466
113_ACTR3B_P1P2_ENSG00000133627,ACTR3B,0.4025589,0.3245036,0.8943391,-0.5964598
1140_CA8_P1P2_ENSG00000178538,CA8,-0.22283049,-0.106534354,0.14067775,-0.7975536
1142_CAB39L_P2_ENSG00000102547,CAB39L,-0.27148196,0.2656701,0.09734854,-0.27517962
1143_CAB39L_P1_ENSG00000102547,CAB39L,-0.29272267,-0.15019411,-0.1488407,-0.5325126
1144_CAB39_P1P2_ENSG00000135932,CAB39,-0.22912565,-0.5962839,0.04956139,-0.43894258
1145_CABIN1_P1P2_ENSG00000099991,CABIN1,-0.28873497,0.28819847,1.9312626,0.2827595
1146_CACNB3_P2_ENSG00000167535,CACNB3,0.03270917,-0.22224891,-0.35193706,-0.2251998
1147_CACNB3_P1_ENSG00000167535,CACNB3,0.33316863,-0.5624677,0.019031975,-0.46016613
1148_CACTIN_P1P2_ENSG00000105298,CACTIN,0.33297682,0.8164676,-1.4164262,0.13718593
1149_CACUL1_P1P2_ENSG00000151893,CACUL1,-0.33728456,0.47529244,-0.60897565,0.06333676
114_ACTR3C_P1P2_ENSG00000106526,ACTR3C,-0.0864843,-0.66088694,-0.36228114,0.03286574
1150_CACYBP_P1P2_ENSG00000116161,CACYBP,-0.16303979,-0.32272884,-0.27744466,-0.77428573
1151_CADM4_P1P2_ENSG00000105767,CADM4,-0.020551853,-0.21658392,-0.15876995,-0.2731079
1152_CAD_P1P2_ENSG00000084774,CAD,-0.43864152,-0.25318617,8.9932375,-1.7945886
1153_CALB1_P1P2_ENSG00000104327,CALB1,0.012978072,-0.26511958,-0.11154622,0.20342821
1154_CALCOCO1_P1P2_ENSG00000012822,CALCOCO1,-0.1531595,-0.74001694,0.25959083,-1.0644748
1155_CALCOCO2_P1_ENSG00000136436,CALCOCO2,0.09547576,0.077937566,-0.06343992,-0.40121445
1156_CALCOCO2_P2_ENSG00000136436,CALCOCO2,0.1555844,-0.37596452,0.20601521,-0.6255811
1157_CALM1_P1P2_ENSG00000198668,CALM1,-0.45188004,0.062357105,-0.30835423,-0.07078057
1158_CALM2_P1P2_ENSG00000143933,CALM2,-0.16278593,0.6477266,-0.31684196,-0.6077203
1159_CALM3_ENST00000291295.9_ENSG00000160014,CALM3,-0.47036305,-0.21044591,-0.06499674,-0.50583905
115_ACTR3_P1P2_ENSG00000115091,ACTR3,0.18383205,0.060141027,0.073955245,0.20202032
1160_CALML4_P1P2_ENSG00000129007,CALML4,-0.6527482,-0.1006285,-0.13679263,-0.22926027
1161_CALR_P1P2_ENSG00000179218,CALR,-0.12997285,3.5252094,3.1446524,-0.5779231
1162_CALU_P1P2_ENSG00000128595,CALU,-0.39581463,0.09568567,0.081006505,-0.7802002
1163_CAMK1_P1P2_ENSG00000134072,CAMK1,-0.2668734,-0.7582168,0.64737004,0.029294623
1164_CAMK2G_P1P2_ENSG00000148660,CAMK2G,0.153097,-0.26268265,-0.10521399,-0.021634819
1166_CAMKMT_P1P2_ENSG00000143919,CAMKMT,0.107933946,0.4422213,-0.25549912,0.15991557
1167_CAMLG_P1P2_ENSG00000164615,CAMLG,0.53497857,-1.1085187,-0.5091208,2.6328416
1168_CAMSAP1_P1P2_ENSG00000130559,CAMSAP1,0.12082343,-0.14955395,0.23480451,0.34559548
1169_CAMTA1_P1P2_ENSG00000171735,CAMTA1,-0.19751564,0.29129815,-0.6025639,-0.23190562
116_ACTR5_P1P2_ENSG00000101442,ACTR5,-1.192879,0.02467218,0.07155174,-2.1531827
1170_CAMTA2_P1P2_ENSG00000108509,CAMTA2,-0.053671453,-0.77990365,0.36481816,-0.7320188
1171_CAND1_P1P2_ENSG00000111530,CAND1,1.0095687,-1.2498605,-0.6320658,1.3908752
1172_CANT1_P1P2_ENSG00000171302,CANT1,-0.7032825,-0.99877876,-0.48778498,-0.84647125
1173_CANX_P1_ENSG00000127022,CANX,-0.28464207,-0.38482744,0.5244775,-1.3020868
1174_CANX_P2_ENSG00000127022,CANX,-0.17457385,0.026543532,-0.25826445,-0.5044845
1175_CAP1_P1P2_ENSG00000131236,CAP1,-0.5124558,1.2748449,-0.5984567,0.12242459
1176_CAPG_P2_ENSG00000042493,CAPG,0.20709431,-0.17536908,0.09331223,0.039261386
1177_CAPG_P1_ENSG00000042493,CAPG,0.4249029,-0.6075212,-0.79417324,-0.6756028
1178_CAPN10_P1P2_ENSG00000142330,CAPN10,-0.09305058,-0.3029569,0.1952684,-0.73365235
1179_CAPN15_P1P2_ENSG00000103326,CAPN15,-0.62004626,-0.025901977,-0.8703443,-0.8387336
117_ACTR6_P1P2_ENSG00000075089,ACTR6,0.970991,-1.004606,0.21183604,1.2213271
1180_CAPN1_P1P2_ENSG00000014216,CAPN1,-1.2285199,-1.3932443,-1.1964488,-0.37818283
1181_CAPN2_P1P2_ENSG00000162909,CAPN2,0.4782186,-0.07858384,0.66170794,-0.29498428
1182_CAPN7_P1P2_ENSG00000131375,CAPN7,-0.6758547,-0.09651137,-0.13659233,-0.54225427
1183_CAPNS1_P1P2_ENSG00000126247,CAPNS1,-0.7543144,-0.3719187,0.3999715,-0.801849
1184_CAPRIN1_P1P2_ENSG00000135387,CAPRIN1,0.23131417,0.28078258,-1.3460493,1.2676222
1185_CAPZA1_P1P2_ENSG00000116489,CAPZA1,0.0673275,-0.14824486,-0.10173328,-0.76477957
1186_CAPZA2_P1P2_ENSG00000198898,CAPZA2,-0.29579672,-0.7264182,-0.11447384,-0.87489295
1187_CAPZB_P1P2_ENSG00000077549,CAPZB,-0.7809086,-0.47069812,0.44349715,3.3900928
1188_CARD11_P1P2_ENSG00000198286,CARD11,-0.42049325,0.17498498,0.18181475,0.7884507
1189_CARD8_P1_ENSG00000105483,CARD8,0.095404334,-0.48446873,-0.013661238,0.20762545
118_ACTR8_P1P2_ENSG00000113812,ACTR8,-0.4882465,0.7425076,-0.64655787,2.5269558
1190_CARD8_P2_ENSG00000105483,CARD8,-0.41335335,0.40736613,-0.5826291,-0.6182964
1191_CARD9_P1P2_ENSG00000187796,CARD9,0.22920714,-0.404548,0.6638729,0.1840851
1192_CARF_P1P2_ENSG00000138380,CARF,-0.9074175,-0.98956656,1.8346913,0.02855981
1193_CARHSP1_P1P2_ENSG00000153048,CARHSP1,-0.0027110064,0.70490295,0.28359815,-0.49367234
1194_NAXD_P1P2_ENSG00000213995,NAXD,-0.3503662,-0.46938807,-0.16326723,-0.6414619
1195_CARM1_P1P2_ENSG00000142453,CARM1,-0.28728256,0.34742248,0.96839386,-0.43002757
1196_CARS2_P1P2_ENSG00000134905,CARS2,-0.24508695,0.017670726,0.02907242,-0.052903656
1197_CARS_P1P2_ENSG00000110619,CARS,15.084723,3.6810985,-1.8042638,9.096482
1198_CASC3_P1P2_ENSG00000108349,CASC3,-1.0134156,-0.5903936,0.15763621,-1.5867144
1199_CASC4_P1P2_ENSG00000166734,CASC4,-0.5697619,-0.06397154,0.29581726,-0.1920802
119_ACVR1B_P1P2_ENSG00000135503,ACVR1B,0.36545932,-0.42257535,0.18858665,-0.3283407
11_AARSD1_P2_ENSG00000266967,AARSD1,0.053411264,-0.18844754,0.045617577,-0.6650374
1201_CASP10_P1P2_ENSG00000003400,CASP10,-0.12453478,0.42557815,0.1624805,-0.68206006
1202_CASP2_P1P2_ENSG00000106144,CASP2,-0.5667842,0.062197644,-0.36907208,-0.17969581
1203_CASP3_P1P2_ENSG00000164305,CASP3,0.19415256,-1.0343482,-0.58386874,0.10125324
1204_CASP6_P1P2_ENSG00000138794,CASP6,-0.2198904,-0.11149237,-0.06147929,-0.64437914
1205_CASP7_P1P2_ENSG00000165806,CASP7,0.20118357,0.0114384275,0.3779356,-0.49948677
1206_CASP8AP2_P1P2_ENSG00000118412,CASP8AP2,-1.5353211,-1.5828891,10.6872425,-0.4405175
1207_CASP8_P2_ENSG00000064012,CASP8,1.0641215,-0.44439405,0.0014627359,-0.8352405
1208_CASP8_P1_ENSG00000064012,CASP8,0.1448602,0.6133442,0.10608243,-0.62174624
1209_CASP9_P1P2_ENSG00000132906,CASP9,0.15042424,-0.12567474,-0.06491567,-0.15228117
120_ACVR2B_P1P2_ENSG00000114739,ACVR2B,-0.33402735,0.21549048,-0.67883,0.09146288
1210_CASS4_P1P2_ENSG00000087589,CASS4,-0.30799553,-0.2003197,0.77995706,-0.055908214
1211_CAST_P2_ENSG00000153113,CAST,2.1484773,0.6770842,-1.1976833,1.8026158
1212_CAST_P1_ENSG00000153113,CAST,-0.1283148,0.26058388,0.101193,0.08931355
1213_CASZ1_ENST00000377022.3_ENSG00000130940,CASZ1,-0.42063692,0.051285237,0.10673347,-0.5905552
1214_CAT_P1_ENSG00000121691,CAT,-0.7189691,-0.4242428,0.49706483,-0.07120957
1215_CAT_P2_ENSG00000121691,CAT,0.76656014,-0.6779115,-0.8474221,-1.3013202
1216_CAV2_P1P2_ENSG00000105971,CAV2,-0.036357228,-0.29050717,-0.2046993,-0.10178638
1217_CBFA2T2_P1P2_ENSG00000078699,CBFA2T2,-0.4878471,-0.40845367,0.15865713,-0.8532029
1218_CBFA2T3_P1_ENSG00000129993,CBFA2T3,-0.22967389,-0.4053852,0.30331364,-0.36499164
1219_CBFA2T3_P2_ENSG00000129993,CBFA2T3,-0.22140944,-0.7448663,4.632521,-0.8108128
121_ACY1_P1P2_ENSG00000243989,ACY1,-0.32629418,-0.03593987,-0.47975126,-0.82960993
1220_CBFB_P1P2_ENSG00000067955,CBFB,-0.40994796,0.025447968,-0.123435706,-1.5249746
1221_CBLL1_P1P2_ENSG00000105879,CBLL1,-1.0970514,0.37162346,1.0490767,-0.34523618
1222_CBLN1_P1P2_ENSG00000102924,CBLN1,-0.23177423,-0.32759297,0.015134932,0.43073937
1223_CBL_P1P2_ENSG00000110395,CBL,-0.27575094,1.7884729,-1.5016981,2.9658473
1224_CBR1_P1P2_ENSG00000159228,CBR1,-0.59074265,-0.2514005,-0.50231916,-0.56657803
1225_CBR4_P1P2_ENSG00000145439,CBR4,-0.5784526,-0.31679252,-0.43897575,-0.49282548
1226_CBS_P1P2_ENSG00000160200,CBS,0.15224513,-0.20707294,-0.2504616,-0.29937688
1227_CBWD1_ENST00000356521.4_ENSG00000172785,CBWD1,-0.1338939,-0.25047144,0.045520112,-0.3667623
1228_CBX1_P1P2_ENSG00000108468,CBX1,0.13543965,-0.3614375,0.06851182,-0.16352965
1229_CBX2_P1P2_ENSG00000173894,CBX2,-0.4264913,-0.4785134,0.15017323,-0.12583634
122_ACYP1_P1_ENSG00000119640,ACYP1,-0.5570518,-0.47199184,0.52794534,-0.6214226
1230_CBX3_P1P2_ENSG00000122565,CBX3,-1.6662431,0.6570285,1.1043051,-0.8167644
1231_CBX4_P1P2_ENSG00000141582,CBX4,0.44229925,-0.21026535,-0.49620438,-0.051450856
1232_CBX5_P1P2_ENSG00000094916,CBX5,0.09203712,-0.47462785,-0.50953263,-0.23660126
1233_CBX6_P1P2_ENSG00000183741,CBX6,-0.1931873,1.0935293,-0.08597585,-0.15077963
1234_CBX8_P1P2_ENSG00000141570,CBX8,-0.24115026,-0.06406088,-0.1366578,-0.38714394
1235_CBY1_P1P2_ENSG00000100211,CBY1,-0.13392705,-0.17274612,-0.100309834,-0.43731192
1236_CC2D1A_P1P2_ENSG00000132024,CC2D1A,-0.47086784,-0.06212317,-0.27326986,-0.24631445
1237_CC2D1B_P1P2_ENSG00000154222,CC2D1B,0.20459622,-0.65440625,-0.46101132,-0.2371586
1238_CCAR1_P1P2_ENSG00000060339,CCAR1,-0.9713283,-0.14962351,0.42187485,-0.31771728
1239_CCAR2_P1P2_ENSG00000158941,CCAR2,-0.6329636,-0.052556034,-0.10330019,-0.36729392
123_ACYP1_P2_ENSG00000119640,ACYP1,-0.04559923,-0.11906144,-0.8265321,-0.24371141
1240_KYAT3_P1P2_ENSG00000137944,KYAT3,-0.006308765,-0.3052478,-0.22519387,-0.4855353
1241_CCDC106_P1P2_ENSG00000173581,CCDC106,-0.05441389,-0.27923772,-0.29065704,-0.36890787
1242_CCDC107_P1P2_ENSG00000159884,CCDC107,-0.37389904,-0.04651458,-0.37701336,0.06008894
1243_MCUB_P1P2_ENSG00000005059,MCUB,-0.28981033,0.43238118,0.033564508,-0.56924325
1244_CCDC112_P1P2_ENSG00000164221,CCDC112,0.27960074,0.64171195,-0.8935978,-0.24357621
1245_CCDC115_P1P2_ENSG00000136710,CCDC115,0.4387698,-0.3493726,0.7748686,0.57543254
1246_CCDC116_P1P2_ENSG00000161180,CCDC116,-0.6130973,-0.4118833,-0.71768713,-0.040363666
1247_CCDC117_P1P2_ENSG00000159873,CCDC117,0.46727994,0.22329988,-0.39056417,-0.2575101
1248_CCDC124_P1_ENSG00000007080,CCDC124,-0.6174972,-0.5334373,0.5563587,-1.3005831
1249_CCDC124_P2_ENSG00000007080,CCDC124,-0.1154095,-0.3520866,0.046632953,-0.36728424
124_ACYP2_P1P2_ENSG00000170634,ACYP2,-0.27665716,-0.9685058,0.42228964,-0.19220269
1250_CCDC125_P1P2_ENSG00000183323,CCDC125,-0.055690512,1.2154044,-0.72768486,3.3018653
1251_CCDC127_P1P2_ENSG00000164366,CCDC127,-0.03799915,-0.05459527,-0.52502567,0.04734316
1252_CCDC12_P1_ENSG00000160799,CCDC12,-0.47309908,-0.9490986,-0.4229646,-0.84638304
1253_CCDC12_P2_ENSG00000160799,CCDC12,0.13173406,-0.32107466,-0.23013611,-0.24358046
1254_CCDC130_P2_ENSG00000104957,CCDC130,0.09402458,-0.18972686,-0.41179386,0.59281546
1255_CCDC130_P1_ENSG00000104957,CCDC130,0.17778128,0.21516775,0.6228605,0.30584747
1256_CCDC136_P1P2_ENSG00000128596,CCDC136,-0.7113915,-0.28052938,0.2840307,-0.31675005
1257_CCDC137_P1P2_ENSG00000185298,CCDC137,-0.02422988,-0.72225165,0.15853935,-0.74648654
1258_CCDC138_P1P2_ENSG00000163006,CCDC138,0.020422092,-0.53392905,-0.56321895,-0.5504666
1259_CCDC142_P1P2_ENSG00000135637,CCDC142,-0.49457118,-0.73715854,-0.13550195,-0.29376984
125_ADAL_P1P2_ENSG00000168803,ADAL,-0.97882366,-0.06381542,-0.0796075,-0.24260944
1260_CCDC144A_P1P2_ENSG00000170160,CCDC144A,-0.10511092,-0.059141934,0.33679855,0.008128783
1261_CCDC144NL_P1_ENSG00000205212,CCDC144NL,-0.3247308,-0.9854592,-0.56807846,-0.47105363
1262_CCDC144NL_P2_ENSG00000205212,CCDC144NL,-0.25944704,-0.24243334,-0.4472082,-0.5751827
1263_CCDC14_P1P2_ENSG00000175455,CCDC14,-0.53160495,0.13110086,-0.12812869,0.3923781
1264_CCDC150_P1P2_ENSG00000144395,CCDC150,0.39849725,0.27975786,-0.067148596,0.27817377
1265_CCDC167_P1P2_ENSG00000198937,CCDC167,-0.033863463,1.2413515,0.39312473,-0.3948673
1266_CCDC169-SOHLH2_P1P2_nan,CCDC169-SOHLH2,-0.043227345,0.4753465,-0.42869118,-0.3382681
1267_CCDC169_P1P2_ENSG00000242715,CCDC169,-0.28331274,-0.22736421,-0.0101130875,-0.84501785
1268_CCDC174_P1P2_ENSG00000154781,CCDC174,-0.39533493,-1.232969,2.6644018,0.90433675
1269_CCDC17_P1P2_ENSG00000159588,CCDC17,0.77015686,-0.07579933,-1.2275114,0.9121563
1270_CCDC18_P1P2_ENSG00000122483,CCDC18,0.21388997,-0.040652573,0.025942337,-0.5569231
1271_CCDC22_P1P2_ENSG00000101997,CCDC22,0.19746451,-0.42370388,1.0530765,-0.13221136
1272_CCDC25_P1P2_ENSG00000147419,CCDC25,-0.45942286,-0.25052953,0.39895514,-0.090762086
1273_CCDC28A_P1P2_ENSG00000024862,CCDC28A,0.018674394,-0.14636907,-0.29905677,-0.6445816
1274_CCDC28B_P2_ENSG00000160050,CCDC28B,-0.6688174,-0.44135913,-0.0646877,0.5349437
1275_CCDC28B_P1_ENSG00000160050,CCDC28B,-0.48824733,0.4451227,-0.2656387,-0.6790917
1276_CCDC34_P1P2_ENSG00000109881,CCDC34,-0.66078544,-0.172147,0.7656053,-0.1913912
1277_CCDC43_P1P2_ENSG00000180329,CCDC43,-0.30911615,0.16959241,-0.7411464,0.7976304
1278_CCDC47_P1P2_ENSG00000108588,CCDC47,-0.3409592,-0.49880028,0.23178875,-0.88487625
1279_CCDC50_P1P2_ENSG00000152492,CCDC50,-0.59839475,0.11279577,0.37779117,-0.1755069
127_ADAM10_P1P2_ENSG00000137845,ADAM10,0.24217725,2.3151593,0.80904454,5.671685
1280_CCDC51_P1P2_ENSG00000164051,CCDC51,0.14264221,0.7171481,-0.08616961,-0.27871948
1281_WASHC3_P1P2_ENSG00000120860,WASHC3,0.20244326,0.48758674,-0.27694914,-0.46435183
1282_CCDC57_P1P2_ENSG00000176155,CCDC57,0.26243424,0.19384833,-0.7471621,0.09529771
1283_CCDC58_P1P2_ENSG00000160124,CCDC58,0.34538692,0.36580238,-0.45245355,0.4275704
1284_CCDC59_P1P2_ENSG00000133773,CCDC59,-0.5782886,-0.49805528,0.21914095,-0.506541
1285_CCDC61_P1P2_ENSG00000104983,CCDC61,0.27986285,-0.100126654,-0.27729812,0.001831176
1286_CCDC66_P1P2_ENSG00000180376,CCDC66,-0.42088905,-0.5223645,-0.32356426,-0.54929155
1287_CCDC69_P1P2_ENSG00000198624,CCDC69,-0.19518088,-0.07690781,2.7717848,2.1987839
1289_CCDC6_P1P2_ENSG00000108091,CCDC6,-0.753746,0.009738487,2.7370427,-0.39795613
1291_CCDC71L_P1P2_ENSG00000253276,CCDC71L,-0.6793987,1.2435926,0.3313958,-0.7672792
1292_CCDC71_P1P2_ENSG00000177352,CCDC71,0.266423,-0.24842724,-0.40417844,-0.08542093
1293_CCDC74A_P1P2_ENSG00000163040,CCDC74A,-0.18896122,-0.32149372,-0.04526823,-0.25302333
1294_CCDC77_P2_ENSG00000120647,CCDC77,0.108356096,-0.45515117,0.01323772,-0.22144939
1295_CCDC77_P1_ENSG00000120647,CCDC77,-0.007606166,0.23773229,-0.20420304,0.12372154
1296_CCDC78_P1P2_ENSG00000162004,CCDC78,0.67532724,-0.8388723,2.4060967,0.12744406
1297_CCDC82_P1P2_ENSG00000149231,CCDC82,-0.43192148,-0.54966563,-0.2876089,-0.54308194
1298_CCDC84_P1P2_ENSG00000186166,CCDC84,5.242055,4.023495,-2.7770085,1.1296506
1299_CCDC85B_P1P2_ENSG00000175602,CCDC85B,-0.6576631,0.25856104,0.6012203,-0.6329553
129_ADAM15_P1P2_ENSG00000143537,ADAM15,-0.6297554,0.659407,0.5421361,-0.03662794
12_AARSD1_P1_ENSG00000266967,AARSD1,0.17478679,-0.31926912,-0.17381264,0.11579432
1300_CCDC85C_P1P2_ENSG00000205476,CCDC85C,-0.099164195,-0.47191873,-0.5347671,-0.012947803
1301_CCDC86_P1P2_ENSG00000110104,CCDC86,0.44776878,-1.3111765,0.8667772,0.34966436
1302_CCDC88A_P1P2_ENSG00000115355,CCDC88A,0.28801534,-0.18944536,0.5507046,-0.3928906
1303_CCDC88B_P1P2_ENSG00000168071,CCDC88B,0.5589514,0.6139357,-0.41768825,1.4308014
1304_CCDC88C_P1P2_ENSG00000015133,CCDC88C,-0.78524846,-0.78767484,0.540876,-0.74585235
1305_CCDC8_P1P2_ENSG00000169515,CCDC8,0.12470974,-0.34888503,0.31690565,-0.4480263
1306_CCDC90B_P1P2_ENSG00000137500,CCDC90B,-0.20257139,-0.29209968,0.09128514,0.12822117
1307_CCDC91_P1P2_ENSG00000123106,CCDC91,0.29329085,-0.11378588,0.28411084,-0.30541134
1308_CCDC92_P1P2_ENSG00000119242,CCDC92,-0.058413494,-0.69922286,-0.32272735,-0.5605079
1309_CCDC93_P1P2_ENSG00000125633,CCDC93,-0.01899006,0.16404118,0.07452002,0.1454295
130_ADAM17_P1P2_ENSG00000151694,ADAM17,-0.50289327,-0.03820017,-0.017979722,-0.6519244
1310_YJU2_P1P2_ENSG00000105248,YJU2,-0.57342887,-0.448974,-0.23718923,-0.65680015
1311_CCDC97_P1P2_ENSG00000142039,CCDC97,0.8121981,-0.34239805,-0.7454761,0.45469654
1312_CCDC9_P1P2_ENSG00000105321,CCDC9,-0.2065089,-0.3887584,1.1332103,-0.53253466
1313_CCHCR1_P1P2_ENSG00000204536,CCHCR1,-0.84604806,0.24579082,-0.1747933,-0.3276914
1314_CCM2_P1P2_ENSG00000136280,CCM2,-0.47443178,0.25537136,0.013473186,-0.343617
1315_CCNA2_P1P2_ENSG00000145386,CCNA2,-0.07489586,-0.6870389,1.7655729,-0.832737
1316_CCNB1IP1_P1P2_ENSG00000100814,CCNB1IP1,-0.33008024,-0.27530167,-0.57605404,0.32648003
1317_CCNB1_P1P2_ENSG00000134057,CCNB1,-0.09236317,-0.033672906,0.7212732,-0.09899188
1318_CCNB2_P1P2_ENSG00000157456,CCNB2,1.323751,0.49903885,-0.24436751,0.5399312
1319_CCNC_P1P2_ENSG00000112237,CCNC,-0.02513358,1.4197044,0.9113767,-0.3235043
131_ADAM9_P1P2_ENSG00000168615,ADAM9,-0.022996316,-0.5376557,-0.20851265,-0.581153
1320_CCND1_P1_ENSG00000110092,CCND1,-0.16130689,-0.50410676,-0.59602237,-0.2971363
1321_CCND1_P2_ENSG00000110092,CCND1,0.0068813604,0.5077375,0.057264548,-0.89802617
1322_CCND2_P1P2_ENSG00000118971,CCND2,-0.3934771,0.28288427,0.70193356,0.024216345
1323_CCND3_P1P2_ENSG00000112576,CCND3,-0.48461336,-0.38173586,2.7201765,-0.9165246
1324_CCNDBP1_P1P2_ENSG00000166946,CCNDBP1,-1.0088128,0.47154734,-0.01584883,0.76373893
1325_CCNE1_P1P2_ENSG00000105173,CCNE1,-0.5335595,-0.53455544,1.2706671,-0.6087263
1326_CCNE2_P1P2_ENSG00000175305,CCNE2,0.094456814,-0.8596699,0.16254242,-0.040743306
1327_CCNF_P1P2_ENSG00000162063,CCNF,0.0062052733,0.2468924,-1.1002606,0.8149418
1328_CCNG1_P1P2_ENSG00000113328,CCNG1,-0.009968055,0.24427931,0.49921012,0.9984847
1329_CCNH_P1P2_ENSG00000134480,CCNH,-0.49753648,0.82796293,0.24785024,2.1701102
132_ADAMTS14_P1P2_ENSG00000138316,ADAMTS14,0.0043163085,0.13718943,-0.035819784,-0.5810189
1330_CCNI_P1P2_ENSG00000118816,CCNI,0.55663705,-0.05933093,-0.5910723,0.15767543
1331_CCNJ_P1P2_ENSG00000107443,CCNJ,0.35588816,-1.1260055,-0.28311887,0.013022123
1332_CCNK_P2_ENSG00000090061,CCNK,-0.2017313,0.13279173,1.7098241,-0.40511602
1333_CCNK_P1_ENSG00000090061,CCNK,-0.27939293,0.06678042,3.4808073,-0.5629146
1334_CCNL1_P1P2_ENSG00000163660,CCNL1,0.25619364,0.3752332,-0.45327535,-0.0072946944
1335_CCNL2_P1P2_ENSG00000221978,CCNL2,-0.64128804,0.59008425,-0.050655127,0.5590097
1336_CCNO_P1P2_ENSG00000152669,CCNO,0.004296254,0.23868924,-0.1278288,-0.24549767
1337_CCNT1_P1P2_ENSG00000129315,CCNT1,0.007908516,0.14213252,-1.1376235,0.08677676
1338_CCNT2_P1P2_ENSG00000082258,CCNT2,-0.20470293,-0.2701236,-0.38789037,-0.58055955
1339_CCNY_P1P2_ENSG00000108100,CCNY,0.016729128,-0.116163865,-0.27284312,-0.54540557
133_ADAMTS3_P1P2_ENSG00000156140,ADAMTS3,-0.26423424,-0.2078932,0.07822942,-0.1631089
1340_CCP110_P1P2_ENSG00000103540,CCP110,-0.09553395,-0.31726944,0.6303695,-0.6929722
1341_CCPG1_P1P2_ENSG00000260916,CCPG1,-0.6301808,-0.51436734,-0.5293214,-0.58614784
1342_CCR10_P1P2_ENSG00000184451,CCR10,-0.30684325,-0.15660638,-0.051900484,-0.42392236
1343_CCSAP_P1P2_ENSG00000154429,CCSAP,0.19557506,-0.5271378,-0.57229865,-0.54744935
1344_CCSER2_P1P2_ENSG00000107771,CCSER2,0.12332894,0.3334365,0.423539,0.49001804
1345_CCS_P1P2_ENSG00000173992,CCS,-0.22609983,0.31681612,-0.45613945,-0.13313983
1346_CCT2_P1P2_ENSG00000166226,CCT2,0.6408917,1.4213978,-0.62843895,2.5335722
1347_CCT3_P1P2_ENSG00000163468,CCT3,-0.5249359,0.6552714,0.09161545,2.0544178
1348_CCT4_P1P2_ENSG00000115484,CCT4,0.89985037,2.0079358,-0.7072337,1.817301
1349_CCT5_P1P2_ENSG00000150753,CCT5,0.36602077,2.2347097,-1.1891235,1.7064513
134_ADAMTSL4_P1P2_ENSG00000143382,ADAMTSL4,-0.41208217,0.10738239,-0.089619115,0.03148574
1350_CCT6A_P1P2_ENSG00000146731,CCT6A,0.10994606,-0.46263012,-0.046874113,0.9300029
1351_CCT7_P1P2_ENSG00000135624,CCT7,1.4866681,4.1705766,-1.7477192,3.190032
1352_CCT8_P1P2_ENSG00000156261,CCT8,-0.5616846,0.3881536,-0.4667561,0.006150949
1353_CCZ1B_ENST00000316731.8_ENSG00000146574,CCZ1B,-0.5669351,-0.092418805,0.33092535,-0.26361275
1354_CCZ1_P1P2_ENSG00000122674,CCZ1,-0.3847496,0.114919804,-0.77108556,0.16886923
1355_CD151_P1P2_ENSG00000177697,CD151,0.07928912,-0.53382385,-0.35140708,-0.30014992
1356_CD164_P1P2_ENSG00000135535,CD164,-0.15070245,0.21383207,-0.3755302,-0.40422156
1357_CD226_P1P2_ENSG00000150637,CD226,0.022697667,-0.91051024,-0.1919919,-0.7665136
1358_CD24_P1P2_ENSG00000272398,CD24,0.041157093,-0.021374509,0.031713486,-0.6593732
1359_CD276_P1P2_ENSG00000103855,CD276,-0.20633093,0.4316335,-0.5449944,-0.07784764
135_ADARB1_P1P2_ENSG00000197381,ADARB1,-0.2610302,-0.2856635,-0.1897552,-0.30317876
1360_CD2AP_P1P2_ENSG00000198087,CD2AP,0.60976356,-0.47923002,0.22885484,0.17759621
1361_CD2BP2_P1P2_ENSG00000169217,CD2BP2,-0.42061335,0.13689195,-0.19835956,-0.057068214
1362_CD320_P1P2_ENSG00000167775,CD320,0.04074791,0.3013506,0.47249755,-0.24309488
1363_CD33_P1P2_ENSG00000105383,CD33,-0.21255828,-0.65825903,0.8376156,-0.73478854
1364_CD3D_P1P2_ENSG00000167286,CD3D,0.12547168,0.34443933,-0.51849574,-0.6001849
1365_CD3EAP_P1P2_ENSG00000117877,CD3EAP,-0.636306,-1.06356,3.7083852,-0.8968072
1366_CD46_P1P2_ENSG00000117335,CD46,-0.611422,-0.06197432,0.039137814,-0.6386982
1367_CD47_P1P2_ENSG00000196776,CD47,-0.27301583,-0.11109286,-0.18041378,0.10822676
1368_CD52_P1P2_ENSG00000169442,CD52,-0.6046211,0.21929348,-1.0312636,-0.41457766
1369_CD53_P1P2_ENSG00000143119,CD53,-0.32230124,-0.33203968,-0.18912233,-0.14258857
136_ADAR_P1_ENSG00000160710,ADAR,-0.25323707,-0.3954558,0.38147107,-0.4608297
1370_CD55_P1P2_ENSG00000196352,CD55,-0.10055,-0.4958778,0.46500692,-0.35208714
1371_CD58_P1P2_ENSG00000116815,CD58,-0.8306528,0.23443507,-0.23260649,-0.30168468
1372_CD59_P2_ENSG00000085063,CD59,-0.89875126,0.24035963,-0.2735095,0.2919724
1373_CD59_P1_ENSG00000085063,CD59,-0.5943227,-0.53126585,0.11789194,-0.54711854
1374_CD63_P1P2_ENSG00000135404,CD63,0.17053439,-0.15947774,-0.2885303,-0.107901655
1375_CD68_P1P2_ENSG00000129226,CD68,-0.18354456,-0.12854604,-0.05949612,-0.13491161
1376_CD69_P1P2_ENSG00000110848,CD69,-0.6119477,0.5601271,-0.17861027,-0.08003934
1377_CD7_P1P2_ENSG00000173762,CD7,0.10921039,0.463731,-0.24917829,0.11931849
1378_CD81_P2_ENSG00000110651,CD81,-0.46484992,-0.04192684,-0.011205331,0.1749727
1379_CD81_P1_ENSG00000110651,CD81,-0.04151131,-0.18176544,0.43717784,-0.57536775
137_ADAR_P2_ENSG00000160710,ADAR,-0.0772107,-0.10572787,-0.22048494,0.19554679
1380_CD8B_P1P2_ENSG00000172116,CD8B,-0.19772102,-0.17588896,0.07815709,-0.36798686
1382_CD99_P1P2_ENSG00000002586,CD99,0.7813572,1.1442673,-0.86725086,-0.86053747
1383_CD9_P1P2_ENSG00000010278,CD9,-0.08150358,0.5043613,-0.6250874,0.003341036
1384_CDADC1_P1P2_ENSG00000102543,CDADC1,-0.031053994,-0.34824857,-0.29068726,-0.5881787
1385_CDAN1_P1P2_ENSG00000140326,CDAN1,0.8653912,0.5460035,-0.64345455,0.19627386
1386_CDC123_P1P2_ENSG00000151465,CDC123,2.9052532,0.825057,-1.1422148,1.2418233
1387_CDC14A_P1P2_ENSG00000079335,CDC14A,0.03122991,-0.28607693,-0.028748361,-0.27514806
1388_CDC14B_P1P2_ENSG00000081377,CDC14B,-0.01826974,-0.17973386,-0.30657026,-0.20403178
1389_CDC16_P1P2_ENSG00000130177,CDC16,0.36284748,-0.6920805,0.16723078,-0.5187086
138_ADAT1_P1P2_ENSG00000065457,ADAT1,-0.064489156,0.006008187,-0.4611348,-0.067754745
1390_CDC20_P1P2_ENSG00000117399,CDC20,0.59065497,0.25932342,0.07991833,-0.027826402
1391_CDC23_P1P2_ENSG00000094880,CDC23,-0.6390489,0.14869586,1.5134233,0.43657476
1392_CDC25A_P1P2_ENSG00000164045,CDC25A,-0.24464686,0.41448,1.4197891,-0.7230309
1393_CDC25B_P1P2_ENSG00000101224,CDC25B,0.22401525,0.7413005,3.6743813,-0.5380595
1394_CDC25C_P1P2_ENSG00000158402,CDC25C,-0.850923,-0.6102517,-0.05625477,-0.2683065
1396_CDC27_P1P2_ENSG00000004897,CDC27,-0.3967664,-0.3130178,0.074080504,-0.47804204
1397_CDC34_P1P2_ENSG00000099804,CDC34,0.08661351,0.3144085,-0.1777151,0.013997213
1398_CDC37_P1P2_ENSG00000105401,CDC37,-0.020170452,0.04779814,-0.3056202,0.053589106
1399_CDC40_P1P2_ENSG00000168438,CDC40,-0.17147422,-0.4604109,-0.21894647,-0.33640462
139_ADAT2_P1P2_ENSG00000189007,ADAT2,-0.28315467,0.019357195,0.10257681,-0.43831724
13_AARS_P1P2_ENSG00000090861,AARS,19.81017,6.746386,-2.9411385,7.3368683
1400_CDC42BPA_P1P2_ENSG00000143776,CDC42BPA,0.5208785,0.50640166,-0.51014537,-0.020637617
1401_CDC42BPB_P1P2_ENSG00000198752,CDC42BPB,0.096341476,-0.38910186,-0.86790276,-0.17335129
1402_CDC42EP1_P1P2_ENSG00000128283,CDC42EP1,-0.014780642,-0.14050442,-0.48204407,-0.23173954
1403_CDC42EP4_P1P2_ENSG00000179604,CDC42EP4,-0.9352918,0.06380832,-0.37549165,-0.4543887
1404_CDC42SE1_P1P2_ENSG00000197622,CDC42SE1,-0.1734035,0.80292696,-0.33768162,-0.6215042
1405_CDC42SE2_P1P2_ENSG00000158985,CDC42SE2,0.9148631,0.26490593,-0.8809428,-0.5390151
1406_CDC42_P1P2_ENSG00000070831,CDC42,-0.50809,0.045195196,0.30291227,0.10302778
1407_CDC45_P1P2_ENSG00000093009,CDC45,-0.9659835,0.35893002,0.14114702,-0.54872507
1408_CDC5L_P1P2_ENSG00000096401,CDC5L,0.610065,-0.025010712,-1.5918257,0.6103538
1409_CDC6_P1P2_ENSG00000094804,CDC6,-0.3962317,0.33667308,1.2827604,-0.5924676
140_ADAT3_P2_ENSG00000213638,ADAT3,-0.068363234,0.1590702,0.72609407,0.1805834
1410_CDC73_P1P2_ENSG00000134371,CDC73,-0.8321072,-0.0068277433,-0.73512065,0.67328507
1411_CDC7_P1P2_ENSG00000097046,CDC7,-0.22352247,-0.22241224,0.9664924,-1.0665829
1412_CDCA2_P1P2_ENSG00000184661,CDCA2,-0.75108683,-0.074643515,-0.292335,-0.026558656
1413_CDCA3_P1P2_ENSG00000111665,CDCA3,0.3913132,-0.21848595,-1.2667912,1.3804431
1414_CDCA4_P1P2_ENSG00000170779,CDCA4,-1.0486907,-0.33279237,-0.11151366,-0.19380815
1415_CDCA5_P1P2_ENSG00000146670,CDCA5,-0.4515948,-0.44964513,-0.4448189,-0.8891581
1416_CDCA7L_P1P2_ENSG00000164649,CDCA7L,-0.20440078,-0.35165745,0.079820864,0.14716043
1417_CDCA7_P1P2_ENSG00000144354,CDCA7,-0.17388675,-0.7695756,0.069507614,-0.66358674
1418_CDCA8_P1P2_ENSG00000134690,CDCA8,-0.17549297,-0.7738785,0.44286662,-0.39831272
1419_CDIPT_P1P2_ENSG00000103502,CDIPT,1.0526109,0.8953939,-1.5759913,2.970888
141_ADAT3_P1_ENSG00000213638,ADAT3,0.52522457,-0.37257016,-0.8298308,-0.1326121
1420_CDK10_P1P2_ENSG00000185324,CDK10,-0.1250614,0.39019644,0.45054686,0.6062937
1421_CDK11A_P1P2_ENSG00000008128,CDK11A,-0.1335719,-0.31538403,0.14354807,0.095869355
"1422_CDK11B_ENST00000317673.7,ENST00000340677.5,ENST00000407249.3_ENSG00000248333",CDK11B,0.4150036,1.8651139,-0.7022196,0.16654956
1423_CDK11B_ENST00000341832.6_ENSG00000248333,CDK11B,-1.2415044,0.03214438,-0.3481557,0.5831804
1424_CDK12_P1P2_ENSG00000167258,CDK12,-0.9023277,2.108093,4.847469,-0.31843436
1425_CDK13_P1P2_ENSG00000065883,CDK13,0.861606,0.7618105,-0.49695718,0.1141982
1426_CDK16_P1P2_ENSG00000102225,CDK16,-0.36341345,0.17613262,-0.71220046,0.17296503
1427_CDK17_P1P2_ENSG00000059758,CDK17,-0.8265239,0.52572787,-0.099108964,-0.872302
1428_CDK19_P1P2_ENSG00000155111,CDK19,-0.4052098,0.5971598,-0.7014609,0.22053379
1429_CDK1_P1P2_ENSG00000170312,CDK1,-0.43480703,0.46850216,1.7121218,-0.16674295
142_ADA_P1P2_ENSG00000196839,ADA,-0.48504332,-0.24419619,-0.56167996,-0.19466142
1430_CDK2AP1_P1P2_ENSG00000111328,CDK2AP1,-0.420948,0.20031223,-0.11317151,-0.24566297
1431_CDK2AP2_P1P2_ENSG00000167797,CDK2AP2,-0.19984011,0.46172735,-1.5277934,0.24606125
1432_CDK2_P1P2_ENSG00000123374,CDK2,-0.34095922,0.13541892,1.1878471,0.051840235
1433_CDK4_P1P2_ENSG00000135446,CDK4,0.3147556,0.51709634,0.26765162,0.16561167
1434_CDK5RAP1_P2_ENSG00000101391,CDK5RAP1,-0.265907,-0.16159488,-0.6780496,0.02022946
1435_CDK5RAP1_P1_ENSG00000101391,CDK5RAP1,-0.38974097,-0.92528254,0.46735528,-0.41941524
1436_CDK5RAP2_P1P2_ENSG00000136861,CDK5RAP2,0.28722432,0.36124504,0.69094175,-0.99339944
1437_CDK5RAP3_P1P2_ENSG00000108465,CDK5RAP3,0.27475414,1.8096658,-0.6298245,0.12392475
1438_CDK5_P1P2_ENSG00000164885,CDK5,0.078376584,1.1927654,-0.5845362,0.19453372
1439_CDK6_P2_ENSG00000105810,CDK6,-0.40407348,-0.012393037,0.28691524,-0.26155248
143_ADCK2_P1P2_ENSG00000133597,ADCK2,-0.15956199,-0.044202413,-0.1450793,-0.16106957
1440_CDK6_P1_ENSG00000105810,CDK6,-0.8799344,-0.7988848,3.3209891,-1.830445
1441_CDK7_P1P2_ENSG00000134058,CDK7,-0.99872035,-1.0996387,-0.15627566,0.22337306
1442_CDK8_P1P2_ENSG00000132964,CDK8,-0.022341691,-0.114077024,0.35855415,-0.6864759
1443_CDK9_P1P2_ENSG00000136807,CDK9,-0.4439593,-0.10789543,-2.1038892,-0.10868042
1444_CDKAL1_P1P2_ENSG00000145996,CDKAL1,-0.21665318,-0.6559426,-0.3028398,-0.26070282
1445_CDKL1_P1P2_ENSG00000100490,CDKL1,0.046312742,0.31335977,-0.24147128,-0.05594279
1446_CDKN1B_P1P2_ENSG00000111276,CDKN1B,0.22278908,-0.40658134,-1.0145072,-0.42238596
1447_CDKN1C_P1P2_ENSG00000129757,CDKN1C,-0.16522056,-0.37644076,-0.10519668,-0.55426157
1448_CDKN2AIPNL_P1P2_ENSG00000237190,CDKN2AIPNL,-0.44326597,0.17157967,-0.5615627,0.5077998
1449_CDKN2AIP_P1P2_ENSG00000168564,CDKN2AIP,-0.42359796,-0.31201008,-0.3929593,-0.14175847
144_COQ8A_P1P2_ENSG00000163050,COQ8A,-0.037481256,0.031508725,-0.21207364,-0.34177917
1450_CDKN2C_P2_ENSG00000123080,CDKN2C,0.44547617,0.52386796,-0.64109826,0.049817715
1451_CDKN2C_P1_ENSG00000123080,CDKN2C,-0.63409364,-0.38957506,-0.63706046,0.07295475
1452_CDKN2D_P1P2_ENSG00000129355,CDKN2D,0.17826155,-0.022193918,-0.6706557,-0.679253
1453_CDKN3_P1P2_ENSG00000100526,CDKN3,0.21765853,-0.10225057,-0.5166413,-0.22948898
1454_CDPF1_P1P2_ENSG00000205643,CDPF1,0.0021283338,-0.5133774,-0.122593164,-0.28484842
1455_CDR2L_P1P2_ENSG00000109089,CDR2L,6.632806,2.626476,-1.6203939,6.625849
1456_CDR2_P1P2_ENSG00000140743,CDR2,-0.4840893,-0.19912891,0.16951239,-0.24475071
1457_CDS2_P1P2_ENSG00000101290,CDS2,1.3653221,7.9719996,0.36668316,0.5269433
1459_CDV3_P1P2_ENSG00000091527,CDV3,-0.03801505,-1.1734489,-0.20168255,0.032089658
145_COQ8B_P1P2_ENSG00000123815,COQ8B,-0.63580835,-0.22433338,-0.53704363,-0.3053324
1460_CDX1_P1P2_ENSG00000113722,CDX1,-0.20636019,0.3336828,-0.25756708,0.09857844
1461_CDX2_P1P2_ENSG00000165556,CDX2,0.30458754,-0.36776736,-0.59825325,-0.09847599
1462_CDX4_P1P2_ENSG00000131264,CDX4,0.19840042,0.53464985,-0.8680668,0.7784683
1463_CDYL_P1_ENSG00000153046,CDYL,0.5129226,0.71504,-0.48225346,0.30419123
1465_CEBPA_P1P2_ENSG00000245848,CEBPA,-0.24311128,-0.44349343,0.7883245,-0.37902886
1466_CEBPB_P1P2_ENSG00000172216,CEBPB,-0.465298,0.3800209,0.066866085,-0.32046545
1467_CEBPD_P1P2_ENSG00000221869,CEBPD,0.23333359,-0.008262821,0.041050617,-0.23545632
1468_CEBPE_P1P2_ENSG00000092067,CEBPE,-0.083332315,-0.3608569,-0.7377255,0.25696203
1469_CEBPG_P1P2_ENSG00000153879,CEBPG,4.200269,1.1613151,0.8591412,2.1890888
146_ADCK5_P1P2_ENSG00000173137,ADCK5,-0.9022616,-0.03551714,-0.17075951,-0.16835332
1470_CEBPZ_P1P2_ENSG00000115816,CEBPZ,-0.23602472,-0.71900296,2.0417893,0.19483754
1471_HDHD5_P1P2_ENSG00000069998,HDHD5,-0.29928288,-0.26160288,0.13980228,-0.6605727
1472_CELF1_P1P2_ENSG00000149187,CELF1,0.21132982,-0.33009517,0.3790188,-0.16857073
1473_CELF2_P1P2_ENSG00000048740,CELF2,-0.6399469,0.47295073,0.0921498,0.02542318
1475_CENPA_P2_ENSG00000115163,CENPA,0.19716036,1.1587431,2.0985556,-0.54656166
1476_CENPBD1_P1P2_ENSG00000177946,CENPBD1,0.83860487,-0.21412963,0.022264352,-0.024476465
1477_CENPB_P1P2_ENSG00000125817,CENPB,0.14260206,-0.24371625,0.20424435,0.32325694
1478_CENPC_P1P2_ENSG00000145241,CENPC,-0.27628443,3.1605692,0.3060692,1.1274569
1479_CENPE_P1P2_ENSG00000138778,CENPE,-0.63104695,0.9238301,1.3731282,0.2828954
147_ADCY3_P1P2_ENSG00000138031,ADCY3,0.15081862,0.024091642,-0.22241905,-0.10883617
1480_CENPF_P1P2_ENSG00000117724,CENPF,0.06246702,0.8764432,-0.4826437,0.33149227
1481_CENPH_P1P2_ENSG00000153044,CENPH,-0.23568368,0.63550407,0.63104653,-0.57920265
1482_CENPI_P1P2_ENSG00000102384,CENPI,0.35740086,7.374619,1.7862636,0.11503453
1483_CENPJ_P1P2_ENSG00000151849,CENPJ,-0.14596242,-0.608114,1.0600829,-0.7534065
1484_CENPK_P1P2_ENSG00000123219,CENPK,-0.33732426,0.11486129,1.6792457,-0.18464291
1485_CENPL_P1P2_ENSG00000120334,CENPL,0.11257566,-0.09545224,-0.06969023,-0.61250865
1486_CENPM_P1P2_ENSG00000100162,CENPM,0.5188159,-0.52378327,0.1412095,-0.23503432
1487_CENPN_P1P2_ENSG00000166451,CENPN,-0.5038038,-0.32153615,1.6670415,-0.79327935
1488_CENPO_P1P2_ENSG00000138092,CENPO,0.022605943,-0.5601736,-0.55423796,-0.251151
1489_CENPP_P1P2_ENSG00000188312,CENPP,0.29073456,-1.0140501,0.75727993,-0.60758513
148_ADCY7_P1P2_ENSG00000121281,ADCY7,-0.8856075,-0.13804239,-0.26306987,0.12627952
1490_CENPQ_P1P2_ENSG00000031691,CENPQ,-0.33052418,-0.5518641,-0.01592677,0.084516846
1491_CENPT_P1P2_ENSG00000102901,CENPT,-0.4784731,0.3744018,2.318996,-0.42994767
1492_CENPV_P1P2_ENSG00000166582,CENPV,0.43446124,0.5257919,-0.5441465,0.049954094
1493_CENPW_P1P2_ENSG00000203760,CENPW,0.21189734,-0.2664758,1.3953469,-1.2675177
1494_CEP104_P1P2_ENSG00000116198,CEP104,-0.44499892,0.5819598,-0.21753237,-0.2838033
1495_CEP120_P1P2_ENSG00000168944,CEP120,-0.3776683,0.49005198,0.62044257,-0.49724895
1496_CEP135_P1P2_ENSG00000174799,CEP135,0.45428878,-0.5349604,0.3903093,-0.2281811
1497_CEP152_P1P2_ENSG00000103995,CEP152,-0.05763441,0.2601047,1.303805,0.012148778
1498_CEP164_P1P2_ENSG00000110274,CEP164,-0.04159928,-0.5012553,-0.43148476,-0.29834086
1499_CEP170_P1P2_ENSG00000143702,CEP170,-0.10085904,0.32751977,0.35318524,0.55616987
149_ADD1_P1P2_ENSG00000087274,ADD1,0.3956465,-0.34230542,-0.24384949,0.09555599
14_AASDHPPT_P1P2_ENSG00000149313,AASDHPPT,-0.5533291,-0.22781262,-0.037522256,-0.92744505
1500_CEP192_P1P2_ENSG00000101639,CEP192,-0.043123912,1.2497134,0.8377245,-0.407824
1501_CEP19_P1P2_ENSG00000174007,CEP19,0.013940759,-0.18507685,-0.054542672,-0.09733979
1502_CEP250_P1P2_ENSG00000126001,CEP250,0.13186969,0.99466276,-0.40433547,-0.3859494
1503_CEP290_P1P2_ENSG00000198707,CEP290,-0.64755327,-0.2903477,-0.19068867,-0.76546603
1504_CEP350_P1P2_ENSG00000135837,CEP350,0.10717999,-0.93248314,-0.17825383,1.8403456
1505_CEP44_P1P2_ENSG00000164118,CEP44,-0.17844081,-0.11589275,-0.33127943,-0.30053222
1506_CEP55_P1P2_ENSG00000138180,CEP55,0.96916944,0.5127404,-0.18444057,-1.2189338
1507_CEP57L1_P1P2_ENSG00000183137,CEP57L1,-0.09090521,0.38317612,-0.11779471,-0.44898015
1508_CEP57_P1P2_ENSG00000166037,CEP57,0.24238202,0.58161414,-1.0721574,-0.0148906885
1509_CEP63_P1P2_ENSG00000182923,CEP63,-1.1522564,-0.59146214,1.0089452,-0.27167556
150_ADD2_P1P2_ENSG00000075340,ADD2,0.02657933,-0.19127882,-0.30628815,-0.25544608
1510_CEP68_P1P2_ENSG00000011523,CEP68,-0.10053633,-0.3708241,-0.37459278,-0.6247269
1511_CEP70_P1P2_ENSG00000114107,CEP70,-0.33263075,0.34396952,-0.6024173,-0.20968013
1512_CEP72_P1P2_ENSG00000112877,CEP72,0.17091525,-1.0495574,-0.45149732,-0.3045179
1513_CEP76_P1P2_ENSG00000101624,CEP76,0.029201569,-0.3738617,-0.62744844,-0.11257399
1514_CEP78_P1P2_ENSG00000148019,CEP78,-0.033568475,-0.6597732,-0.13351561,-0.41204306
1515_CEP85L_P1P2_ENSG00000111860,CEP85L,0.04296151,-0.36214015,0.21793741,0.12222004
1516_CEP85_P1P2_ENSG00000130695,CEP85,0.56633794,0.98941916,-0.4082676,1.0518198
1517_CEP89_P1P2_ENSG00000121289,CEP89,-0.35545912,0.42948726,-0.39849377,-0.18653055
1518_CEP95_P1P2_ENSG00000258890,CEP95,-0.29784185,0.46893197,0.3850515,-0.6103968
1519_CEP97_P1P2_ENSG00000182504,CEP97,0.23840082,0.5277661,-0.12209859,0.17955106
151_ADD3_P1P2_ENSG00000148700,ADD3,-0.44494468,-0.77594,0.43013474,-0.43004784
1520_CEPT1_P1P2_ENSG00000134255,CEPT1,0.61786205,1.2457778,-0.29865998,-0.26106256
1521_CERCAM_P1P2_ENSG00000167123,CERCAM,-0.31703725,-0.2614205,-0.06890377,-0.4797178
1522_CERK_P1P2_ENSG00000100422,CERK,0.022376329,-0.97489077,-0.5159994,-0.9553868
1523_CERS2_P1P2_ENSG00000143418,CERS2,-0.7404387,-0.5069282,0.14031596,-0.6793398
1524_CERS4_P1P2_ENSG00000090661,CERS4,-0.13727298,-0.09612281,0.4306426,-0.630767
1525_CERS5_P1P2_ENSG00000139624,CERS5,-0.21809952,0.11948682,-1.0359797,-0.13007273
1526_CERS6_P1P2_ENSG00000172292,CERS6,0.17239596,1.7531619,-0.9754263,1.0798199
1527_CES2_P1_ENSG00000172831,CES2,-0.76922184,0.033177856,0.1722839,-0.59038925
1528_CES2_P2_ENSG00000172831,CES2,-0.32461783,-0.30889112,-0.6495233,-0.16512927
1529_CETN2_P1_ENSG00000147400,CETN2,-0.58261114,-0.8728886,0.039373748,-0.037351325
152_ADH5_P1P2_ENSG00000197894,ADH5,0.3461744,0.41221672,-0.14379658,-0.3209726
1530_CETN2_P2_ENSG00000147400,CETN2,0.6575794,0.48080117,-0.6130909,0.2882633
1531_CETN3_P1P2_ENSG00000153140,CETN3,0.13729243,0.10049181,-0.12248326,-0.655039
1532_CFDP1_P1_ENSG00000153774,CFDP1,-0.23476562,-0.48290056,-0.19564508,0.74888265
1533_CFDP1_P2_ENSG00000153774,CFDP1,-0.537282,-0.18759446,-0.5675529,-0.004714432
1534_CFD_P1P2_ENSG00000197766,CFD,0.08069363,0.47184226,-0.19071105,-0.2032074
1537_CFL2_P1P2_ENSG00000165410,CFL2,0.48673505,0.030096784,-0.5547164,-0.37454847
1538_CFLAR_P1_ENSG00000003402,CFLAR,0.65208,0.35415033,-0.3953225,1.188669
1539_CFLAR_P2_ENSG00000003402,CFLAR,-0.26556417,-0.8109392,0.2703978,-0.34122753
153_ADI1_P1P2_ENSG00000182551,ADI1,0.08507268,-0.7403987,-0.22985245,-0.1584219
1540_CGGBP1_P1_ENSG00000163320,CGGBP1,0.105542384,-0.5295499,0.4949689,-0.106248565
1541_CGGBP1_P2_ENSG00000163320,CGGBP1,-0.9738847,-0.676862,-0.77099687,-0.027964015
1542_CHAC1_P1P2_ENSG00000128965,CHAC1,0.41850144,-0.004313504,-0.13957597,-0.21427421
1543_CHAC2_P1P2_ENSG00000143942,CHAC2,0.37643173,-0.14786886,-0.20569333,0.42358583
1544_CHAF1A_P1P2_ENSG00000167670,CHAF1A,-0.08733769,0.72997344,9.181868,2.778022
1545_CHAF1B_P1P2_ENSG00000159259,CHAF1B,1.1054918,-1.0294812,9.289507,3.7894216
1546_CHAMP1_P1P2_ENSG00000198824,CHAMP1,0.5312019,0.027162962,-0.30868736,-0.67227525
1547_CHCHD10_P1P2_ENSG00000250479,CHCHD10,-0.41405883,-0.52466303,-0.051850133,-0.2525962
1548_CHCHD1_P1P2_ENSG00000172586,CHCHD1,0.16456859,-0.11973795,-0.25322688,-0.4327538
1549_CHCHD2_P1P2_ENSG00000106153,CHCHD2,-0.63943815,0.30412132,-0.464184,-0.51178044
154_ADIPOR1_P1P2_ENSG00000159346,ADIPOR1,0.074287154,0.09070226,-0.23033337,0.6323555
1550_CHCHD3_P1P2_ENSG00000106554,CHCHD3,1.0974165,-0.333583,-0.6930081,0.14024629
1551_CHCHD4_P1P2_ENSG00000163528,CHCHD4,6.489687,2.1113482,-2.0986993,1.9429278
1552_CHCHD5_P1P2_ENSG00000125611,CHCHD5,-0.30493835,-0.21399722,-0.14196666,-0.29220307
1553_CHCHD6_P1P2_ENSG00000159685,CHCHD6,-0.2888864,-0.0840871,-0.43488282,-0.07385581
1554_CHCHD7_P1P2_ENSG00000170791,CHCHD7,0.35686317,-0.06731984,0.37395725,-0.33442983
1555_CHD1L_P1P2_ENSG00000131778,CHD1L,0.61955273,-0.47510344,-0.23098385,-0.03985319
1556_CHD1_P1P2_ENSG00000153922,CHD1,-0.016812203,0.5484244,-0.22274877,-0.32185888
1557_CHD2_P1_ENSG00000173575,CHD2,0.6614325,0.62040573,0.18499827,0.045856416
1558_CHD2_P2_ENSG00000173575,CHD2,-0.25366393,-0.44938704,-0.062071174,-0.34185225
1559_CHD3_P1P2_ENSG00000170004,CHD3,-0.009237135,-0.6431719,-0.34161848,-0.06897659
155_ADIPOR2_P1P2_ENSG00000006831,ADIPOR2,-0.0075362665,0.034089677,-0.28224483,-0.32495132
1560_CHD4_P1P2_ENSG00000111642,CHD4,-0.95267236,0.71017545,2.435134,0.23630896
1561_CHD6_P1P2_ENSG00000124177,CHD6,-0.19842672,0.074985005,0.43007463,0.5786925
1562_CHD7_P1P2_ENSG00000171316,CHD7,0.32949418,-0.20451412,-0.45706323,-0.7505965
1563_CHD8_P1_ENSG00000100888,CHD8,-0.46678868,0.37298214,-0.14588788,-0.65331864
1564_CHD8_P2_ENSG00000100888,CHD8,0.021588564,1.744363,-1.9959385,-0.7320323
1565_CHD9_P1_ENSG00000177200,CHD9,-0.4389355,-0.8774801,-0.067628756,-0.4605587
1566_CHD9_P2_ENSG00000177200,CHD9,0.09174197,0.22043075,-0.44594416,-0.4368754
1567_CHDH_P1P2_ENSG00000016391,CHDH,-0.11701723,0.23785137,-0.30777135,-0.47889474
1568_CHEK1_P1P2_ENSG00000149554,CHEK1,-0.0022828374,-0.4213179,-0.5508935,-0.22866002
1569_CHEK2_P1P2_ENSG00000183765,CHEK2,-0.34373793,-0.012486079,1.1309617,0.278199
156_ADK_P2_ENSG00000156110,ADK,-0.05524783,-0.5430434,-0.46955216,-0.08375812
1570_CHERP_P1P2_ENSG00000085872,CHERP,-0.36867723,-0.0927605,1.5467114,-1.2797339
1571_CHFR_P1P2_ENSG00000072609,CHFR,-0.045180615,-0.5272627,-0.44733515,-0.4121017
1572_CHI3L2_P2_ENSG00000064886,CHI3L2,-0.30949712,0.33598557,-0.8437613,0.95350236
1573_CHI3L2_P1_ENSG00000064886,CHI3L2,-0.65686893,0.0333628,0.17500989,-0.54777217
1574_CHIC2_P1P2_ENSG00000109220,CHIC2,1.5521638,0.5927122,-0.8239956,1.3861403
1575_CHID1_P1P2_ENSG00000177830,CHID1,0.43371332,0.39479542,-0.22686663,-0.26473126
1576_CHKA_P1P2_ENSG00000110721,CHKA,-0.0983875,2.1587925,-0.45262477,-0.060530696
1577_CHKB_P1P2_ENSG00000100288,CHKB,1.8714576,1.517422,-1.4261891,1.5534022
1579_CHMP1A_P1P2_ENSG00000131165,CHMP1A,0.03505167,-0.4549274,0.34908774,0.826035
157_ADK_P1_ENSG00000156110,ADK,0.6344352,-0.12787849,-0.22489633,-0.27479312
1580_CHMP1B_P1P2_ENSG00000255112,CHMP1B,-0.57814234,-0.45643434,-0.11694158,-0.12612589
1581_CHMP2A_P1P2_ENSG00000130724,CHMP2A,0.4369656,0.030321438,0.55833197,1.5354861
1582_CHMP2B_P1P2_ENSG00000083937,CHMP2B,0.36866176,-0.068166,-0.201192,0.36845487
1583_CHMP3_P1P2_ENSG00000115561,CHMP3,0.42873535,-1.0433781,-1.2681701,5.708928
1584_CHMP4A_P1_ENSG00000254505,CHMP4A,0.64258826,0.9858048,-0.7939998,0.43556082
1585_CHMP4A_P2_ENSG00000254505,CHMP4A,-0.21515715,0.36337626,0.6871124,0.2805968
1586_CHMP4B_P1P2_ENSG00000101421,CHMP4B,-0.6105807,-0.3021783,0.40325704,-0.2318989
1587_CHMP5_P1P2_ENSG00000086065,CHMP5,-0.058953013,0.453575,0.14676145,-0.6002154
1588_CHMP6_P1P2_ENSG00000176108,CHMP6,2.3402414,-2.3132885,-2.0617044,11.545709
1589_CHMP7_P1P2_ENSG00000147457,CHMP7,-0.575194,-0.42010644,-0.20232642,-0.78159237
158_ADNP2_P1P2_ENSG00000101544,ADNP2,-0.22327967,1.1566844,0.6086114,-1.2411495
1590_CHM_P1P2_ENSG00000188419,CHM,-0.5142968,0.6497162,-0.36225882,-0.49585044
1591_CHORDC1_P1P2_ENSG00000110172,CHORDC1,-0.65115047,-0.8582443,0.77265346,-1.2560338
1592_CHP1_P1P2_ENSG00000187446,CHP1,0.015351388,-0.57337165,-0.16488643,0.05416115
1593_CHPF2_P1P2_ENSG00000033100,CHPF2,0.19116443,0.21602765,-0.112019,-0.112601
1594_CHPF_P1P2_ENSG00000123989,CHPF,-0.15184712,-0.24809775,-0.46018317,-0.3151384
1595_CHPT1_P1P2_ENSG00000111666,CHPT1,1.1446438,0.2151929,0.0035536592,0.4835884
1596_CHRAC1_P1P2_ENSG00000104472,CHRAC1,0.16871643,0.34932438,-0.32389462,-0.5246423
1597_CHRNA5_P1P2_ENSG00000169684,CHRNA5,-0.3498449,0.08225085,-0.09245899,-0.5813806
1598_CHRNB1_P1P2_ENSG00000170175,CHRNB1,-0.50714594,-0.40039706,0.5641424,1.3795547
1599_CHST10_P1P2_ENSG00000115526,CHST10,-0.19720216,-0.18543345,-0.03888235,0.110556066
159_ADNP_P1P2_ENSG00000101126,ADNP,-0.35843468,0.9628189,-0.7859502,-0.39067143
15_AASDH_P1P2_ENSG00000157426,AASDH,0.566205,0.73585016,-0.23567726,0.41804084
1600_CHST11_P1P2_ENSG00000171310,CHST11,-0.5213979,0.08679403,0.09355692,0.3137757
1601_CHST12_P1P2_ENSG00000136213,CHST12,-0.14305894,0.90119815,0.17620844,0.8337451
1602_CHST2_P1P2_ENSG00000175040,CHST2,0.58698905,0.06602012,0.2991334,-0.41453716
1603_CHSY1_P1P2_ENSG00000131873,CHSY1,-0.89508647,-0.04660964,-0.50074774,-0.3090798
1604_CHTF18_P1P2_ENSG00000127586,CHTF18,-1.1129947,-0.61686796,1.0811841,-0.23103355
1605_CHTF8_P1P2_ENSG00000168802,CHTF8,-0.5592551,-0.25440687,1.1813834,0.25314322
1606_CHTOP_P1P2_ENSG00000160679,CHTOP,-0.14024605,-0.44025353,0.4967405,-0.36507317
1607_CHUK_P1P2_ENSG00000213341,CHUK,-0.41871473,0.08828481,0.21240154,-0.5335127
1608_CHURC1_P1P2_ENSG00000258289,CHURC1,-0.027160846,-0.52126026,-0.57489496,-0.7013844
1609_CIAO1_P1P2_ENSG00000144021,CIAO1,-0.10816132,-0.31945723,0.3227992,-0.35990402
160_ADORA2B_P1P2_ENSG00000170425,ADORA2B,-0.42261103,-0.22677347,0.018485427,-0.40758
1610_CIAPIN1_P1P2_ENSG00000005194,CIAPIN1,3.4686184,2.470808,0.4712448,5.147975
1611_CIB1_P1P2_ENSG00000185043,CIB1,-0.35398751,-0.5012016,0.59043396,-0.19519977
1612_CIB2_P1P2_ENSG00000136425,CIB2,0.0038144782,-0.49185655,-0.18939626,-0.14817466
1613_CIC_P1P2_ENSG00000079432,CIC,-0.22980058,-0.7041626,0.2979319,-0.14989726
1614_CINP_P1P2_ENSG00000100865,CINP,-0.7691263,-1.8152263,1.1291848,-0.0072772345
1615_CIR1_P1P2_ENSG00000138433,CIR1,-0.38155362,-0.47962937,-0.77755475,-0.02146421
1616_CIRBP_P1P2_ENSG00000099622,CIRBP,0.26503912,0.05995222,0.18025206,-0.19699018
1617_CISD1_P1P2_ENSG00000122873,CISD1,-0.0829929,-0.5695928,0.09655313,-0.2196649
1618_CISD2_P1P2_ENSG00000145354,CISD2,-0.15489173,-0.4709128,-0.115946785,0.21360625
1619_CISD3_P1P2_ENSG00000277972,CISD3,-0.42764503,-0.03557233,-0.040064365,0.060052555
161_ADO_P1P2_ENSG00000181915,ADO,0.51116496,-0.8038519,-1.0624223,0.7862974
1620_CISH_P1P2_ENSG00000114737,CISH,-0.00048223833,0.0119545655,0.3455139,-0.009748371
1621_CITED1_P1_ENSG00000125931,CITED1,-0.5977884,0.45517296,-0.13996659,-0.25210235
1622_CITED1_P2_ENSG00000125931,CITED1,0.026547829,0.13441923,-0.9993649,-0.3357303
1623_CITED2_P1P2_ENSG00000164442,CITED2,-0.0547493,-0.39815623,0.17776261,-0.150029
1624_CIT_P1P2_ENSG00000122966,CIT,-1.0519601,0.35231957,0.80840945,-1.2537726
1625_CIZ1_P1P2_ENSG00000148337,CIZ1,-0.6091543,0.15811327,-0.12956885,-0.04295803
1626_CKAP2L_P1P2_ENSG00000169607,CKAP2L,0.10791057,0.19763982,-0.49847206,-0.2648649
1627_CKAP2_P1P2_ENSG00000136108,CKAP2,0.3979875,0.09457034,0.2779184,-0.043518815
1628_CKAP5_P1_ENSG00000175216,CKAP5,-0.35340083,-0.5562307,0.4119472,-0.2855104
1629_CKAP5_P2_ENSG00000175216,CKAP5,-0.31195235,0.44715807,0.23957103,-0.035902634
162_ADPGK_P1P2_ENSG00000159322,ADPGK,-0.17022753,-1.1474379,-1.5256088,0.22974338
1630_CKB_P1P2_ENSG00000166165,CKB,-0.3602348,0.40548638,-0.89014363,-0.2150972
1631_CKLF_P1P2_ENSG00000217555,CKLF,0.06194932,-0.3430168,-0.7146898,-0.28879124
1632_CKS2_P1P2_ENSG00000123975,CKS2,0.35686466,0.5651207,-0.7459917,-0.12505138
1633_CLASP1_P1P2_ENSG00000074054,CLASP1,-0.36249784,-1.3517396,0.631115,0.19121838
1634_CLASP2_P1_ENSG00000163539,CLASP2,-0.1427264,-0.19582239,-0.72333497,-0.16183262
1635_CLASP2_P2_ENSG00000163539,CLASP2,-0.11892192,-0.749354,0.03667802,-0.0888387
1636_CLASRP_P1P2_ENSG00000104859,CLASRP,-0.07426158,-0.03566057,0.10981722,-0.7693022
1637_CLCA1_P1P2_ENSG00000016490,CLCA1,0.07476118,0.12675923,0.37173146,0.016295502
1638_CLCC1_P1P2_ENSG00000121940,CLCC1,-0.046157796,-0.13287812,-1.0709465,-0.49879527
1639_CLCN2_P1P2_ENSG00000114859,CLCN2,-0.30486953,-0.46667022,0.077566035,-0.4561688
163_ADPRHL2_P1P2_ENSG00000116863,ADPRHL2,0.29061812,-0.03919089,-0.28140038,0.20832132
1640_CLCN3_P1P2_ENSG00000109572,CLCN3,-0.2703873,-0.7456099,-0.018317703,-0.0013734825
1641_CLCN6_P1P2_ENSG00000011021,CLCN6,0.52510256,0.41054097,-0.25128922,0.33484837
1642_CLCN7_P1P2_ENSG00000103249,CLCN7,0.5552369,0.20442025,-0.18923457,0.1891156
1643_CLDN15_P1P2_ENSG00000106404,CLDN15,-0.053562187,-0.14400768,0.11491026,0.89833945
1644_CLDN6_P1P2_ENSG00000184697,CLDN6,-0.00052462076,0.4521816,0.6472988,-0.33098856
1645_CLDN7_P1P2_ENSG00000181885,CLDN7,0.597308,-0.10092338,-0.07629244,-0.015453889
1646_CLDND1_P1P2_ENSG00000080822,CLDND1,0.15166172,0.44778454,-0.30143028,0.22362077
1647_CLEC11A_P1P2_ENSG00000105472,CLEC11A,-0.5694504,0.4704214,-0.23181322,-0.26407826
1648_CLEC16A_P1P2_ENSG00000038532,CLEC16A,-0.13600053,-0.23030804,0.02376142,-0.20128545
1649_CLEC2B_P1P2_ENSG00000110852,CLEC2B,0.2808043,1.2762479,-0.80373573,0.5555541
164_GRK2_P1P2_ENSG00000173020,GRK2,-0.5374014,-0.5328971,0.66259164,-1.1169472
1650_CLEC2D_P1P2_ENSG00000069493,CLEC2D,-1.0120839,-0.58431804,-0.13393739,-0.38820875
1651_CLEC2L_P1P2_ENSG00000236279,CLEC2L,0.94594234,-0.27379772,0.873641,0.46173832
1652_CLHC1_P1P2_ENSG00000162994,CLHC1,0.045639914,-0.48203364,-1.0823712,-0.06945388
1653_CLIC1_P1P2_ENSG00000213719,CLIC1,-0.62190884,-1.0114865,-0.10102377,-0.5464989
1654_CLIC2_P1P2_ENSG00000155962,CLIC2,-0.024081996,-0.35370505,-0.02504398,0.24304411
1655_CLIC4_P1P2_ENSG00000169504,CLIC4,-0.17420982,-0.090191156,-0.4599007,-0.5064863
1656_CLINT1_P1P2_ENSG00000113282,CLINT1,-0.61248404,-0.4711557,-0.050751284,-0.17120747
1657_CLIP1_P1P2_ENSG00000130779,CLIP1,-0.04932859,-1.1456559,-0.024201846,-0.39565456
1658_CLK1_P1P2_ENSG00000013441,CLK1,-0.5095019,-0.2775807,-0.3259593,-0.48273137
1659_CLK2_P1P2_ENSG00000176444,CLK2,-0.047201272,-0.4271273,-0.6260509,-0.14458504
165_GRK3_P1P2_ENSG00000100077,GRK3,-0.15444253,0.18259078,-0.26617688,0.5245452
1660_CLK3_P2_ENSG00000179335,CLK3,-0.17815527,-0.73729634,-0.3027062,0.22295907
1661_CLK3_P1_ENSG00000179335,CLK3,-0.41359448,0.17727542,-0.010944311,0.51797956
1662_CLK4_P1P2_ENSG00000113240,CLK4,-0.66961044,0.24021232,0.123510845,-0.5006119
1663_CLN3_P1P2_ENSG00000188603,CLN3,-0.33798695,0.6941035,-0.20124562,0.32436904
1664_CLN5_P1P2_ENSG00000102805,CLN5,0.26115087,-0.36981502,0.093089305,-0.10480858
1665_CLN6_P1P2_ENSG00000128973,CLN6,0.102003604,-0.24619202,0.15431204,-0.10534592
1666_CLN8_P1P2_ENSG00000182372,CLN8,-0.17126079,0.020250361,-0.34904045,-0.4564532
1667_CLNS1A_P1P2_ENSG00000074201,CLNS1A,0.3150964,3.6811686,0.7285307,2.2634797
166_ADRM1_P1P2_ENSG00000130706,ADRM1,0.077371515,-0.67169374,0.34270245,0.68019533
1670_CLOCK_P1P2_ENSG00000134852,CLOCK,-0.07753439,0.5295948,-0.18705451,-0.09435126
1671_CLP1_P1P2_ENSG00000172409,CLP1,-0.44544747,-0.39623925,-0.44352084,0.15779495
1672_CLPB_P1P2_ENSG00000162129,CLPB,-0.42687744,-0.054617994,-0.7762016,0.8076159
1673_CLPP_P1P2_ENSG00000125656,CLPP,-0.43405867,-0.40105775,-0.4543592,-0.69832295
1674_CLPTM1L_P1P2_ENSG00000049656,CLPTM1L,-0.23629993,-0.3258163,-0.4798153,0.088072225
1675_CLPTM1_P1P2_ENSG00000104853,CLPTM1,-0.028133933,-0.04415743,0.026674638,-0.13766225
1676_CLPX_P1P2_ENSG00000166855,CLPX,-0.8529681,-0.42924163,-0.66378635,-1.04797
1677_CLSPN_P1P2_ENSG00000092853,CLSPN,-0.30190468,0.45474386,1.7017747,-0.25784916
1678_CLSTN1_P1P2_ENSG00000171603,CLSTN1,-0.14804561,-0.2957944,0.51765776,-0.19419435
1679_CLSTN3_P1_ENSG00000139182,CLSTN3,0.1671026,0.041197088,-0.19154863,0.06814633
167_ADSL_P1P2_ENSG00000239900,ADSL,-0.8009818,-1.1969864,1.8495114,-0.62275076
1680_CLSTN3_P2_ENSG00000139182,CLSTN3,0.78517425,-0.31366566,-0.058740433,0.14812885
1681_CLTA_P1P2_ENSG00000122705,CLTA,-0.45237762,-0.051869437,0.04447099,0.01171627
1682_CLTB_P1P2_ENSG00000175416,CLTB,-0.6843272,0.011331694,0.57940495,-0.019511791
1683_CLTC_P1P2_ENSG00000141367,CLTC,0.1988423,-0.023926659,2.0780332,1.7604495
1684_CLUAP1_P1P2_ENSG00000103351,CLUAP1,-0.86868423,-0.26508188,0.41511613,-0.17637359
1685_CLUH_P1P2_ENSG00000132361,CLUH,-0.30249643,0.21775731,0.012378783,-0.3370611
1686_CLU_P2_ENSG00000120885,CLU,-0.19381617,-0.24080731,-0.2970948,0.47871566
1687_CLU_P1_ENSG00000120885,CLU,-0.19060932,-0.06767439,-0.547416,0.29197487
1688_CMAS_P1P2_ENSG00000111726,CMAS,1.8629143,0.18569827,-1.1360735,0.624007
1689_CMBL_P1P2_ENSG00000164237,CMBL,0.11705125,0.45400298,-0.6462568,-0.31005156
168_ADSS_P1P2_ENSG00000035687,ADSS,-0.6653757,-0.45796803,3.8778265,-0.019455735
1690_CMC1_P1P2_ENSG00000187118,CMC1,-0.23110159,0.09370215,-0.3474044,-0.33328187
1691_CMC2_P1P2_ENSG00000103121,CMC2,0.16496396,-0.10227329,-0.30108893,0.16162634
1692_CMC4_P1P2_ENSG00000182712,CMC4,0.35455287,0.13997783,0.10527328,-0.32478076
1693_CMIP_P1P2_ENSG00000153815,CMIP,3.4425776,1.7193385,0.55844784,3.4790788
1694_CMPK1_P1P2_ENSG00000162368,CMPK1,-0.39342916,-0.35749793,0.022562156,-0.65069276
1695_CMPK2_P1P2_ENSG00000134326,CMPK2,-0.0665852,-0.1317582,-0.65245247,-0.012059094
1696_CMSS1_P1P2_ENSG00000184220,CMSS1,-0.2857414,0.30221426,-0.08003113,-0.18309307
1697_CMTM3_P1P2_ENSG00000140931,CMTM3,-0.27188954,2.0004854,-0.6821258,0.8082065
1698_CMTM4_P1P2_ENSG00000183723,CMTM4,-0.2748079,-0.43661028,0.1848466,-0.06324324
1699_CMTM6_P1P2_ENSG00000091317,CMTM6,-0.25833485,0.25141233,-0.5025864,-0.40416962
169_ADTRP_P1P2_ENSG00000111863,ADTRP,-0.47203267,-0.010829086,-0.12089845,-0.0045584408
16_AATF_P1P2_ENSG00000275700,AATF,-0.23068178,0.9005889,0.65342444,0.8309851
1700_CMTM7_P1P2_ENSG00000153551,CMTM7,-0.28715235,0.2364712,0.26158872,-0.022429852
1701_CMTR1_P1P2_ENSG00000137200,CMTR1,2.027692,2.563599,1.7028812,3.6958635
1702_CMTR2_P1P2_ENSG00000180917,CMTR2,0.2132378,1.8303125,-0.7243395,0.99895984
1703_CNBD2_P1P2_ENSG00000149646,CNBD2,-0.17378092,-0.5965511,0.04477619,-0.6154864
1704_CNBP_P1P2_ENSG00000169714,CNBP,-0.12787999,-0.48679882,0.9997324,-0.37594667
1705_CNDP2_P2_ENSG00000133313,CNDP2,-0.5369097,-0.012898032,-0.033479262,-0.60243535
1706_CNDP2_P1_ENSG00000133313,CNDP2,0.18756483,0.23610173,1.6414229,0.31448886
1707_CNEP1R1_P1P2_ENSG00000205423,CNEP1R1,-0.016048253,-0.10989168,0.23380023,-1.1251465
1708_CNIH1_P1P2_ENSG00000100528,CNIH1,-0.6808626,0.034821186,-0.6786527,-0.38146585
1709_CNIH4_P1P2_ENSG00000143771,CNIH4,-0.03565671,-0.8055663,2.7160382,1.0474042
170_AEBP1_P1P2_ENSG00000106624,AEBP1,0.37692502,0.33250967,-0.17370997,-0.28814346
1710_CNN1_P1_ENSG00000130176,CNN1,-0.21692139,-0.45773882,-0.36568704,-0.02101071
1711_CNN1_P2_ENSG00000130176,CNN1,-0.81344754,-0.34961247,0.13552281,-0.79075384
1712_CNN2_P1P2_ENSG00000064666,CNN2,-0.41562814,-0.48449963,-0.1585126,-0.54436666
1713_CNNM3_P1P2_ENSG00000168763,CNNM3,0.19504403,0.073567085,-0.35226917,-0.02663177
1714_CNOT10_P1P2_ENSG00000182973,CNOT10,-1.1950701,-0.72975224,0.46541646,-1.3531134
1715_CNOT11_P1P2_ENSG00000158435,CNOT11,-0.2672763,0.3507706,-0.74151057,-1.7981095
1716_CNOT1_P1P2_ENSG00000125107,CNOT1,1.8249923,2.8042731,3.8814845,3.7065127
1717_CNOT2_P1P2_ENSG00000111596,CNOT2,0.27277976,-0.77743423,2.1959677,1.1975813
1718_CNOT3_P1P2_ENSG00000088038,CNOT3,0.39708674,-0.2066534,1.2360034,3.0005894
1719_CNOT4_P1P2_ENSG00000080802,CNOT4,-0.24581589,-1.6270604,-1.0117686,-1.9694142
171_AEBP2_P1P2_ENSG00000139154,AEBP2,-0.59894824,-0.6993198,-0.29710978,-0.49361768
1720_CNOT6L_P1P2_ENSG00000138767,CNOT6L,0.107372135,-0.07665503,0.7284444,-0.25613374
1721_CNOT6_P1P2_ENSG00000113300,CNOT6,0.8594413,0.6933506,-0.95329726,1.6965219
1722_CNOT7_P1P2_ENSG00000198791,CNOT7,0.26985526,0.37246302,-0.17424943,0.14740929
1723_CNOT8_P1P2_ENSG00000155508,CNOT8,-0.31362405,-0.0048670694,-0.12061013,-0.2900929
1724_CNPPD1_P1_ENSG00000115649,CNPPD1,0.172262,-0.27541968,-0.7305122,-0.18068619
1725_CNPPD1_P2_ENSG00000115649,CNPPD1,-0.2795435,0.065654986,0.20094116,-0.85634446
1726_CNPY2_P1P2_ENSG00000257727,CNPY2,0.11885393,0.091329746,-0.12184975,0.33730307
1727_CNPY3_P1P2_ENSG00000137161,CNPY3,-0.31175783,-0.23875004,0.39201996,-0.21063207
1728_CNP_P1P2_ENSG00000173786,CNP,-0.13517964,-0.48202035,-0.38335997,-0.37729296
1729_CNST_P1P2_ENSG00000162852,CNST,-0.11960749,-0.22158836,-0.7501165,0.083722614
172_AEN_P1P2_ENSG00000181026,AEN,-0.24232319,-0.53603953,-0.45138556,-0.34783146
1730_CNTRL_P1P2_ENSG00000119397,CNTRL,-0.25407466,-0.2695698,-0.3691392,0.03982861
1731_CNTROB_P1P2_ENSG00000170037,CNTROB,0.021484507,0.2281738,-0.8391663,0.9266489
1732_COA1_P1P2_ENSG00000106603,COA1,-0.7538519,-0.9887486,-0.39283982,-0.44063908
1733_COA3_P1P2_ENSG00000183978,COA3,0.17320783,-0.3916369,0.1084653,-0.48022103
1734_COA4_P1P2_ENSG00000181924,COA4,-0.15359549,-0.24772207,0.13172318,-0.11453337
1735_COA5_P1P2_ENSG00000183513,COA5,0.23102213,-0.889292,-0.14636098,-0.57346207
1736_COA6_P1P2_ENSG00000168275,COA6,0.3512882,-1.5427073,0.4241955,-0.36961633
1737_COASY_P1P2_ENSG00000068120,COASY,-0.51612014,-0.41052106,-0.07339159,-0.57535774
1738_COBL_P1P2_ENSG00000106078,COBL,-0.34639984,0.027352326,0.1317332,-0.14633171
1739_COCH_P1P2_ENSG00000100473,COCH,0.031213194,0.019598277,-0.12382002,0.0016611993
173_TLE5_P1P2_ENSG00000104964,TLE5,-0.38965476,0.17587422,-0.16064306,0.37281317
1740_COG1_P1P2_ENSG00000166685,COG1,0.22081958,0.54452765,-0.4514375,0.607496
1741_COG2_P1P2_ENSG00000135775,COG2,-0.19579542,0.10517946,0.5636445,1.6840508
1742_COG3_P1P2_ENSG00000136152,COG3,0.1480432,-0.34033823,0.396615,2.4657536
1743_COG4_P1P2_ENSG00000103051,COG4,-0.118563585,0.41438589,-0.2403779,0.9795162
1744_COG5_P1P2_ENSG00000164597,COG5,-0.033916697,-0.14323556,0.28403962,0.9894628
1745_COG6_P1P2_ENSG00000133103,COG6,0.31651136,0.20727687,0.16189118,2.0972552
1746_COG7_P1P2_ENSG00000168434,COG7,0.5896444,0.419747,-0.8283704,2.0737507
1747_COG8_P1P2_ENSG00000213380,COG8,0.7054202,0.2471745,-0.2520541,3.8350518
1748_COIL_P1P2_ENSG00000121058,COIL,0.16005184,0.0024985864,-0.5164699,-0.09203951
1749_COL18A1_P1P2_ENSG00000182871,COL18A1,-0.12911241,0.32998565,-0.2868543,-0.086582825
174_AFF1_P1P2_ENSG00000172493,AFF1,-0.32047865,-0.17394225,-0.4670981,-0.29963905
1750_COL2A1_P1P2_ENSG00000139219,COL2A1,0.26373094,0.22775757,-1.0479885,-0.11139961
1751_CERT1_P1P2_ENSG00000113163,CERT1,-0.24061623,-0.10976336,0.70858324,-1.1661162
1752_COLEC11_P2_ENSG00000118004,COLEC11,0.3494303,0.36192882,-0.7062284,-0.7316584
1753_COLEC11_P1_ENSG00000118004,COLEC11,-0.7004811,1.2440491,0.26222506,-0.30508703
1754_COLGALT1_P1P2_ENSG00000130309,COLGALT1,-0.35988045,-0.31959558,0.077207245,-0.22146566
1755_COLGALT2_P1P2_ENSG00000198756,COLGALT2,0.011235727,-0.16800344,-0.53105587,-0.38949233
1756_COMMD10_P1P2_ENSG00000145781,COMMD10,-0.5526583,-0.023543319,-0.055341665,-0.5983652
1757_COMMD1_P1P2_ENSG00000173163,COMMD1,-0.046182185,-0.60282314,-0.37800753,-1.3967708
1758_COMMD2_P1P2_ENSG00000114744,COMMD2,-1.0757078,-0.081078395,0.12959151,-0.70837665
175_AFF4_P1P2_ENSG00000072364,AFF4,0.13315329,-0.31603694,0.29473382,-0.7943213
1760_COMMD3_P1P2_ENSG00000148444,COMMD3,0.66805,0.6597396,-0.5524031,0.06840367
1761_COMMD4_P1P2_ENSG00000140365,COMMD4,-0.38663784,-0.28576273,0.053866766,-0.86488813
1762_COMMD5_ENST00000450361.2_ENSG00000170619,COMMD5,0.11705546,-0.22648631,0.4565554,-0.500071
1763_COMMD6_P1_ENSG00000188243,COMMD6,-0.57018167,0.51091117,0.037665114,-0.4996199
1764_COMMD6_P2_ENSG00000188243,COMMD6,-0.45830834,-0.13497148,0.6763539,-1.0123453
1765_COMMD7_P1P2_ENSG00000149600,COMMD7,-0.60979307,0.14835338,0.43549585,-0.7286637
1766_COMMD8_P1P2_ENSG00000169019,COMMD8,-0.7928878,-0.10524009,0.36746943,-1.2634612
1767_COMMD9_P1P2_ENSG00000110442,COMMD9,-0.18412669,0.6044182,0.027241327,-0.5548646
1768_COMTD1_P1P2_ENSG00000165644,COMTD1,0.66823393,-0.47461998,-0.67581993,-0.9721103
1769_COMT_P1P2_ENSG00000093010,COMT,-0.11810821,-0.38834703,-0.18475017,-0.3440749
176_AFG3L2_P1P2_ENSG00000141385,AFG3L2,8.610976,3.6842787,-2.363195,3.4273534
1770_COPA_P1P2_ENSG00000122218,COPA,1.6194954,0.36170822,-1.0199864,2.2320883
1771_COPB1_P1P2_ENSG00000129083,COPB1,0.41887313,1.8260877,-0.94674283,1.7619227
1772_COPB2_P1P2_ENSG00000184432,COPB2,0.93471056,0.2467839,-0.28830853,1.1923765
1773_COPE_P1P2_ENSG00000105669,COPE,0.4225342,0.46594408,-0.53187287,2.86564
1774_COPG1_P1_ENSG00000181789,COPG1,0.11680519,1.1652308,-0.24539185,0.11374611
1775_COPG1_P2_ENSG00000181789,COPG1,-0.20650212,-0.5144903,-0.22177504,-0.31528443
1776_COPG2_P1P2_ENSG00000158623,COPG2,-0.059041195,0.25291678,-0.5319283,-0.071015686
1777_COPRS_P1P2_ENSG00000172301,COPRS,-0.068546616,0.6319629,0.4584955,0.22938308
1778_COPS2_P1P2_ENSG00000166200,COPS2,-0.08009753,-0.75993097,-0.20823848,3.1190886
1779_COPS3_P1P2_ENSG00000141030,COPS3,-0.15481856,-1.0929884,-1.0799903,2.3886778
177_AFMID_P1P2_ENSG00000183077,AFMID,-0.40104616,-1.2840693,-0.66881394,-0.3467317
1780_COPS4_P1P2_ENSG00000138663,COPS4,1.0689598,-0.6754962,0.15032229,3.4108057
1781_COPS5_P1P2_ENSG00000121022,COPS5,-0.10375082,-0.46471056,-0.32440054,2.390357
1782_COPS6_P1P2_ENSG00000168090,COPS6,0.19942471,-1.1227499,-0.11518119,3.3234346
1783_COPS7A_P1P2_ENSG00000111652,COPS7A,0.4080238,-0.7057305,-0.15589729,0.19258985
1785_COPS7B_P1_ENSG00000144524,COPS7B,-0.41478387,-0.41357183,-0.1179246,1.2560257
1786_COPS8_P1P2_ENSG00000198612,COPS8,0.073441856,-0.4331762,-0.348504,2.0591094
1787_COPZ1_P2_ENSG00000111481,COPZ1,0.13810794,-0.6869007,0.31472155,-1.4374665
1788_COPZ1_P1_ENSG00000111481,COPZ1,0.5410978,0.18322392,0.52802885,1.174108
1789_COQ10A_P1P2_ENSG00000135469,COQ10A,0.41485056,1.0996577,-1.544442,-1.0712233
178_AFTPH_P1P2_ENSG00000119844,AFTPH,0.33982703,-0.06549681,-0.72015613,-0.5409238
1790_COQ10B_P1P2_ENSG00000115520,COQ10B,0.07371912,-0.04847695,1.707118,0.41956055
1791_COQ2_P1P2_ENSG00000173085,COQ2,-0.21169437,-0.98723537,0.01574349,-1.2209759
1793_COQ4_P1P2_ENSG00000167113,COQ4,0.21663854,0.1410129,-0.38412562,-0.026562734
1794_COQ5_P1P2_ENSG00000110871,COQ5,-0.23157035,-0.5239169,-0.37857383,-0.30092174
1795_COQ6_P1P2_ENSG00000119723,COQ6,0.48684505,0.33720005,0.8420281,-0.52654314
1796_COQ7_P1P2_ENSG00000167186,COQ7,0.014575771,0.4370076,0.10395419,-0.5205153
1797_COQ9_P1P2_ENSG00000088682,COQ9,-0.09692119,-0.15578915,-0.30190793,0.3627391
1798_CORO1A_P1P2_ENSG00000102879,CORO1A,-0.08934879,-0.30934206,0.07362015,0.117988914
1799_CORO1B_P2_ENSG00000172725,CORO1B,-0.117247775,1.074309,-0.629418,0.03796059
179_AGAP1_P1P2_ENSG00000157985,AGAP1,-0.58109325,-0.020634815,-0.40831596,-0.4898361
17_ABCA7_P2_ENSG00000064687,ABCA7,-0.038915522,-0.46800354,-0.165706,-0.24481449
1800_CORO1B_P1_ENSG00000172725,CORO1B,-0.2344678,-0.19889402,-0.23782103,-0.03456005
1801_CORO1C_P1P2_ENSG00000110880,CORO1C,0.07991468,-0.05652569,0.19104026,-0.00669017
1802_CORO2A_P1P2_ENSG00000106789,CORO2A,-0.3839512,-0.498538,0.8779281,-0.28347567
1803_CORO7_P1P2_ENSG00000262246,CORO7,-0.3409334,-0.40605956,-0.47041684,-0.02788556
1804_COTL1_P1P2_ENSG00000103187,COTL1,1.0512116,-0.069836274,0.16806144,0.6719868
1805_COX10_P1P2_ENSG00000006695,COX10,0.8088051,-0.5139679,-0.6849385,0.9484664
1806_COX11_P1P2_ENSG00000166260,COX11,0.8359968,-0.7685236,-1.0825733,-0.6127162
1807_COX14_P1P2_ENSG00000178449,COX14,0.0071810344,-0.40560684,-1.1879951,0.87482595
1808_COX15_P1P2_ENSG00000014919,COX15,3.4898896,0.17416605,-0.15411274,4.770352
1809_COX16_P1P2_ENSG00000133983,COX16,0.3173552,-0.9206835,0.16646607,-0.8014496
180_AGAP3_P1P2_ENSG00000133612,AGAP3,-0.44482762,0.44297582,-0.2312887,-0.5923692
1810_COX17_P1P2_ENSG00000138495,COX17,1.2760481,-0.8385454,-0.8096524,0.45834544
1811_COX18_P1P2_ENSG00000163626,COX18,-0.47358894,-1.0814337,0.20493238,-0.81521577
1813_COX20_P1P2_ENSG00000203667,COX20,0.04326829,-0.88377637,-0.4768148,-0.11173935
1814_COX4I1_P1P2_ENSG00000131143,COX4I1,-0.19056123,0.48393974,-0.6310558,-0.18856256
1815_COX5A_P1P2_ENSG00000178741,COX5A,0.06535239,-1.5473588,-0.24229243,-0.39714628
1816_COX5B_P1P2_ENSG00000135940,COX5B,-0.2010861,-0.6325995,-0.25961784,-0.287951
1817_COX6A1_P1P2_ENSG00000111775,COX6A1,-0.13228306,0.47477332,0.022575598,-0.3380213
1818_COX6B1_P1P2_ENSG00000126267,COX6B1,0.5036294,-0.056817174,-0.76473415,0.043965053
1819_COX6C_P1P2_ENSG00000164919,COX6C,-0.18778303,-1.8586382,-0.5513744,-0.863743
181_AGA_P1P2_ENSG00000038002,AGA,-1.7126796,-1.0038503,-1.0592443,-0.68387437
1820_COX7A2L_P1P2_ENSG00000115944,COX7A2L,-0.45250708,-0.7204178,-0.06598657,-0.46909735
1821_COX7A2_P1P2_ENSG00000112695,COX7A2,-0.020912295,-0.41963705,0.13539466,-0.58723617
1822_COX7B_P1P2_ENSG00000131174,COX7B,0.23031083,-1.615353,-0.6483406,0.03976161
1823_COX7C_P1P2_ENSG00000127184,COX7C,0.6033514,-1.0140272,-0.44280556,-0.5658667
1824_COX8A_P1P2_ENSG00000176340,COX8A,-0.51400733,-0.4887562,-0.21142444,-0.17407197
1825_CPAMD8_ENST00000443236.1_ENSG00000160111,CPAMD8,0.13984305,-0.21020484,-0.24417818,-0.5258608
1826_CPD_P1P2_ENSG00000108582,CPD,-0.66380215,0.108763546,-0.1905124,-0.7207058
1827_CPEB1_ENST00000562019.1_ENSG00000214575,CPEB1,-0.52010274,-0.49482164,-0.2716086,-0.26097482
1828_CPEB1_ENST00000568128.1_ENSG00000214575,CPEB1,0.75448173,0.5858005,0.7279692,0.35571787
1829_CPEB4_P1P2_ENSG00000113742,CPEB4,-0.43451303,0.2654558,0.70882577,-0.61007166
182_AGBL5_P1_ENSG00000084693,AGBL5,-0.6288735,-0.3027991,1.845836,-0.12038582
1830_CPED1_P1P2_ENSG00000106034,CPED1,-0.16824096,0.30979806,0.07751068,-0.546564
1831_CPNE1_P1P2_ENSG00000214078,CPNE1,-0.54823613,-0.87951505,4.3234596,-1.1034404
1832_CPNE2_P1P2_ENSG00000140848,CPNE2,-0.4049487,-0.47008067,-0.022594199,-0.36255166
1833_CPNE3_P1P2_ENSG00000085719,CPNE3,-0.044447463,-0.20688067,0.22222443,-0.3459826
1834_CPNE7_P1P2_ENSG00000178773,CPNE7,-0.13028868,-0.8834888,-0.25196138,0.1483014
1835_CPNE8_P1P2_ENSG00000139117,CPNE8,0.6194333,-0.36585137,0.35738596,0.3234992
1836_CPOX_P1P2_ENSG00000080819,CPOX,-0.56892073,-0.16965322,-0.14698389,-0.24722415
1837_CPPED1_P1P2_ENSG00000103381,CPPED1,0.46325496,0.24863817,-0.4832037,-0.032259118
1838_CPQ_P1P2_ENSG00000104324,CPQ,-0.078838,-0.47292075,0.00416887,-0.66331106
1839_CPSF1_P1P2_ENSG00000071894,CPSF1,-1.5253682,0.83572435,0.8210059,1.3214211
183_AGBL5_P2_ENSG00000084693,AGBL5,0.317994,-0.0419797,-0.46657744,-0.07542019
1840_CPSF2_P1P2_ENSG00000165934,CPSF2,-1.2368548,-0.86224,5.9827294,3.5820425
1841_INTS11_P1P2_ENSG00000127054,INTS11,-0.0713709,-0.66940916,1.0171179,1.1687543
1842_CPSF3_P1P2_ENSG00000119203,CPSF3,-1.0286541,0.69991523,3.194498,1.6789545
1843_CPSF4_P1P2_ENSG00000160917,CPSF4,0.36105338,0.36079907,0.8666756,0.7180604
1844_CPSF6_P1P2_ENSG00000111605,CPSF6,0.72549176,2.285957,4.7130227,3.703227
1845_CPSF7_P1P2_ENSG00000149532,CPSF7,0.33984748,-0.4624194,-0.6440982,0.17274718
1846_CPT1A_P1P2_ENSG00000110090,CPT1A,0.6222644,-0.5396379,-0.8972822,0.9121641
1847_CPT1C_P1P2_ENSG00000169169,CPT1C,0.15051898,-0.21563204,-0.15952626,-0.59283596
1848_CPT2_P1P2_ENSG00000157184,CPT2,0.9940944,-0.28827915,-0.1619813,-0.5318724
1849_CPVL_P1P2_ENSG00000106066,CPVL,-0.11029345,-0.016881393,-0.23194413,0.052978177
184_AGFG1_P1P2_ENSG00000173744,AGFG1,-0.49264756,0.6135464,0.21128991,-0.24860331
1850_CPXCR1_P1P2_ENSG00000147183,CPXCR1,0.114989825,-0.48629963,-0.3935887,0.032097556
1851_CPXM1_P1P2_ENSG00000088882,CPXM1,-0.3605738,0.24008463,-0.12839855,-0.012364042
1852_CR1L_P1P2_ENSG00000197721,CR1L,0.21349673,0.8675714,-0.51175,-0.3432972
1853_CRADD_P1P2_ENSG00000169372,CRADD,-0.63251466,0.77137107,-0.48136392,0.0043602353
1854_CRAT_P1P2_ENSG00000095321,CRAT,-0.74400246,-0.11983066,0.5750092,-0.037707303
1855_CRBN_P1P2_ENSG00000113851,CRBN,0.13503934,0.030836433,-0.14567837,-0.20116062
1856_CRCP_P1P2_ENSG00000241258,CRCP,-0.35407695,-0.4645553,0.14637595,-0.47169524
1857_CREB1_P1P2_ENSG00000118260,CREB1,-0.40541458,-0.3785476,-0.18356381,-0.6381337
1858_CREB3L1_P1P2_ENSG00000157613,CREB3L1,-0.37033603,-0.48984337,-0.21761933,-0.2897876
1859_CREB3L2_P1P2_ENSG00000182158,CREB3L2,-0.3007134,-0.41253898,-0.13128638,0.012188092
185_AGFG2_P1P2_ENSG00000106351,AGFG2,0.2926319,-0.015155359,-0.2741323,-0.36910385
1860_CREB3L3_P1P2_ENSG00000060566,CREB3L3,-1.5380343,0.931762,-0.7122964,3.3351915
1861_CREB3L4_P1P2_ENSG00000143578,CREB3L4,-0.13512978,-0.201074,-0.20791611,0.08372721
1862_CREB3_P1P2_ENSG00000107175,CREB3,-0.33611706,-0.28074673,-0.7118681,0.4139792
1863_CREB5_ENST00000357727.2_ENSG00000146592,CREB5,-0.7326067,-0.27283794,0.17880154,-0.2547042
1864_CREB5_ENST00000396300.2_ENSG00000146592,CREB5,-0.13454373,0.12424514,-0.55492014,-0.38529944
1865_CREBBP_P1P2_ENSG00000005339,CREBBP,-0.07725805,0.5051447,-2.2518814,-0.7852127
1866_CREBL2_P1P2_ENSG00000111269,CREBL2,-0.040084016,-0.0850154,-0.073064424,-0.26693085
1867_CREBZF_P1P2_ENSG00000137504,CREBZF,-0.47211915,-0.30813056,-0.2719287,-0.18612798
1868_CREG1_P1P2_ENSG00000143162,CREG1,0.077466056,-0.104304984,-0.091528535,0.053019647
1869_CRELD1_P1P2_ENSG00000163703,CRELD1,-0.44481808,-0.18002841,0.2564984,-0.40980956
186_AGGF1_P1P2_ENSG00000164252,AGGF1,-0.5674311,-0.29361635,-0.7379107,-0.29866394
1870_CRELD2_P1P2_ENSG00000184164,CRELD2,-0.043460257,-0.11381666,-0.6980274,0.03042424
1871_CREM_ENST00000395895.2_ENSG00000095794,CREM,-0.39817014,-0.19191277,-1.0874363,-0.14618413
1872_CRIM1_P1P2_ENSG00000150938,CRIM1,0.69736046,-0.12420259,-0.32823676,-1.1865463
1873_CRIPT_P1P2_ENSG00000119878,CRIPT,-0.15624195,0.26052004,-0.6613883,-0.6094605
1874_CRKL_P1P2_ENSG00000099942,CRKL,-0.7389576,0.4857204,-0.4727851,-0.057733245
1875_CRK_P1P2_ENSG00000167193,CRK,-0.095964156,-0.072654955,-0.15081881,-0.42116317
1876_CRLF3_P1P2_ENSG00000176390,CRLF3,0.4814616,2.2418923,-1.132133,5.1011734
1877_CRLS1_P1P2_ENSG00000088766,CRLS1,-0.01618403,0.0619189,-0.826329,0.009959241
1878_CRNKL1_P1P2_ENSG00000101343,CRNKL1,-0.61079234,0.049623456,-0.73631215,-0.5606432
1879_CRTAP_P1P2_ENSG00000170275,CRTAP,-1.0792763,-0.41014165,-0.20266663,-1.1275787
187_AGK_P1P2_ENSG00000006530,AGK,0.10220809,-0.023263417,-0.15312713,-0.38555393
1880_CRTC2_P1P2_ENSG00000160741,CRTC2,-0.47865108,-0.17008603,-0.19316445,-0.33302847
1881_CRTC3_P1P2_ENSG00000140577,CRTC3,0.06617115,-0.3446972,-0.19606401,-0.056365363
1882_CRX_P1P2_ENSG00000105392,CRX,-0.34252816,-0.37793255,-0.78946346,-0.08688078
1883_CRY1_P1P2_ENSG00000008405,CRY1,0.12937233,-0.36770165,0.12488877,-0.78748685
1884_CRY2_P1P2_ENSG00000121671,CRY2,-0.33338526,-0.33149502,-0.08223268,-0.47021392
1885_CRYAB_P2_ENSG00000109846,CRYAB,-0.16166344,0.603104,-0.083377115,0.19995613
1886_CRYAB_P1_ENSG00000109846,CRYAB,-0.015924124,0.16039833,-0.24005413,0.3584075
1887_CRYM_P1P2_ENSG00000103316,CRYM,-0.23452798,0.739259,-0.79867464,-0.53997177
1888_CRYZL1_P1P2_ENSG00000205758,CRYZL1,0.19870633,-0.23212108,0.7323119,-0.7138174
1889_CRYZ_P1P2_ENSG00000116791,CRYZ,-0.04441599,-0.30462945,-0.15344714,0.09303118
188_AGL_P1P2_ENSG00000162688,AGL,0.18948853,-0.39598918,-0.357092,-0.055858735
1890_CSAD_P1P2_ENSG00000139631,CSAD,0.30173734,-0.35510224,-0.83148974,-0.37163153
1891_CSAG1_P1P2_ENSG00000198930,CSAG1,-0.014026308,0.50179726,0.39419886,-0.2464621
1892_CSDE1_P1P2_ENSG00000009307,CSDE1,0.23485683,0.35850403,-1.7437521,-0.7989257
1893_CSE1L_P1P2_ENSG00000124207,CSE1L,0.2622129,0.8192783,1.3521475,5.5436354
1894_CSH2_P1_ENSG00000213218,CSH2,-0.46906766,0.42356637,0.14672872,0.3574502
1895_CSH2_P2_ENSG00000213218,CSH2,-0.54125476,-0.24472012,-0.32982823,-0.18194291
1896_CSK_P1P2_ENSG00000103653,CSK,0.07829674,0.074443415,-0.08408421,-0.18652225
1897_CSMD1_P1P2_ENSG00000183117,CSMD1,-0.75215656,-0.18563929,-0.40455225,-0.25882193
1898_CSNK1A1_P1P2_ENSG00000113712,CSNK1A1,0.8903419,0.15524156,0.038809437,0.26430723
1899_CSNK1D_P1P2_ENSG00000141551,CSNK1D,-0.0182104,0.098867044,-0.051773746,0.031815555
189_AGO1_P1P2_ENSG00000092847,AGO1,0.08302064,0.47270924,0.6771657,0.09495701
18_ABCA7_P1_ENSG00000064687,ABCA7,0.43164113,0.7285677,-0.6654109,0.43066144
1900_CSNK1E_P1P2_ENSG00000213923,CSNK1E,-0.19136602,-0.28274605,-0.16026351,-0.39385888
1901_CSNK1G1_P1P2_ENSG00000169118,CSNK1G1,-0.52771634,0.41530904,-0.56870633,-0.2395256
1902_CSNK1G2_P1P2_ENSG00000133275,CSNK1G2,0.61895347,-0.4899071,-0.23191224,0.17415895
1903_CSNK1G3_P1P2_ENSG00000151292,CSNK1G3,0.24503955,-0.5789453,-0.08966283,-0.17318214
1904_CSNK2A1_P1P2_ENSG00000101266,CSNK2A1,-0.15806116,-0.2490868,-0.7418337,0.43192455
1905_CSNK2A2_P1P2_ENSG00000070770,CSNK2A2,0.58133405,0.96064633,-1.3368468,1.3044125
1906_CSNK2B_P1P2_ENSG00000204435,CSNK2B,0.3581898,0.18542284,-2.3141165,2.9043913
1907_CSPP1_P1P2_ENSG00000104218,CSPP1,0.18437877,0.41152388,0.20699441,0.41383028
1908_CSRNP1_P1P2_ENSG00000144655,CSRNP1,-0.33821583,0.61912173,-0.489318,0.3477291
1909_CSRNP2_P1P2_ENSG00000110925,CSRNP2,0.00869958,-0.10495697,-0.12070505,-0.096332416
190_AGO2_P1P2_ENSG00000123908,AGO2,-0.05575663,-0.81443,-1.2881746,-0.0720236
1910_CSRNP3_P1_ENSG00000178662,CSRNP3,2.1759171,-1.65877,-0.3124025,1.1662365
1911_CSRNP3_P2_ENSG00000178662,CSRNP3,0.45570555,-0.015955895,-0.07947543,-0.33855912
1912_CSRP1_P1P2_ENSG00000159176,CSRP1,0.08009155,-0.07126608,0.29273674,-0.2978054
1913_CST3_P1P2_ENSG00000101439,CST3,0.5013651,0.04261401,-0.41652957,0.22695167
1914_CSTB_P1P2_ENSG00000160213,CSTB,0.17228858,-0.04405456,-0.40222597,0.059464857
1915_CSTF1_P1P2_ENSG00000101138,CSTF1,-0.449569,1.3916767,2.1176121,-0.1849446
1916_CSTF2T_P1P2_ENSG00000177613,CSTF2T,0.11928819,-0.1839312,0.58995557,-0.2116373
1917_CSTF2_P1P2_ENSG00000101811,CSTF2,-0.5871225,-0.952522,0.104720056,-0.24349838
1918_CSTF3_P1P2_ENSG00000176102,CSTF3,-1.0857978,2.2322109,0.14100823,0.5161188
1919_CS_P1P2_ENSG00000062485,CS,-0.32312483,-0.42863327,0.81663984,-0.37421817
191_AGO3_P1P2_ENSG00000126070,AGO3,-0.3624856,-0.08711461,0.05494696,0.48836395
1920_CT45A5_P1P2_ENSG00000228836,CT45A5,0.6968431,0.6524997,0.016105428,-0.16780405
1921_CTAG2_ENST00000369585.3_ENSG00000126890,CTAG2,0.11142642,-0.072193556,0.18141018,-0.38582832
1922_MIA2_P1P2_ENSG00000150527,MIA2,-0.39228687,-0.43967217,0.21836694,-0.51023984
1923_CTBP1_P1P2_ENSG00000159692,CTBP1,0.53650564,-0.75334466,1.527634,0.027275262
1924_CTBP2_P1P2_ENSG00000175029,CTBP2,0.20271027,-0.038835973,-0.3418029,-0.1359136
1925_CTBS_P1P2_ENSG00000117151,CTBS,-0.25277552,0.27018797,-0.6517483,0.49221858
1926_CTCFL_P1P2_ENSG00000124092,CTCFL,0.15663971,-0.26821908,-0.08093133,0.035883795
1927_CTCF_P1P2_ENSG00000102974,CTCF,-0.33240408,-0.69250196,0.9470139,-0.046423294
1928_CTDNEP1_P1P2_ENSG00000175826,CTDNEP1,-0.47525606,-0.4149404,-0.22818135,-0.69534767
1929_CTDP1_P1P2_ENSG00000060069,CTDP1,-0.14814073,-0.50589204,-0.56174207,0.58234406
192_AGPAT1_P1_ENSG00000204310,AGPAT1,-0.010273261,1.160351,-0.68122756,0.64441264
1930_CTDSP1_P1P2_ENSG00000144579,CTDSP1,-0.5034762,-0.5986471,-0.2654608,-0.6940223
1931_CTDSP2_P1P2_ENSG00000175215,CTDSP2,-0.43000314,0.20023848,0.038547296,0.5618723
1932_CTDSPL2_P1P2_ENSG00000137770,CTDSPL2,-0.54154545,0.45460698,-0.03720918,-0.1452612
1933_CTDSPL_P1P2_ENSG00000144677,CTDSPL,0.016890269,0.20188774,-0.4542429,0.04472117
1934_CTH_P1P2_ENSG00000116761,CTH,0.12979539,1.283256,-0.6972295,-0.40999216
1935_CTNNA1_P1P2_ENSG00000044115,CTNNA1,-1.0442963,-1.0385753,-0.25229454,-0.72954583
1936_CTNNAL1_P1P2_ENSG00000119326,CTNNAL1,-0.03221996,-0.28113467,0.64783067,0.22763392
1937_CTNNB1_P1P2_ENSG00000168036,CTNNB1,6.4797664,2.3918784,-0.98104525,2.8430414
1938_CTNNBIP1_P1P2_ENSG00000178585,CTNNBIP1,0.11867305,0.37183824,-0.6616771,-0.109506406
1939_CTNNBL1_P1P2_ENSG00000132792,CTNNBL1,-0.2606992,0.53850675,2.7085905,-0.17322676
193_AGPAT1_P2_ENSG00000204310,AGPAT1,0.05388061,-0.72604257,-0.23704368,-0.28840622
1940_CTNND1_P1P2_ENSG00000198561,CTNND1,0.21170235,0.9723084,-0.6031162,-0.80134964
1942_CTPS2_P1P2_ENSG00000047230,CTPS2,-0.26564968,-0.2644467,-1.1300269,-0.17362745
1943_CTR9_P1P2_ENSG00000198730,CTR9,-1.8755645,-2.2674994,-0.5674136,-1.0850028
1944_CTSA_P1P2_ENSG00000064601,CTSA,-0.47212368,-0.40239966,-0.028141377,-0.71611255
1945_CTSB_P1P2_ENSG00000164733,CTSB,0.3799158,-0.18691061,-0.728281,0.55458605
1946_CTSC_P1P2_ENSG00000109861,CTSC,-0.2364536,-0.26567054,-0.40355492,-0.25540358
1947_CTSD_P1P2_ENSG00000117984,CTSD,0.21554597,-0.15497154,-0.59136075,-0.34113815
1948_CTSF_P1P2_ENSG00000174080,CTSF,-0.99907506,-0.19980793,0.37923723,-0.55817825
1949_CTSH_P1P2_ENSG00000103811,CTSH,0.0031119399,1.3854603,0.43444917,0.120327294
194_AGPAT2_P1P2_ENSG00000169692,AGPAT2,0.051868923,0.10773253,-0.2771465,-0.7389068
1950_CTSL_P1_ENSG00000135047,CTSL,-0.13229434,-0.5213712,-0.3324979,-0.95698154
1951_CTSL_P2_ENSG00000135047,CTSL,-0.3617287,0.49935007,-1.2006538,-0.3581895
1952_CTSS_P1P2_ENSG00000163131,CTSS,-0.8372922,0.3198618,0.16213359,-1.3527272
1953_CTSV_P1P2_ENSG00000136943,CTSV,-0.27412587,-0.075745635,-0.27495068,-0.8137625
1954_CTSZ_P1P2_ENSG00000101160,CTSZ,-0.3799613,-0.4413341,-0.7155085,0.0106695015
1955_CTTN_P1P2_ENSG00000085733,CTTN,0.12461019,-0.108713165,-0.7326112,0.5162987
1956_CTU1_P1P2_ENSG00000142544,CTU1,1.1235996,1.5570596,-1.584728,1.5386037
1957_CTU2_P1P2_ENSG00000174177,CTU2,0.36154756,1.5721115,-1.5166951,0.6446988
1958_CTXN1_P1P2_ENSG00000178531,CTXN1,0.49617842,-0.5249075,-0.13654906,-0.69460243
1959_CUEDC2_P1P2_ENSG00000107874,CUEDC2,0.10586517,-0.59716195,-0.59189206,0.38613877
195_AGPAT3_P1P2_ENSG00000160216,AGPAT3,-0.15912384,-0.42757466,-0.32166952,-0.42964077
1960_CUL1_P1P2_ENSG00000055130,CUL1,-0.6843869,0.6748485,0.252602,0.10666078
1961_CUL2_P1P2_ENSG00000108094,CUL2,-0.8638502,-0.17208886,2.6485443,-1.5495156
1962_CUL3_P1P2_ENSG00000036257,CUL3,0.37054044,0.069556095,0.48892257,1.239125
1963_CUL4A_P1P2_ENSG00000139842,CUL4A,0.0423472,-0.47049138,0.06392766,0.43091273
1964_CUL4B_P1P2_ENSG00000158290,CUL4B,0.036835454,0.2238849,-0.8157717,0.6711659
1965_CUL5_P1P2_ENSG00000166266,CUL5,-0.5374185,0.19241357,0.15678154,-0.4175629
1966_CUL7_P1P2_ENSG00000044090,CUL7,0.39294246,0.2773258,-0.8552131,-0.38512808
1967_CUTA_P1P2_ENSG00000112514,CUTA,-0.48046112,0.13068822,-0.61511964,-0.6257509
1968_CUTC_P1P2_ENSG00000119929,CUTC,-0.8291389,0.378358,0.5223908,-0.3320691
1969_CUX1_P1P2_ENSG00000257923,CUX1,-0.16876106,0.49300942,0.09565804,0.21474563
196_AGPAT4_P1P2_ENSG00000026652,AGPAT4,0.8272926,-0.56905955,0.7157979,0.32226276
1970_CUX2_P1P2_ENSG00000111249,CUX2,0.34020054,-0.27278417,0.07998335,-0.04152062
1971_CWC15_P1P2_ENSG00000150316,CWC15,-1.3541598,-1.4778383,-1.5787724,-1.0748224
1972_CWC22_P1P2_ENSG00000163510,CWC22,0.100912504,1.4864157,1.2631736,-1.7534751
1973_CWC25_P1P2_ENSG00000273559,CWC25,-0.31081846,-0.3699638,0.3499153,0.18318953
1974_CWC27_P1P2_ENSG00000153015,CWC27,-0.0661921,0.26825997,-0.2172509,-0.025006324
1975_CWF19L1_P1P2_ENSG00000095485,CWF19L1,-0.103007406,-0.359078,0.10732859,-0.6456018
1976_CWF19L2_P1P2_ENSG00000152404,CWF19L2,0.42885533,0.5828794,-0.91019267,0.65630674
1977_CXCL2_P1P2_ENSG00000081041,CXCL2,0.26783285,0.4007587,-0.3169375,-0.30506465
1978_CXCL3_P1P2_ENSG00000163734,CXCL3,-0.20636244,0.57703876,0.077403344,-0.27943563
1979_CXXC1_P1P2_ENSG00000154832,CXXC1,0.11482709,4.980507,0.8323637,0.9844518
197_AGPAT5_P1P2_ENSG00000155189,AGPAT5,0.4316297,0.7869008,-0.21455579,-0.3976164
1980_CXXC4_P1P2_ENSG00000168772,CXXC4,0.1999766,0.35429662,-0.3411549,-0.085512124
1981_CXXC5_P1P2_ENSG00000171604,CXXC5,-0.21084417,0.09153129,-0.19883941,0.019683376
1982_CXorf38_P1P2_ENSG00000185753,CXorf38,-0.25222751,0.14451532,-0.58755225,-0.3541239
1983_CXorf40A_P1P2_ENSG00000197620,CXorf40A,-0.945537,-0.32961524,-0.32961872,0.50230736
1984_CXorf40B_P1P2_ENSG00000197021,CXorf40B,-0.19586347,-0.35887995,0.06305171,-0.19771735
1985_CXorf56_P1P2_ENSG00000018610,CXorf56,0.14073598,0.12496033,0.107771486,-0.09550602
1986_CYB561A3_P1P2_ENSG00000162144,CYB561A3,-0.34606498,-0.6007263,0.07743326,-0.5811897
1987_CYB561D2_P1P2_ENSG00000114395,CYB561D2,0.35924268,0.52941126,-0.3913074,0.18708363
1988_CYB561_P1P2_ENSG00000008283,CYB561,-0.1933175,-0.6068856,-0.10940441,-0.29299718
1989_CYB5A_P1P2_ENSG00000166347,CYB5A,-0.5494591,-0.124388814,0.20636515,0.10312996
198_AGPS_P1P2_ENSG00000018510,AGPS,0.030664375,-0.102355614,-0.23686962,0.28386503
1990_CYB5B_P1P2_ENSG00000103018,CYB5B,-0.094865635,0.4134378,-0.32346493,2.0950093
1991_CYB5D2_P1P2_ENSG00000167740,CYB5D2,0.37197283,-0.06322213,0.29503214,0.22854358
1992_CYB5R1_P1P2_ENSG00000159348,CYB5R1,-0.4187554,-0.750414,0.37253255,-0.5297124
1993_CYB5R2_P1P2_ENSG00000166394,CYB5R2,0.22423121,0.14063165,-0.80886614,0.33365145
1994_CYB5R3_P1P2_ENSG00000100243,CYB5R3,-0.7440584,-0.18802482,-0.73642296,-0.06027629
1995_CYB5R4_P1P2_ENSG00000065615,CYB5R4,-0.1297509,-0.8025183,0.060620807,-0.044838253
1996_CYB5RL_P1P2_ENSG00000215883,CYB5RL,0.06607954,-0.38038966,-1.0539641,-0.37975827
1997_CYBA_P1P2_ENSG00000051523,CYBA,0.24790655,0.06411474,0.19473764,0.015615308
1998_CYBRD1_P1P2_ENSG00000071967,CYBRD1,0.06607468,0.5449588,-0.6401635,-0.17308922
1999_CYC1_P1P2_ENSG00000179091,CYC1,-0.1591414,-0.4831309,0.009886946,-0.3276243
199_AGRN_P1P2_ENSG00000188157,AGRN,-0.32039246,0.012041779,-0.37854597,1.0639075
19_ABCA8_P1P2_ENSG00000141338,ABCA8,-0.22038545,-0.8951791,-0.30495507,-1.0964527
1_A1BG_P2_ENSG00000121410,A1BG,-0.2510839,-0.20532411,-0.07483602,-0.49071398
2000_CYCS_P1P2_ENSG00000172115,CYCS,0.031158883,-1.1219068,0.40764397,-0.83901435
2001_CYFIP1_P1P2_ENSG00000273749,CYFIP1,-0.6699502,0.018368613,0.09508246,-0.032434296
2002_CYHR1_P1_ENSG00000187954,CYHR1,-0.24218722,-0.49379545,-0.11425464,-0.112088025
2003_CYHR1_P2_ENSG00000187954,CYHR1,-0.49257842,-0.58483016,-0.16653425,-0.6453099
2004_CYP20A1_P1P2_ENSG00000119004,CYP20A1,-0.04236272,-0.37922674,0.116227224,0.13758571
2005_CYP2A13_P1P2_ENSG00000197838,CYP2A13,0.37037912,0.1730319,-0.27059355,0.31952217
2006_CYP2R1_P1P2_ENSG00000186104,CYP2R1,0.3142823,-0.60975295,-0.61422473,-0.2869481
2007_CYP3A5_P1P2_ENSG00000106258,CYP3A5,-0.15661074,-0.6661966,-0.19097874,-0.013445672
2008_CYP4F11_P1P2_ENSG00000171903,CYP4F11,0.0912295,-0.102825165,0.0631948,0.49861434
2009_CYP51A1_P1P2_ENSG00000001630,CYP51A1,-0.24852698,-0.18715651,-0.11348662,0.064432606
200_AGTRAP_P1P2_ENSG00000177674,AGTRAP,-0.17859945,-0.29446745,0.52499527,-0.833857
2010_CYS1_P1P2_ENSG00000205795,CYS1,0.35153288,-0.5453353,0.40848622,0.1348547
2011_CYSTM1_P1P2_ENSG00000120306,CYSTM1,0.34308058,-0.38716897,-0.36533323,0.26295146
2012_CYTH1_P1P2_ENSG00000108669,CYTH1,-0.1972322,-0.423322,0.027899062,-0.6025118
2013_CYTH2_P1P2_ENSG00000105443,CYTH2,-0.0064367168,0.044494964,-0.18468532,0.38219488
2014_CYTH3_P1P2_ENSG00000008256,CYTH3,-0.11568924,0.110186145,0.083849214,-0.038949
2015_D2HGDH_P1P2_ENSG00000180902,D2HGDH,0.17000955,-0.01014634,-0.34026402,-0.22664046
2016_DAAM1_P1P2_ENSG00000100592,DAAM1,-0.5101968,-0.17334524,-0.61167413,0.53863394
2017_DAB2_P1P2_ENSG00000153071,DAB2,0.2713541,0.41897815,0.17103793,-0.1794213
2018_DACH1_P1P2_ENSG00000276644,DACH1,-0.67536306,0.17027202,-0.34048948,0.38172758
"2019_DACH2_ENST00000373125.4,ENST00000373131.1_ENSG00000126733",DACH2,0.33272988,0.6315742,-0.21078524,1.1364288
201_AHCTF1_P1P2_ENSG00000153207,AHCTF1,-0.36586502,-0.12284497,0.11131359,-0.010943865
2020_DAD1_P1P2_ENSG00000129562,DAD1,0.72211146,12.031304,0.5676474,-0.1833801
2021_DAG1_P1P2_ENSG00000173402,DAG1,0.41312397,-0.18246804,-0.19002782,0.0032124408
2022_DAGLB_ENST00000297056.6_ENSG00000164535,DAGLB,-0.011841069,-0.66923183,0.014375348,-1.7516316
2023_DALRD3_P1_ENSG00000178149,DALRD3,0.010387696,-0.82991153,-0.37954617,-0.35345384
2024_DALRD3_P2_ENSG00000178149,DALRD3,0.08019776,0.20412847,0.077830136,0.21529797
2025_DAP3_P1P2_ENSG00000132676,DAP3,1.6935035,-0.50224245,-0.22450474,0.29021883
2026_DAPK1_P1P2_ENSG00000196730,DAPK1,-0.54177195,-0.19276465,0.49617684,-0.72243875
2027_DAPK3_P1P2_ENSG00000167657,DAPK3,-0.39938205,-0.2488347,-0.2535882,0.31952652
2028_DAP_P1P2_ENSG00000112977,DAP,0.30505946,0.00088165764,-0.3901107,0.07223671
2029_DARS2_P1P2_ENSG00000117593,DARS2,0.5519867,-0.19453262,-0.5292869,0.6323394
202_AHCYL1_P1_ENSG00000168710,AHCYL1,0.118365996,-0.29103404,0.045744795,-0.30331802
2030_DARS_P1P2_ENSG00000115866,DARS,3.5574563,1.0092143,-2.0066543,1.1812674
2031_DAXX_P1_ENSG00000204209,DAXX,0.13495214,-0.30732793,2.401399,1.3106115
2032_DAXX_P2_ENSG00000204209,DAXX,0.52080745,0.6191427,-0.4215117,0.14337924
2033_DAZAP1_P1P2_ENSG00000071626,DAZAP1,0.17211415,1.2602906,-0.6871686,-0.33611462
2034_DAZAP2_P1P2_ENSG00000183283,DAZAP2,-0.18529639,-0.605638,0.44817936,-0.5493981
2035_DBF4B_P1P2_ENSG00000161692,DBF4B,-0.23531058,-0.5752074,-0.32883787,-0.20082699
2036_DBF4_P1P2_ENSG00000006634,DBF4,-0.6910572,0.22429226,1.1805601,-0.9677431
2037_DBI_P1_ENSG00000155368,DBI,-0.1436106,-0.027383296,0.44188517,-0.35596064
2038_DBI_P2_ENSG00000155368,DBI,-0.719283,-0.46849307,-0.1967789,-0.78844476
2039_DBN1_P1P2_ENSG00000113758,DBN1,0.6047969,-0.54153043,0.18594246,0.3012394
203_AHCYL1_P2_ENSG00000168710,AHCYL1,0.18106362,0.34490925,0.104256146,0.17390689
2040_DBNDD2_P2_ENSG00000244274,DBNDD2,0.39401454,0.29107013,-0.15732342,-0.055968262
2041_DBNDD2_P1_ENSG00000244274,DBNDD2,-0.46742335,-0.6932412,0.4876915,-1.0384922
2042_DBNL_P1P2_ENSG00000136279,DBNL,-0.30139676,0.17223565,-0.1815746,-0.5658063
2043_DBP_P1P2_ENSG00000105516,DBP,-0.134238,-0.91353744,0.12311595,0.49721524
2044_DBR1_P1P2_ENSG00000138231,DBR1,3.8632512,-1.3544447,-1.896052,-0.8469506
2045_DBT_P1P2_ENSG00000137992,DBT,0.5033622,-0.20015836,-0.097749464,-0.85981464
2046_DBX1_P1P2_ENSG00000109851,DBX1,-0.08395974,0.25416115,-0.37776864,-0.21047845
2047_DBX2_P1P2_ENSG00000185610,DBX2,0.024636919,-0.44582847,-0.7796315,-0.06738343
2048_DCAF10_P1P2_ENSG00000122741,DCAF10,1.2174389,0.35141465,0.20812023,1.1297278
2049_DCAF11_P1P2_ENSG00000100897,DCAF11,0.1597343,0.023696456,-0.6750266,-1.1672851
204_AHCY_P1P2_ENSG00000101444,AHCY,-0.23847675,0.010536739,7.448392,-1.3601193
2050_DCAF12_P1P2_ENSG00000198876,DCAF12,-0.3051115,0.33974192,-0.4295623,0.7923681
2051_DCAF13_P1P2_ENSG00000164934,DCAF13,-0.64115787,0.03709941,0.66889673,0.5384868
2052_DCAF15_P1P2_ENSG00000132017,DCAF15,-0.22970815,-0.5278289,-0.30745795,-0.039018784
2053_DCAF16_P1P2_ENSG00000163257,DCAF16,1.157115,0.10094899,0.16786757,0.7610793
2054_DCAF17_P1P2_ENSG00000115827,DCAF17,-0.5293523,-0.3588707,-0.24635065,-0.37671882
2055_DCAF4L2_P1P2_ENSG00000176566,DCAF4L2,-0.28182065,-0.46456045,0.316774,-0.27941787
2056_DCAF4_P1P2_ENSG00000119599,DCAF4,-0.21266729,0.4040899,-0.34165394,-0.28805962
2057_DCAF5_P1P2_ENSG00000139990,DCAF5,-0.1683818,-0.16833323,0.6305409,-0.27163267
2058_DCAF6_P1P2_ENSG00000143164,DCAF6,-0.044946015,0.12745604,0.71635294,-0.33617783
2059_DCAF7_P1P2_ENSG00000136485,DCAF7,-0.89389,-0.37323588,1.6567286,-0.64337426
205_AHDC1_P1P2_ENSG00000126705,AHDC1,-0.12577605,-0.42027777,-0.2903437,-0.4773127
2060_DCAF8_P2_ENSG00000132716,DCAF8,-0.30750364,-0.32079175,-0.25398943,-0.08806095
2062_DCAKD_P1_ENSG00000172992,DCAKD,0.027847845,-0.3679195,-0.43180907,-0.38142115
2063_DCAKD_P2_ENSG00000172992,DCAKD,-0.09798646,0.2526473,-0.46541378,-0.39176366
2064_DCBLD2_P1P2_ENSG00000057019,DCBLD2,-0.2859896,-0.43535694,-0.5776507,-0.52285457
2065_DCK_P1P2_ENSG00000156136,DCK,0.6442996,-0.3286318,0.65552527,0.38434896
2066_DCLRE1A_P1P2_ENSG00000198924,DCLRE1A,0.072659925,-0.7361031,0.11714845,-0.056443647
2067_DCLRE1B_P1P2_ENSG00000118655,DCLRE1B,0.082332104,-0.09510469,-0.55444324,-0.09847556
2068_DCLRE1C_P1P2_ENSG00000152457,DCLRE1C,-0.47174132,-0.04592802,0.06619171,0.009265005
2069_DCP1A_P1P2_ENSG00000272886,DCP1A,0.40760836,-0.5903012,-0.41638127,0.020172974
206_AHI1_P1P2_ENSG00000135541,AHI1,-0.6200343,-0.16123135,-0.13585952,-0.025784988
2070_DCP2_P1P2_ENSG00000172795,DCP2,1.0353167,0.93840134,-0.034250785,1.190137
2071_DCPS_P1P2_ENSG00000110063,DCPS,-0.85504264,-1.3075109,1.6783898,-1.0480021
2072_DCTD_P1P2_ENSG00000129187,DCTD,0.37795174,-0.092974946,-0.48986572,0.12932265
2073_DCTN1_P1P2_ENSG00000204843,DCTN1,-0.25280908,-0.22361517,0.3864571,-0.33067054
2074_DCTN2_P1P2_ENSG00000175203,DCTN2,-0.446754,0.518393,0.8184476,0.35333508
2075_DCTN3_P1P2_ENSG00000137100,DCTN3,-0.6656558,0.637799,1.0814079,-0.7400555
2076_DCTN4_P1P2_ENSG00000132912,DCTN4,-1.3139927,0.39308065,0.3094109,0.5829078
2077_DCTN5_P1P2_ENSG00000166847,DCTN5,-0.5186717,0.1438689,0.631911,-0.15568334
2078_DCTN6_P1P2_ENSG00000104671,DCTN6,-0.166722,0.046445478,0.08566196,-0.5053361
2079_DCTPP1_P1P2_ENSG00000179958,DCTPP1,0.06475,-0.56516033,0.4120721,-0.06760148
207_AHNAK_P2_ENSG00000124942,AHNAK,0.10872396,-0.13111065,-0.6962995,0.6991499
2080_DCUN1D1_P1P2_ENSG00000043093,DCUN1D1,-0.37301582,0.7435,-0.099300236,0.25384703
2081_DCUN1D2_P1P2_ENSG00000150401,DCUN1D2,0.12498254,-0.15243566,0.18758401,1.1397529
2082_DCUN1D4_P1P2_ENSG00000109184,DCUN1D4,0.18964924,0.103669696,-0.976005,-0.016237091
2083_DCUN1D5_P1P2_ENSG00000137692,DCUN1D5,1.130343,0.0022445149,-0.376251,0.16069515
2084_DCXR_P1P2_ENSG00000169738,DCXR,-0.7260003,0.023011016,1.1330366,-0.21165687
2085_DDA1_P1P2_ENSG00000130311,DDA1,-0.1906153,0.40530765,-0.24942914,0.8675377
2086_DDAH2_P1P2_ENSG00000213722,DDAH2,0.17227486,0.0013305694,-0.40224355,-0.58002484
2087_DDB1_P1_ENSG00000167986,DDB1,-0.226359,-0.5338224,-0.20535582,3.6279292
2088_DDB1_P2_ENSG00000167986,DDB1,0.26680002,-0.2778056,-0.15540224,-0.6376277
2089_DDB2_P1P2_ENSG00000134574,DDB2,0.6256027,0.6737739,0.06837459,0.08813537
208_AHNAK_P1_ENSG00000124942,AHNAK,0.027340282,0.05074078,-0.17120181,-0.24490432
2090_DDHD1_P1P2_ENSG00000100523,DDHD1,1.6498173,-0.6129823,0.0712932,0.08794194
2091_DDHD2_P1P2_ENSG00000085788,DDHD2,-0.52308834,-0.5422942,-0.4203755,-0.3255206
2092_DDI2_P1P2_ENSG00000197312,DDI2,-0.19619857,-0.3337145,0.6376235,0.6701323
2093_DDIT3_P1P2_ENSG00000175197,DDIT3,-0.5788455,-0.5882646,0.12293484,-0.53716284
2094_DDIT4_P1P2_ENSG00000168209,DDIT4,0.59555763,0.21342774,-0.12326956,-0.36953634
2095_DDN_P1P2_ENSG00000181418,DDN,-0.15283905,-0.021817548,-0.62213737,0.049526695
2096_DDOST_P1P2_ENSG00000244038,DDOST,0.34699973,11.568559,0.34048492,-0.056539964
2097_DDR1_P2_ENSG00000204580,DDR1,-0.24850044,0.27900028,-0.4533014,-0.017037064
2098_DDR1_P1_ENSG00000204580,DDR1,-0.41757184,-0.48903176,0.7325193,-0.20804557
2099_DDRGK1_P1P2_ENSG00000198171,DDRGK1,-0.6414016,3.0549204,-0.6814516,-0.18470971
209_AHRR_P1P2_ENSG00000063438,AHRR,-0.32268587,0.003465071,-0.4368285,0.023704922
20_ABCB10_P1P2_ENSG00000135776,ABCB10,-0.8628993,-1.6168429,2.8051744,0.47543994
2100_DDT_ENST00000398344.4_ENSG00000099977,DDT,0.09481306,0.43649143,-1.1831335,0.98873174
2101_DDT_ENST00000350608.3_ENSG00000099977,DDT,-0.010597455,-0.26009014,0.32608676,-0.37033692
2102_DDX10_P1P2_ENSG00000178105,DDX10,0.41390434,-0.031190297,0.9092664,0.5073324
2103_DDX11_P1P2_ENSG00000013573,DDX11,-0.68860126,-0.6005379,0.41078117,-0.13484651
2104_DDX17_P1P2_ENSG00000100201,DDX17,-0.08943061,1.0262507,0.32879385,1.361582
2105_DDX18_P1P2_ENSG00000088205,DDX18,-0.049883354,-0.3755566,0.76519823,1.4538207
2106_DDX19A_P1P2_ENSG00000168872,DDX19A,-0.23321347,-0.7846769,-0.33280057,-0.45898214
2107_DDX19B_P1_ENSG00000157349,DDX19B,-0.50600666,-0.18746583,-0.0225905,-0.32579097
2108_DDX19B_P2_ENSG00000157349,DDX19B,-0.28881174,-0.28957525,-0.30946153,-0.49430007
2109_DDX1_P1P2_ENSG00000079785,DDX1,-0.14263399,-0.61099035,-0.2586612,-0.35549647
210_AHR_P1P2_ENSG00000106546,AHR,0.29182014,-0.81503284,-0.2083137,-0.1736671
2110_DDX20_P1P2_ENSG00000064703,DDX20,0.18452856,0.29060453,-0.40907592,0.35159385
2111_DDX21_P1P2_ENSG00000165732,DDX21,-0.38852444,0.03184159,0.7295542,-0.26707903
2112_DDX23_P1P2_ENSG00000174243,DDX23,-0.3949448,-0.12443283,-0.9450551,0.5073433
2113_DDX24_P1P2_ENSG00000089737,DDX24,-0.32929942,-0.25582165,1.7005961,0.7917971
2114_DDX27_P1P2_ENSG00000124228,DDX27,0.04956458,-0.88742715,1.4789795,0.63634074
2115_DDX28_P1P2_ENSG00000182810,DDX28,-0.22708824,0.17365466,-0.72157127,-0.5029139
2116_DDX31_P1P2_ENSG00000125485,DDX31,0.14246592,-0.6939889,0.09647775,-0.19146359
2117_DDX39A_P1P2_ENSG00000123136,DDX39A,-1.0212159,2.3969603,0.5996142,-0.24956083
2118_DDX39B_P1P2_ENSG00000198563,DDX39B,-0.66651714,-0.27275905,3.8571997,-0.5946105
2119_DDX3X_P1P2_ENSG00000215301,DDX3X,0.11486141,0.31795734,-0.8471091,0.012218991
211_AHSA1_P1P2_ENSG00000100591,AHSA1,0.14847533,-0.17007703,-0.6694614,-0.022736292
2120_DDX41_P1P2_ENSG00000183258,DDX41,-0.4629852,0.9761409,-2.479496,-0.34265605
2121_DDX42_P1P2_ENSG00000198231,DDX42,-0.14900294,-0.51695925,0.110030286,-1.0750598
2122_DDX46_P1_ENSG00000145833,DDX46,2.5131786,1.320623,-2.2161984,1.6860489
2123_DDX46_P2_ENSG00000145833,DDX46,-0.44664633,-0.39506954,-0.00022639803,-0.053932104
2124_DDX47_P1P2_ENSG00000213782,DDX47,0.8968632,1.0071977,0.6940526,1.2913105
2125_DDX49_P1P2_ENSG00000105671,DDX49,0.03579134,-0.1733963,-0.19198203,-1.0494854
2126_DDX50_P1P2_ENSG00000107625,DDX50,-0.189469,0.023412732,-0.10330314,-0.26411137
2127_DDX51_P1P2_ENSG00000185163,DDX51,-0.1408457,-0.40364397,0.97126967,0.112875916
2128_DDX52_P1P2_ENSG00000278053,DDX52,0.30831808,0.0063826684,1.536226,0.6297144
2129_DDX54_P1_ENSG00000123064,DDX54,-0.56254846,-1.259712,1.9079827,-0.12670751
212_AHSA2_P1P2_nan,AHSA2,-0.0003902522,-0.10309664,-0.25061896,-0.35715336
2130_DDX54_P2_ENSG00000123064,DDX54,-0.8752878,0.8020806,-0.862645,0.76877195
2131_DDX55_P1P2_ENSG00000111364,DDX55,-0.32628438,-1.0830293,0.6012752,-0.33413273
2132_DDX56_P1P2_ENSG00000136271,DDX56,0.5135303,0.6102962,2.4864001,0.97276455
2133_DDX59_P1P2_ENSG00000118197,DDX59,-0.20182851,-0.36038086,1.2134188,-0.00086929597
2134_DDX5_P1P2_ENSG00000108654,DDX5,-0.34113795,0.6246725,-1.2470542,0.24267538
2135_DDX6_P1P2_ENSG00000110367,DDX6,0.33531612,3.2069144,1.4596759,2.5461154
2136_DEAF1_P1P2_ENSG00000177030,DEAF1,-0.1922258,-0.2167952,-0.9043037,0.07054231
2137_DECR1_P1P2_ENSG00000104325,DECR1,-0.55885136,-0.033531763,-0.33423057,0.08774025
2138_DECR2_P1P2_ENSG00000242612,DECR2,0.95629114,1.291929,-1.0159103,0.0778352
2139_DEDD2_P1_ENSG00000160570,DEDD2,-0.7456697,-0.2192417,-0.26202363,-0.24086043
213_AHSP_P1P2_ENSG00000169877,AHSP,0.23143116,-0.321093,-0.46047494,-0.46325508
2140_DEDD2_P2_ENSG00000160570,DEDD2,-0.060785413,-0.253646,-0.4308785,-1.3659146
2141_DEDD_P1P2_ENSG00000158796,DEDD,-0.064781345,-0.41510814,-0.3193358,-0.48942262
2142_DEF6_P1P2_ENSG00000023892,DEF6,-0.18720774,0.33024064,-0.23291463,-0.50233334
2143_DEF8_P1P2_ENSG00000140995,DEF8,-1.2117972,-0.43885115,0.014162287,-0.51244396
2144_DEGS1_P1P2_ENSG00000143753,DEGS1,-0.0010841009,1.2770418,-0.7849521,0.9785104
2145_DEK_P1P2_ENSG00000124795,DEK,-0.5541204,-0.0035129099,1.1127282,-0.5064983
2146_DENND1A_P1P2_ENSG00000119522,DENND1A,0.0033287802,0.21332328,0.4805429,-0.50637656
2147_DENND1B_P1P2_ENSG00000213047,DENND1B,-0.41488153,0.13920198,-0.5366827,0.40624171
2148_DENND2D_P1_ENSG00000162777,DENND2D,0.13236453,0.43826592,-0.26373282,0.39554173
2149_DENND2D_P2_ENSG00000162777,DENND2D,0.058336537,0.22137517,-0.2530644,0.4156985
214_AIDA_P1P2_ENSG00000186063,AIDA,-0.19672793,-0.060177136,-0.18001331,-0.030245991
2150_DENND4A_P1P2_ENSG00000174485,DENND4A,-0.04442631,-0.42892572,-0.5723324,0.17677082
2151_DENND4B_P2_ENSG00000198837,DENND4B,-0.12581964,-0.4006035,0.21257728,-0.38888085
2152_DENND4B_P1_ENSG00000198837,DENND4B,-0.7739789,-0.22603592,-0.447441,-0.041117173
2153_DENND4C_ENST00000602925.1_ENSG00000137145,DENND4C,-0.29098892,-0.25697333,0.105130516,-0.79271203
2154_DENND5A_P1P2_ENSG00000184014,DENND5A,0.15813012,0.6149009,0.48453647,-0.4763715
2155_DENR_P1P2_ENSG00000139726,DENR,-0.23408236,0.9912232,0.11836175,0.7411657
2156_DEPDC1B_P1P2_ENSG00000035499,DEPDC1B,0.04800784,-0.6339551,0.21371286,-0.10969413
2157_DEPDC1_P1P2_ENSG00000024526,DEPDC1,0.15759474,0.08124742,-0.56820774,-0.086878926
2158_DEPDC5_P1P2_ENSG00000100150,DEPDC5,1.4748029,0.8473345,0.6437591,0.4234882
2159_DEPDC7_P1P2_ENSG00000121690,DEPDC7,-0.3732079,-0.33344078,0.06933295,-0.6508899
215_AIF1_P1P2_ENSG00000204472,AIF1,0.15650454,-0.07652572,-0.60998297,-0.027927227
2160_DERA_P1P2_ENSG00000023697,DERA,0.3996855,0.623822,-1.2564707,-0.25060454
2161_DERL1_P1P2_ENSG00000136986,DERL1,-0.35624373,0.47671035,-0.40457433,0.38725966
2162_DERL2_P1P2_ENSG00000072849,DERL2,0.62720615,9.802993,0.53604966,1.28365
2163_DERL3_P1P2_ENSG00000099958,DERL3,-0.8154556,-0.18163322,-0.4041017,0.3046267
2164_DESI1_P1P2_ENSG00000100418,DESI1,-0.21465059,0.35754246,-0.8967241,1.3066041
2165_DESI2_P1P2_ENSG00000121644,DESI2,0.24891697,-0.262453,0.26616126,-0.62953967
2166_DES_P1_ENSG00000175084,DES,-0.113990776,-0.8236954,-0.4517544,-1.3188964
2167_DES_P2_ENSG00000175084,DES,-0.34074098,-0.4370653,0.19861984,-0.08308041
2168_DEXI_P1P2_ENSG00000182108,DEXI,-0.16269676,-0.5112061,-0.7231906,-0.5852523
2169_DFFA_P1P2_ENSG00000160049,DFFA,-0.69146067,-1.1236697,0.027586415,-0.011227274
216_AIFM1_P1P2_ENSG00000156709,AIFM1,0.012883551,-0.083358996,-0.026265403,0.51306134
2170_DFFB_P1P2_ENSG00000169598,DFFB,-0.55645305,-0.33566728,0.11291396,-0.012856225
2171_DGAT1_P1P2_ENSG00000185000,DGAT1,0.41754416,-0.6121809,0.791551,0.72132516
2172_ESS2_P1P2_ENSG00000100056,ESS2,-0.23707053,-0.4273332,-0.43732253,-0.64091957
2173_DGCR2_P1P2_ENSG00000070413,DGCR2,-0.8895382,-0.8411457,0.45951137,-0.67694354
2174_DGCR6L_P1P2_ENSG00000128185,DGCR6L,-0.21205729,-0.58159775,0.24958614,-0.3514559
2175_DGCR8_P1P2_ENSG00000128191,DGCR8,2.0545032,1.9077189,1.4007049,4.1768265
2176_DGKD_P1P2_ENSG00000077044,DGKD,-0.16137801,-0.52352804,-0.0964544,2.3212037
2177_DGKE_P1P2_ENSG00000153933,DGKE,-0.06155243,0.017830746,0.40832463,0.1170113
2178_DGKH_P2_ENSG00000102780,DGKH,-0.050974324,-0.39446694,-0.263303,-0.38448924
2179_DGKH_P1_ENSG00000102780,DGKH,-0.20024781,-0.6185154,-0.28484106,0.03267055
217_AIFM2_P1P2_ENSG00000042286,AIFM2,0.742577,-0.60280967,-0.38456798,-0.029722795
2180_DGKQ_P1_ENSG00000145214,DGKQ,-0.27204123,-0.24006896,-0.14812651,-0.42348927
2181_DGKQ_P2_ENSG00000145214,DGKQ,-0.37275434,-0.46387565,0.08323419,-0.5698651
2182_DGKZ_P1P2_ENSG00000149091,DGKZ,0.34612003,0.49260765,0.5035877,-0.5178651
2183_DGUOK_P1P2_ENSG00000114956,DGUOK,0.07868261,-0.5809646,0.14435178,-0.87565696
2184_DHCR24_P1P2_ENSG00000116133,DHCR24,-0.31398317,-0.46845472,-0.37930173,-0.6335129
2185_DHCR7_P1P2_ENSG00000172893,DHCR7,-0.20407332,-0.3318749,-0.30419308,0.09628802
2186_DHDDS_P1P2_ENSG00000117682,DHDDS,6.1469374,23.491661,-1.6672,1.2492589
2187_DHFR_P1P2_ENSG00000228716,DHFR,-0.4484665,-0.29131567,-0.034205228,-0.36418623
2188_DHODH_P2_ENSG00000102967,DHODH,0.31223598,-0.14769906,-0.669056,-0.08244655
2189_DHODH_P1_ENSG00000102967,DHODH,0.113194436,0.2119792,3.4156947,-0.586053
218_AIG1_P1P2_ENSG00000146416,AIG1,-0.8783778,-0.14318077,-0.4015436,-0.6122984
2190_DHPS_P1P2_ENSG00000095059,DHPS,-0.18905444,2.0038247,-1.2390409,0.14726599
2191_DHRS11_P1P2_ENSG00000278535,DHRS11,0.11659601,-0.31269363,-0.61492854,0.0053165443
2192_DHRS12_P1P2_ENSG00000102796,DHRS12,0.6004553,0.022294033,-0.12192126,-0.34531993
2193_DHRS13_P1P2_ENSG00000167536,DHRS13,-0.22358543,0.4043817,-0.46644226,-0.4896852
2194_DHRS1_P1P2_ENSG00000157379,DHRS1,0.1915522,-0.48555028,-0.046201605,-0.6642274
2195_DHRS2_P1P2_ENSG00000100867,DHRS2,-0.29195213,-0.6650754,-0.45463833,0.056716718
2196_DHRS3_P1P2_ENSG00000162496,DHRS3,-0.31656373,0.20630962,-0.6492591,0.28730127
2197_DHRS4L2_ENST00000382755.4_ENSG00000187630,DHRS4L2,-0.25587767,0.296693,-0.9068445,-0.6189537
2198_DHRS4_P1P2_ENSG00000157326,DHRS4,0.91081727,0.11843375,-0.11982949,0.16874017
2199_DHRS7B_P1P2_ENSG00000109016,DHRS7B,-1.0616862,-0.72674125,-0.117690384,-0.45752612
219_CRYBG1_P1P2_ENSG00000112297,CRYBG1,0.26426837,-0.18741384,-0.71945286,-0.2415918
21_ABCB6_P1P2_ENSG00000115657,ABCB6,-0.7368886,-0.5880024,-0.33273524,-0.64479184
2200_DHRS7_P1P2_ENSG00000100612,DHRS7,0.27220854,-0.42291984,0.113948405,0.53840834
2201_DHRSX_P1P2_ENSG00000169084,DHRSX,-0.08701925,0.20436718,0.2570777,1.2813802
2202_DHTKD1_P1P2_ENSG00000181192,DHTKD1,0.29710096,-0.19710808,-0.53160954,-0.02598954
2203_DHX15_P1P2_ENSG00000109606,DHX15,-0.17601013,4.9235554,-0.5440315,7.868244
2204_DHX16_P1P2_ENSG00000204560,DHX16,-0.6411408,-0.96408504,-0.93484086,-0.3092147
2205_DHX29_P1P2_ENSG00000067248,DHX29,-1.0285041,0.7041755,-1.4151431,3.7659924
2206_DHX30_P2_ENSG00000132153,DHX30,-0.4860977,0.06737829,0.29603374,-0.3341635
2207_DHX30_P1_ENSG00000132153,DHX30,1.8681569,-0.44866645,-1.239166,0.40430868
2208_DHX32_P1P2_ENSG00000089876,DHX32,-0.2436438,-0.19877401,-0.8770986,-0.15370734
2209_DHX33_P1P2_ENSG00000005100,DHX33,-0.36214647,-0.54453814,0.8069424,-1.0365919
220_AIMP1_P1P2_ENSG00000164022,AIMP1,0.14299223,0.06915689,-0.36089757,-0.39663267
2210_DHX34_P1P2_ENSG00000134815,DHX34,-0.1800737,-0.10615174,-0.24989045,-0.21152276
2211_DHX35_P1P2_ENSG00000101452,DHX35,-0.78311837,-0.23569137,0.23386386,0.02032348
2212_DHX36_P1P2_ENSG00000174953,DHX36,-0.0790783,-0.8168123,0.04557552,3.5758033
2213_DHX37_P1P2_ENSG00000150990,DHX37,0.59029377,-0.2581443,0.6193028,-0.296582
2214_DHX38_P1P2_ENSG00000140829,DHX38,0.49752533,-0.585666,-1.0863246,-0.31160918
2215_DHX40_P1P2_ENSG00000108406,DHX40,0.07020816,-0.0741793,0.5375928,-0.114508584
2216_DHX57_P1P2_ENSG00000163214,DHX57,0.043939568,-0.30317068,0.29256958,-0.07546264
2217_DHX8_P1P2_ENSG00000067596,DHX8,-0.4955174,-0.5315411,-0.5384588,-0.43465343
2218_DHX9_P1P2_ENSG00000135829,DHX9,-0.30468184,0.20883003,0.18905269,-0.5826347
2219_DIABLO_P1P2_ENSG00000184047,DIABLO,-0.8165227,0.19214924,-0.15342082,-0.051843163
221_AIMP2_P1P2_ENSG00000106305,AIMP2,-0.25833863,-0.15139797,-0.4531841,-0.24478994
2220_DIAPH1_P1P2_ENSG00000131504,DIAPH1,-0.42935658,-0.2988871,0.013402003,-0.7346696
2221_DIAPH3_P1P2_ENSG00000139734,DIAPH3,-0.35171548,-0.51287514,0.29225928,-0.039736886
2222_DICER1_P1P2_ENSG00000100697,DICER1,0.027116442,-0.12869969,-0.16936082,4.00979
2223_DIDO1_P1_ENSG00000101191,DIDO1,-0.70243365,-0.21619101,0.33876136,-0.547563
2224_DIDO1_P2_ENSG00000101191,DIDO1,-0.3389047,0.061236795,-0.07839305,-0.089154914
2225_UTP25_P1P2_ENSG00000117597,UTP25,0.54900396,-0.5426096,0.32920566,-0.5277584
2226_DIMT1_P1P2_ENSG00000086189,DIMT1,0.20848952,0.34683084,-0.0040219636,0.28677896
2227_DIP2A_P1P2_ENSG00000160305,DIP2A,0.014213197,0.18928543,0.0147562595,0.11874409
2228_DIP2B_P1P2_ENSG00000066084,DIP2B,-0.42935094,0.3935483,-0.9025293,0.11341867
2229_DIRAS1_P1P2_ENSG00000176490,DIRAS1,0.47798765,1.4655161,-0.7375889,-0.37536988
222_AIP_P1P2_ENSG00000110711,AIP,-0.06925558,0.49066523,-0.611966,-0.36252853
2230_DIRAS3_P1P2_ENSG00000162595,DIRAS3,-0.26281807,0.14022586,-0.07056345,-0.21207766
2231_DIS3L2_P1P2_ENSG00000144535,DIS3L2,0.14370203,1.0109318,-0.022358898,0.05996511
2232_DIS3L_P1P2_ENSG00000166938,DIS3L,0.51240313,0.17940918,-0.25387502,0.14846694
2233_DIS3_P1P2_ENSG00000083520,DIS3,0.6864713,-0.6775574,1.1709557,0.27740237
2234_DIXDC1_ENST00000440460.2_ENSG00000150764,DIXDC1,-0.4768891,-0.10681281,-0.03521552,-0.45138243
2235_DKC1_P1P2_ENSG00000130826,DKC1,-0.82882947,-0.096838795,1.6841414,-0.23863819
2237_DLC1_P1P2_ENSG00000164741,DLC1,0.46521538,-0.10257287,-0.3179447,0.5363398
2238_DLD_P1P2_ENSG00000091140,DLD,0.16985945,-0.15851009,1.0370024,3.7926388
2239_DLG1_P1P2_ENSG00000075711,DLG1,0.11519425,-0.42450836,0.55023843,-0.33161986
223_AIRE_P1P2_ENSG00000160224,AIRE,0.004314699,0.47215468,-0.31435183,-0.12312618
2240_DLG5_P1P2_ENSG00000151208,DLG5,-0.20688502,-0.50956714,0.065290526,-0.30395523
2241_DLGAP4_P1P2_ENSG00000080845,DLGAP4,0.48431838,-0.107646115,0.0061057336,-0.5359048
2242_DLGAP5_P1P2_ENSG00000126787,DLGAP5,-0.13513903,-1.011425,-0.09212949,-0.7239327
2243_DLL3_P1P2_ENSG00000090932,DLL3,-0.005352737,0.031484183,-0.39493385,-0.18291467
2244_DLST_P1P2_ENSG00000119689,DLST,2.982226,-0.8968843,-0.2380979,-0.03440917
2245_DLX1_P1P2_ENSG00000144355,DLX1,-0.16313593,-0.14169683,-0.6012679,-0.40271053
2246_DLX2_P1P2_ENSG00000115844,DLX2,0.3892967,0.42742357,-0.82878006,0.6125751
2247_DLX3_P1P2_ENSG00000064195,DLX3,-0.40623873,0.52422935,-0.4007048,-0.3785528
2248_DLX4_P1P2_ENSG00000108813,DLX4,0.021774385,-0.41497067,-0.29316482,0.004259151
2249_DLX5_P1P2_ENSG00000105880,DLX5,0.04038763,-0.20868967,-0.5989442,-0.13703832
224_AK1_P1P2_ENSG00000106992,AK1,-0.34016916,-0.04758964,-0.5505734,-0.20868264
2250_DLX6_P1P2_ENSG00000006377,DLX6,-0.2885212,-0.67854655,0.2004391,-0.43841326
2251_DMAP1_P1P2_ENSG00000178028,DMAP1,0.17031558,-1.9342192,15.247823,-2.0432165
2252_DMBX1_P1P2_ENSG00000197587,DMBX1,0.26769468,-0.7656242,-0.093372725,-0.4455201
2253_DMC1_P1P2_ENSG00000100206,DMC1,-0.12272778,0.9251625,-0.3846299,0.37198323
2254_DMD_ENST00000357033.4_ENSG00000198947,DMD,0.3982171,0.8064222,-0.3073508,-0.2058854
2255_DMPK_P1P2_ENSG00000104936,DMPK,-0.5036179,-0.16946608,-0.3502003,-0.32169995
2256_DMRT1_P1P2_ENSG00000137090,DMRT1,0.5204536,-0.67037594,-0.4016842,-0.06660623
2257_DMRT2_P1P2_ENSG00000173253,DMRT2,-0.82053506,-0.8889636,0.6451252,-0.6266203
2258_DMRT3_P1P2_ENSG00000064218,DMRT3,-0.25454548,0.5185029,0.37223184,-0.08050753
2259_DMRTA1_P1P2_ENSG00000176399,DMRTA1,0.22325039,-0.46788102,-0.47841665,-0.7653871
225_AK2_P1P2_ENSG00000004455,AK2,-0.057178985,-0.4279966,-0.0074489517,-0.119905695
2260_DMRTA2_P1P2_ENSG00000142700,DMRTA2,-0.14729957,-0.81269914,-0.2499263,-0.51477903
2261_DMRTB1_P1P2_ENSG00000143006,DMRTB1,-0.12951542,-0.18170637,-0.5897147,-0.22445348
2262_DMRTC2_P1P2_ENSG00000142025,DMRTC2,2.8472722,-0.2347567,-0.9248994,3.846121
2263_DMTF1_P1P2_ENSG00000135164,DMTF1,0.5224968,-0.83878464,-0.88361144,-0.43945724
2264_DMTN_P2_ENSG00000158856,DMTN,0.16090274,-0.023887224,-0.60846454,0.28662044
2265_DMTN_P1_ENSG00000158856,DMTN,-0.16723107,0.5939566,-0.5252484,0.39343342
2266_DMWD_P1P2_ENSG00000185800,DMWD,-0.14870182,0.09477991,-0.20380194,-0.5508326
2267_DMXL1_P1P2_ENSG00000172869,DMXL1,0.6812892,0.99725705,0.0029604568,0.85277677
2268_DMXL2_P1P2_ENSG00000104093,DMXL2,-0.2081875,-0.46970004,0.3498993,-0.9125752
226_AK3_P1P2_ENSG00000147853,AK3,-0.09853168,0.24147722,-0.026803935,-0.5774496
2270_DNAAF2_P1P2_ENSG00000165506,DNAAF2,-0.55154175,-0.22712909,0.20994723,-0.009657999
2271_DNAAF3_P2_ENSG00000167646,DNAAF3,-0.77403116,0.31503236,-0.9752303,1.2966074
2272_DNAAF3_P1_ENSG00000167646,DNAAF3,-0.10875563,-0.5595622,0.034299962,0.29671785
2273_DNAH14_P1P2_ENSG00000185842,DNAH14,-0.2572437,-0.25766698,-0.27511168,-0.2754665
2274_DNAJA1_P1_ENSG00000086061,DNAJA1,-0.2205095,0.032640073,-0.035192903,0.6097333
2275_DNAJA1_P2_ENSG00000086061,DNAJA1,-0.11442757,-0.2322292,-0.9972523,0.10189757
2276_DNAJA2_P1P2_ENSG00000069345,DNAJA2,-0.19876562,-0.5896892,2.368238,1.0834243
2277_DNAJA3_P1P2_ENSG00000103423,DNAJA3,7.6944537,3.2280226,-2.307067,2.616207
2278_DNAJB11_P1P2_ENSG00000090520,DNAJB11,0.21251781,0.21548404,-0.5042652,0.43011233
2279_DNAJB12_P1P2_ENSG00000148719,DNAJB12,0.09345364,-0.61571085,0.4915748,-1.0250283
227_AK4_P1P2_ENSG00000162433,AK4,-0.03831345,0.6691391,-0.19435431,0.07596394
2280_DNAJB14_P1P2_ENSG00000164031,DNAJB14,0.12919867,-0.32030532,-0.44657204,-0.11537766
2281_DNAJB1_P1P2_ENSG00000132002,DNAJB1,-0.13851866,-0.12037349,0.36263755,-0.029983575
2282_DNAJB4_P1P2_ENSG00000162616,DNAJB4,-1.757972,-0.2311345,2.3983788,-0.90011495
2283_DNAJB6_P1P2_ENSG00000105993,DNAJB6,-0.097766235,-0.28658348,-0.5554365,-0.8607897
2284_DNAJB9_P1P2_ENSG00000128590,DNAJB9,-0.23386995,1.2338207,0.22597235,-0.59487385
2285_DNAJC10_P1P2_ENSG00000077232,DNAJC10,-0.13339198,0.024407728,-0.2777723,-0.00040499755
2286_DNAJC11_P1P2_ENSG00000007923,DNAJC11,1.4905447,0.66048455,-1.1225239,1.389023
2287_DNAJC12_P1P2_ENSG00000108176,DNAJC12,0.9034756,0.35599616,-0.6724262,-0.05394181
2288_DNAJC13_P1P2_ENSG00000138246,DNAJC13,-0.33319888,-0.0838951,1.2956651,-0.021850916
2289_DNAJC14_P1P2_ENSG00000135392,DNAJC14,-0.8177786,-0.18391405,0.051527075,-0.10867502
228_AKAP11_P1P2_ENSG00000023516,AKAP11,0.21361782,0.78262126,0.6594318,1.1006011
2290_DNAJC16_P1P2_ENSG00000116138,DNAJC16,-0.4493611,-0.13960165,-0.24171941,-0.27929875
2292_DNAJC19_P1P2_ENSG00000205981,DNAJC19,11.433557,5.0743127,-2.3555982,6.345353
2293_DNAJC1_P1P2_ENSG00000136770,DNAJC1,-0.47357953,-0.505435,0.07220966,0.2280397
2294_DNAJC21_P1P2_ENSG00000168724,DNAJC21,0.23906136,-0.73626095,-0.6068066,0.23670866
2295_DNAJC24_P1P2_ENSG00000170946,DNAJC24,-0.70871496,0.31943622,1.7489973,-0.6929096
2296_DNAJC25_P1P2_ENSG00000059769,DNAJC25,-0.084651574,0.0357374,1.050104,-0.26208562
2297_DNAJC2_P1P2_ENSG00000105821,DNAJC2,-0.23262924,-0.7298202,0.82887983,0.69001925
2298_DNAJC30_P1P2_ENSG00000176410,DNAJC30,-0.044066887,0.41605255,-0.31462538,-0.18936314
2299_DNAJC3_P1P2_ENSG00000102580,DNAJC3,-0.2963251,-0.14220254,-0.10226291,-0.17206551
229_AKAP13_P1P2_ENSG00000170776,AKAP13,-0.23795402,-0.33688697,0.13848591,-0.43221307
22_ABCB7_P1P2_ENSG00000131269,ABCB7,0.7839382,0.82349646,0.24463892,1.8814484
2300_DNAJC4_P1P2_ENSG00000110011,DNAJC4,-0.4312543,-0.83007,-0.6972642,0.060766548
2301_DNAJC5_P1P2_ENSG00000101152,DNAJC5,-0.10011092,0.4991107,0.14953226,0.4407144
2302_DNAJC6_P1P2_ENSG00000116675,DNAJC6,0.05335094,-0.8667496,0.192275,-0.39307797
2303_DNAJC7_P1P2_ENSG00000168259,DNAJC7,-0.52137536,-1.1911194,0.8273163,-1.3057709
2304_DNAJC8_P1P2_ENSG00000126698,DNAJC8,-0.19515377,0.07787041,-0.0010740983,1.5025448
2305_DNAJC9_P1P2_ENSG00000213551,DNAJC9,-0.05920453,-0.15211247,-1.0205635,-0.54712516
2306_DNAL1_P1P2_ENSG00000119661,DNAL1,-0.94223356,-0.5678907,-0.17515595,-0.6151452
2307_DNASE1L1_P1_ENSG00000013563,DNASE1L1,1.6025879,0.5579345,-1.0616448,2.6281424
2308_DNASE1L1_P2_ENSG00000013563,DNASE1L1,3.0276656,1.4113998,-1.4748962,1.0521485
2309_DNASE2_P1P2_ENSG00000105612,DNASE2,0.15446588,-0.25715172,-0.41233537,0.31567764
230_AKAP17A_P1P2_ENSG00000197976,AKAP17A,-0.51723504,0.08867329,-0.8123524,0.1597912
2310_DNLZ_P1P2_ENSG00000213221,DNLZ,0.3275174,-0.53508973,-0.6142783,-0.3420204
2311_DNM1L_P1P2_ENSG00000087470,DNM1L,1.4073871,0.991621,-0.94738126,0.9117268
2312_DNM1_P1P2_ENSG00000106976,DNM1,0.2881527,0.44075987,-0.21102501,-0.036073558
2314_DNMT1_P1P2_ENSG00000130816,DNMT1,0.80567265,0.9693403,1.190232,-1.1948607
2315_DNMT3A_ENST00000402667.1_ENSG00000119772,DNMT3A,-0.30376709,-0.61610264,-0.23353615,-0.08348256
2316_DNMT3B_P1_ENSG00000088305,DNMT3B,-0.3474425,-0.8322936,-0.35569984,0.4991031
2317_DNMT3B_P2_ENSG00000088305,DNMT3B,-0.29093185,-0.17661504,-0.17807777,0.14499453
2318_DNPEP_P1P2_ENSG00000123992,DNPEP,-0.5786024,0.18878913,0.106984265,-0.23977444
2319_DNPH1_P1P2_ENSG00000112667,DNPH1,0.36867765,-0.8068882,0.08622284,0.046156857
231_AKAP1_P1P2_ENSG00000121057,AKAP1,-0.25046045,-0.0037176197,-0.2526654,0.40831074
2320_DNTTIP1_P1P2_ENSG00000101457,DNTTIP1,0.39768893,-0.95240444,0.063971534,-0.4367475
2321_DNTTIP2_P1P2_ENSG00000067334,DNTTIP2,0.41294992,-0.036025032,1.0070856,0.32921442
2322_DOCK11_P1P2_ENSG00000147251,DOCK11,-0.27617398,-1.3188317,0.81323016,0.07952463
2323_DOCK2_P1P2_ENSG00000134516,DOCK2,-0.2885705,0.03860887,-0.15359084,-0.51858103
2324_DOCK6_P1P2_ENSG00000130158,DOCK6,-0.5148839,-0.3525282,1.5189228,-0.24172091
2325_DOCK7_P1P2_ENSG00000116641,DOCK7,-0.7606845,-1.3269618,0.09677076,-0.35960853
2326_DOCK8_P1P2_ENSG00000107099,DOCK8,-0.64845484,-0.61095023,-0.7650266,0.04980304
2327_DOCK9_P1P2_ENSG00000088387,DOCK9,-0.6632121,-0.5756463,-0.27372903,0.05276949
2328_DOHH_P1P2_ENSG00000129932,DOHH,-0.39142248,0.050134793,0.35220155,5.489138
2329_DOK1_P1P2_ENSG00000115325,DOK1,-0.048016496,0.31693524,-0.2279333,-0.23203827
232_AKAP8L_P1P2_ENSG00000011243,AKAP8L,1.313116,-0.541747,-1.0515066,0.035374813
2330_DOK2_P1P2_ENSG00000147443,DOK2,-0.10105997,0.13533874,-0.07379808,-0.099934086
2331_DOK3_P1P2_ENSG00000146094,DOK3,-0.4158839,-0.18416403,-0.2829826,-0.6198536
2332_DOK4_P2_ENSG00000125170,DOK4,0.63802785,-0.5053247,-0.07373709,-0.12023843
2333_DOK4_P1_ENSG00000125170,DOK4,0.12926494,0.10896489,-0.5522296,0.28315762
2334_DOLK_P1P2_ENSG00000175283,DOLK,0.86412376,6.7500052,-0.98547876,1.3815918
2335_DOLPP1_P1P2_ENSG00000167130,DOLPP1,0.4556215,1.1263443,-0.082359076,0.09653662
2336_DONSON_P1P2_ENSG00000159147,DONSON,-0.2434214,0.15202866,4.5975,0.41966492
2337_DOT1L_P1P2_ENSG00000104885,DOT1L,0.25049305,0.13686396,-1.1711872,0.028034113
2338_DPAGT1_P1P2_ENSG00000172269,DPAGT1,-0.11716038,1.1878922,-0.29138166,0.14734378
233_AKAP8_P1P2_ENSG00000105127,AKAP8,-0.66895103,-0.70416075,-0.18816188,-0.3946729
2340_DPF1_P2_ENSG00000011332,DPF1,-0.23888089,0.69232583,-0.41361246,0.2418585
2341_DPF1_P1_ENSG00000011332,DPF1,-0.19970743,-1.3980037,-0.107315384,-0.400875
2342_DPF2_P2_ENSG00000133884,DPF2,0.36694053,-0.6928203,-0.29846236,0.66495985
2343_DPF2_P1_ENSG00000133884,DPF2,0.35626867,-0.57036126,0.15443546,0.11677688
2344_DPF3_P1P2_ENSG00000205683,DPF3,0.54589605,0.9270469,-0.32100242,-0.07048447
2345_DPH1_P2_ENSG00000108963,DPH1,0.111131996,0.4447012,-0.13913071,0.07963551
2346_DPH1_P1_ENSG00000108963,DPH1,-0.73882675,-0.17126884,0.9038782,-0.43682373
2347_DPH2_P1P2_ENSG00000132768,DPH2,-1.3978598,-1.0606964,1.0848739,-1.3038596
2348_DPH3_P1P2_ENSG00000154813,DPH3,-0.2548981,-0.055984687,-0.40532345,0.1228401
2349_DPH5_P1P2_ENSG00000117543,DPH5,-1.0190088,0.79747635,0.53028184,-0.32266057
234_AKAP9_P1P2_ENSG00000127914,AKAP9,-0.059808515,0.5521338,0.41796336,-0.4859759
2350_DPH6_P1P2_ENSG00000134146,DPH6,0.21318884,0.18148203,0.6443125,-0.11473521
2351_DPH7_P1P2_ENSG00000148399,DPH7,-0.32762614,0.63410926,0.066958435,0.18382263
2352_DPM1_P1P2_ENSG00000000419,DPM1,0.08621842,1.1243863,-1.1584361,-0.35621062
2353_DPM2_P1P2_ENSG00000136908,DPM2,-0.25686142,0.66638243,-0.5204111,-0.18130903
2354_DPM3_P1P2_ENSG00000179085,DPM3,0.07683669,1.5734727,-0.34598714,-0.07766389
2355_DPP3_P1P2_ENSG00000254986,DPP3,-0.38563874,-0.18753688,0.1540316,-0.35916102
2356_DPP7_P2_ENSG00000176978,DPP7,0.35263932,-0.6041354,-0.0812485,-1.0087085
2357_DPP7_P1_ENSG00000176978,DPP7,-0.5265307,-0.30063707,-0.31600684,-0.22158416
2358_DPP8_P1P2_ENSG00000074603,DPP8,-0.8229888,-0.27470344,-0.31221652,-0.033384975
2359_DPP9_P2_ENSG00000142002,DPP9,-0.08712668,-0.2223778,-0.23098221,0.10119988
235_AKIP1_P1P2_ENSG00000166452,AKIP1,0.6755728,-0.4002199,-0.35932976,-0.014051833
2360_DPP9_P1_ENSG00000142002,DPP9,-0.025298102,0.046005424,-0.872335,-0.4965769
2361_DPPA2_P1P2_ENSG00000163530,DPPA2,0.1934427,-0.1519638,0.6865053,-0.2554279
2362_DPRX_ENST00000376650.1_ENSG00000204595,DPRX,-0.10767895,0.005546316,-0.27918163,-0.032327667
2363_DPY19L1_ENST00000310974.4_ENSG00000173852,DPY19L1,0.3264083,0.14474683,-0.6472921,0.5602502
2364_DPY19L2_P1P2_ENSG00000177990,DPY19L2,-0.15519416,-0.5024568,-0.7446441,0.5368198
2365_DPY19L3_P1P2_ENSG00000178904,DPY19L3,-0.3286544,0.27616236,-0.36802444,-0.059470773
2366_DPY19L4_P1P2_ENSG00000156162,DPY19L4,-0.19712941,0.7579145,1.1505005,1.2369028
2368_DPYSL2_P1P2_ENSG00000092964,DPYSL2,-0.4132043,-0.2701081,0.07595797,-0.35245416
2369_DR1_P1P2_ENSG00000117505,DR1,0.041024815,-0.5595952,0.16071609,-0.36245123
236_AKIRIN1_P1P2_ENSG00000174574,AKIRIN1,0.23461817,-0.22087261,1.2133838,-0.22438112
2370_DRAM1_P1P2_ENSG00000136048,DRAM1,-0.21265271,-0.2524562,-0.45042083,-0.31456912
2371_DRAM2_P1P2_ENSG00000156171,DRAM2,0.0005927706,-0.15356529,-0.3331261,-0.017954519
2372_DRAP1_P1P2_ENSG00000175550,DRAP1,-0.09448149,-1.0793523,1.3817043,-0.3594075
2373_DRG1_P1P2_ENSG00000185721,DRG1,-0.20354466,0.06713106,-0.25776145,-0.13316491
2374_DRG2_P1P2_ENSG00000108591,DRG2,0.29262468,-0.09827019,-0.47981134,0.17532374
2375_DRGX_P1P2_ENSG00000165606,DRGX,-0.6271982,-0.5427163,-0.25888056,-0.34952366
2376_DROSHA_P1P2_ENSG00000113360,DROSHA,1.6792952,2.6204035,3.3871963,9.381669
2377_DSC2_P1P2_ENSG00000134755,DSC2,0.11838301,-0.08931652,0.026274705,-0.4588775
2378_DSCC1_P1P2_ENSG00000136982,DSCC1,-1.1469969,-1.0916213,1.2495245,-1.123452
2379_VPS26C_P1P2_ENSG00000157538,VPS26C,-0.03353612,0.27581906,-0.2155227,-0.43635207
237_AKIRIN2_P1P2_ENSG00000135334,AKIRIN2,0.05059041,0.05937798,1.6161963,0.90807086
2380_DSCR4_P1P2_ENSG00000184029,DSCR4,-0.056934174,-0.15774037,-0.013305485,-0.19383678
2381_DSG2_P1P2_ENSG00000046604,DSG2,0.061049774,-0.21529995,0.35522935,-0.5408508
2382_DSN1_P1P2_ENSG00000149636,DSN1,0.29781204,3.9746537,-0.19798106,1.7633272
2383_DSTN_P1P2_ENSG00000125868,DSTN,0.20140983,0.08946782,-0.22711243,-0.71829826
2384_DSTYK_P1P2_ENSG00000133059,DSTYK,0.6506471,0.16701351,-0.9459152,0.31645375
"2385_DST_ENST00000361203.3,ENST00000370769.4_ENSG00000151914",DST,0.37023878,-0.13151892,-0.560623,-0.12232761
2386_DST_ENST00000370754.5_ENSG00000151914,DST,0.41513538,-0.108084746,-0.113651134,-0.06074857
2387_DTD1_P1P2_ENSG00000125821,DTD1,-0.03204436,0.30445358,0.081209436,-0.12389991
2388_DTD2_P1P2_ENSG00000129480,DTD2,0.10521274,-0.024441289,-0.1393621,-0.25378048
2389_DTL_P1P2_ENSG00000143476,DTL,-0.21838377,-0.65686053,0.66925794,-0.031175852
238_AKNA_P1_ENSG00000106948,AKNA,-0.3252787,-0.15418768,0.07345596,-0.51569146
2390_DTNBP1_P1P2_ENSG00000047579,DTNBP1,-0.27590665,-0.105425134,-0.30006695,-0.6671056
2391_DTWD1_P1P2_ENSG00000104047,DTWD1,3.6133273,1.0957289,-1.2110636,2.1880243
2392_DTWD2_P1P2_ENSG00000169570,DTWD2,-0.08599531,-0.021270411,0.24285975,-0.6118193
2393_DTX2_P1P2_ENSG00000091073,DTX2,0.13934039,-0.16157591,-0.81216997,-0.009993558
2394_DTYMK_P1P2_ENSG00000168393,DTYMK,-0.6924599,-0.0550215,3.6821783,-0.26867586
2395_DUS1L_P1P2_ENSG00000169718,DUS1L,-0.5870328,-0.036093123,-0.06076216,-0.064782985
2396_DUS2_P1P2_ENSG00000167264,DUS2,-0.18514179,-0.13249257,-0.38917488,-0.2837263
2397_DUS3L_P1P2_ENSG00000141994,DUS3L,-0.5607009,-0.368231,-0.38059473,-0.34397715
2398_DUS4L_P1P2_ENSG00000105865,DUS4L,-0.5053581,-0.369003,-0.17707348,-0.1828659
2399_DUSP10_P1P2_ENSG00000143507,DUSP10,0.41061762,0.61996955,-0.19885668,-0.0107251555
239_AKNA_P2_ENSG00000106948,AKNA,-0.48367262,-0.551032,-0.1045457,0.030293202
23_ABCB8_P1P2_ENSG00000197150,ABCB8,0.5407924,0.92907363,-0.31629512,1.1219441
2400_DUSP11_P1P2_ENSG00000144048,DUSP11,-0.21564762,0.09054256,0.004129614,-0.5048674
2401_DUSP12_P1P2_ENSG00000081721,DUSP12,2.9871619,-0.21522544,-1.0557066,1.4530573
2402_DUSP13_P1P2_ENSG00000079393,DUSP13,-0.630778,0.109154806,0.0873505,-0.24417663
2403_DUSP14_P2_ENSG00000276023,DUSP14,0.8266618,-0.30086276,0.042899445,-0.021312296
2404_DUSP14_P1_ENSG00000276023,DUSP14,0.016009029,-0.47094032,-0.27231312,-0.4200807
2405_DUSP1_P1P2_ENSG00000120129,DUSP1,-0.07003637,-0.40000072,-0.61738706,0.33089823
2406_DUSP22_P1P2_ENSG00000112679,DUSP22,-0.54715925,0.3124085,0.15891518,-0.21297497
2407_DUSP23_P1P2_ENSG00000158716,DUSP23,-0.5131568,-0.22216907,0.17510857,-0.39256036
2408_DUSP28_P1P2_ENSG00000188542,DUSP28,-0.54915124,-0.08219181,-0.20478839,0.35143757
2409_DUSP3_P1P2_ENSG00000108861,DUSP3,0.5949916,-0.44735393,-0.35099488,0.42115372
240_AKR1A1_P1P2_ENSG00000117448,AKR1A1,-0.36888975,1.0221057,0.45411292,0.07611278
2410_DUSP7_P2_ENSG00000164086,DUSP7,-0.3996938,0.373957,-0.45489618,-0.23005094
2411_DUSP7_P1_ENSG00000164086,DUSP7,-0.35015157,0.4745638,-0.68700916,-0.067420304
2412_DUSP9_P1_ENSG00000130829,DUSP9,-0.26107222,-0.1763653,-0.21331988,-0.19230212
2413_DUSP9_P2_ENSG00000130829,DUSP9,-0.6526647,-0.06739297,0.02325233,-0.24403542
2414_DUT_P1P2_ENSG00000128951,DUT,-0.48063803,-0.93279344,5.3581204,-0.4477326
2415_DUXA_ENST00000554048.2_ENSG00000258873,DUXA,-0.47061846,0.3788488,-0.27665567,-0.107792385
2416_DVL1_P1P2_ENSG00000107404,DVL1,-0.50524104,-0.068968356,0.2242845,-0.83213466
2417_DVL2_P1P2_ENSG00000004975,DVL2,-0.42161307,-0.4006273,-0.038951162,-0.23148869
2418_DVL3_P1P2_ENSG00000161202,DVL3,0.1778987,-0.33917063,-0.25283077,-0.25019935
2419_DXO_P1P2_ENSG00000204348,DXO,2.047521,0.5044399,-0.9869033,0.26985464
241_AKR1C1_P1P2_ENSG00000187134,AKR1C1,-0.30644137,0.08454548,-0.4560566,-0.22247386
2420_DYM_P1P2_ENSG00000141627,DYM,-0.25374895,-0.22566167,-0.36213464,-0.49834165
2421_DYNC1H1_P1P2_ENSG00000197102,DYNC1H1,0.38005236,1.3433608,0.6094163,0.65878326
2422_DYNC1I2_P1P2_ENSG00000077380,DYNC1I2,-0.75692093,-0.7888212,0.756785,-0.72487205
2423_DYNC1LI1_P1P2_ENSG00000144635,DYNC1LI1,-0.2881734,0.10866348,-0.24320395,-0.20876718
2424_DYNC1LI2_P1P2_ENSG00000135720,DYNC1LI2,-0.11954157,0.65564823,-0.1529766,0.16814096
2425_DYNC2LI1_P1P2_ENSG00000138036,DYNC2LI1,0.18608606,-0.64383584,-0.1584984,-0.7766172
2426_DYNLL1_P1P2_ENSG00000088986,DYNLL1,-0.55614465,0.09386785,2.78012,-1.1081151
2427_DYNLL2_P1P2_ENSG00000264364,DYNLL2,0.76546586,-0.17373069,3.4008436,1.8751124
2428_DYNLRB1_P2_ENSG00000125971,DYNLRB1,0.37051955,-0.26182914,0.42733625,0.22479708
2429_DYNLRB1_P1_ENSG00000125971,DYNLRB1,0.7343599,1.7409922,-0.7635776,3.2171016
242_AKR1C2_P1_ENSG00000151632,AKR1C2,-0.40925995,-0.3410604,0.4279692,-0.6382779
2430_DYNLT1_P1P2_ENSG00000146425,DYNLT1,-0.5851192,0.41258267,0.019502718,-0.44243515
2431_DYNLT3_P1P2_ENSG00000165169,DYNLT3,-0.18957876,-0.49019685,-0.393743,-0.67085886
2432_DYRK1A_ENST00000398960.2_ENSG00000157540,DYRK1A,1.0431368,1.0320154,-0.6384114,0.10688251
2433_DYRK2_P1P2_ENSG00000127334,DYRK2,-0.7675055,-0.35628873,0.09145113,-0.8174349
2434_DYRK3_P1P2_ENSG00000143479,DYRK3,-0.34202322,0.7221898,-0.105813555,-0.8690545
2435_DYRK4_P1P2_ENSG00000010219,DYRK4,0.71820223,-0.28566507,-0.6448393,-0.5368187
2436_DZIP1_P1P2_ENSG00000134874,DZIP1,-0.17657132,-0.24652544,-0.23289634,-0.01774632
2437_E2F1_P1P2_ENSG00000101412,E2F1,-0.08119414,-0.18253843,0.41181722,0.49484736
2438_E2F2_P1P2_ENSG00000007968,E2F2,-0.57792646,-0.23315848,0.2948723,-0.54724705
2439_E2F3_P1_ENSG00000112242,E2F3,-0.23560826,-0.6799719,0.36147454,-0.7064481
243_AKR1C2_P2_ENSG00000151632,AKR1C2,-0.15760954,-0.17634901,0.52040344,-0.8484815
2440_E2F3_P2_ENSG00000112242,E2F3,-0.5213641,0.2075181,0.46462575,-1.0272192
2441_E2F4_P1P2_ENSG00000205250,E2F4,0.29052794,-0.96687645,0.45077363,-0.55338675
2442_E2F5_P1P2_ENSG00000133740,E2F5,1.0042316,3.5669188,-0.803972,2.1199496
2443_E2F6_P1P2_ENSG00000169016,E2F6,-0.013219976,-0.2274509,0.345791,0.15342996
2444_E2F7_P1P2_ENSG00000165891,E2F7,0.87928295,0.96533924,-0.7579709,0.8364769
2445_E2F8_P1P2_ENSG00000129173,E2F8,-0.44441372,-0.57111025,0.71618724,-0.6374351
2446_E4F1_P1P2_ENSG00000167967,E4F1,1.3899158,0.2121376,-0.7221664,1.4217632
2447_EAF1_P1P2_ENSG00000144597,EAF1,1.5173585,0.12629314,1.1420549,-0.074733004
2448_EAF2_P1P2_ENSG00000145088,EAF2,-0.024524657,-0.20075522,0.081818506,0.12385895
2449_EAPP_P1P2_ENSG00000129518,EAPP,-0.21202286,0.3342801,-0.855842,-0.45301867
244_AKR1E2_P1P2_ENSG00000165568,AKR1E2,-0.17802015,0.030543366,-0.007043498,-0.1067569
2450_EARS2_P1P2_ENSG00000103356,EARS2,0.21429059,3.1084182,-0.49244234,0.158936
2451_EBAG9_P1P2_ENSG00000147654,EBAG9,-0.975444,0.17971887,-1.2075961,-0.30990362
2452_EBF1_P1P2_ENSG00000164330,EBF1,-0.46136194,-0.5423897,-0.11838696,-0.618644
2453_EBF2_P1P2_ENSG00000221818,EBF2,-0.088318005,-0.0096707195,-0.3786356,-0.2832011
2454_EBF3_P1P2_ENSG00000108001,EBF3,-0.48858616,-0.22818895,0.391494,0.27533105
2455_EBF4_P1P2_ENSG00000088881,EBF4,-0.09966171,-0.6091871,-0.0705629,0.02736087
2456_EBNA1BP2_P1P2_ENSG00000117395,EBNA1BP2,-0.1559092,-0.047219142,0.59032404,0.6476462
2457_EBPL_P1P2_ENSG00000123179,EBPL,-0.044843126,-0.5624646,-0.7834884,0.26982018
2458_EBP_P2_ENSG00000147155,EBP,0.32411972,-0.27713922,-0.25680938,-0.90260166
2459_EBP_P1_ENSG00000147155,EBP,-0.45787823,-0.38949424,0.5730521,-0.34653825
245_AKR7A2_P1P2_ENSG00000053371,AKR7A2,-0.4890381,-0.4809272,0.0071901707,-0.5855728
2460_ECD_P1P2_ENSG00000122882,ECD,-0.5662559,0.040241368,-0.3967738,1.5900133
2461_ECE1_P1P2_ENSG00000117298,ECE1,-0.10746633,-0.59918714,0.08704943,-0.24655576
2462_ECE2_P1P2_ENSG00000145194,ECE2,0.3537207,-0.0697694,-0.8783955,0.795174
2463_ECH1_P1P2_ENSG00000104823,ECH1,-0.012809528,-0.028902687,-0.62586904,0.13559444
2464_ECHDC1_P1P2_ENSG00000093144,ECHDC1,-1.0162908,0.5412738,0.0770632,-0.4528311
2465_ECHDC3_P1P2_ENSG00000134463,ECHDC3,-0.41293463,0.6589734,-0.071419075,-0.5261691
2466_ECHS1_P1P2_ENSG00000127884,ECHS1,-0.16246417,0.4050525,-0.38442338,-0.64681625
2467_ECI1_P1P2_ENSG00000167969,ECI1,-0.80645376,-0.44865152,-0.07441328,0.010582144
2468_ECI2_P1P2_ENSG00000198721,ECI2,0.5474995,1.5289197,0.67084646,1.0859385
2469_ECM1_P1P2_ENSG00000143369,ECM1,0.3391242,0.2524542,0.0973091,0.15993756
246_AKT1S1_P1P2_ENSG00000204673,AKT1S1,0.40633932,0.13751645,-0.11335124,0.21825325
2470_ECSIT_P1P2_ENSG00000130159,ECSIT,-0.47973818,-0.80244327,-0.112314895,-0.6687707
2471_ECT2_P1P2_ENSG00000114346,ECT2,1.0592018,-0.3976249,0.25568554,0.26959985
2472_EDARADD_P1_ENSG00000186197,EDARADD,-0.39811668,0.7301924,0.17832547,-0.122076325
2473_EDARADD_P2_ENSG00000186197,EDARADD,0.37759435,-0.64024234,0.42641854,-0.76868737
2474_EDC3_P1P2_ENSG00000179151,EDC3,0.26022494,0.334623,0.44819245,0.3778647
2475_EDC4_P1P2_ENSG00000038358,EDC4,0.12982716,0.26186675,0.22708105,0.6877004
2476_EDEM1_P1P2_ENSG00000134109,EDEM1,0.1199789,0.29762694,0.42357412,0.056380123
2477_EDEM2_ENST00000374492.3_ENSG00000088298,EDEM2,-0.4055321,0.6458695,0.07620748,-0.0507215
2478_EDEM3_P1P2_ENSG00000116406,EDEM3,-0.29973158,0.29133782,-0.4399768,-0.11044201
2479_EDF1_P1P2_ENSG00000107223,EDF1,-0.025259944,-0.7141316,-0.26020065,-0.6182702
247_AKT1_P1P2_ENSG00000142208,AKT1,-0.17825264,-0.017074272,-0.24678956,-0.24129716
2480_EEA1_P1P2_ENSG00000102189,EEA1,0.043746803,-0.3273085,-0.50556815,-0.55248106
2481_EED_P1P2_ENSG00000074266,EED,-0.6161083,0.5021859,0.27173427,0.102327175
2482_EEF1A1_P1P2_ENSG00000156508,EEF1A1,0.0947996,0.35991973,0.90576845,0.5001515
2483_EEF1A2_P1P2_ENSG00000101210,EEF1A2,-0.12426003,-0.4445055,-0.46375644,-0.28647625
2484_EEF1B2_P1P2_ENSG00000114942,EEF1B2,0.13366348,-0.89846647,-0.51277107,-0.10309013
2485_EEF1D_P1P2_ENSG00000104529,EEF1D,-0.624693,0.032665435,0.35207722,-0.22191267
2486_EEF1E1_P1P2_ENSG00000124802,EEF1E1,-0.3043808,0.04007511,-0.32613742,-0.1288879
2487_EEF1G_P1P2_ENSG00000254772,EEF1G,8.033398,3.8794281,-1.8900604,4.3896594
2488_EEF2K_P1P2_ENSG00000103319,EEF2K,-0.81992185,-0.15637742,-0.08969644,-0.14642972
2489_EEF2_P2_ENSG00000167658,EEF2,-0.21654128,0.13713843,-0.30517522,0.17250846
248_AKT2_P1P2_ENSG00000105221,AKT2,-0.4378193,-0.19793905,1.110096,0.3811522
2490_EEF2_P1_ENSG00000167658,EEF2,-0.876431,2.4028852,1.1746471,0.38898453
2491_EEFSEC_P1P2_ENSG00000132394,EEFSEC,-0.64646107,-0.43376726,-0.20130922,1.2360038
2492_EFCAB11_P1P2_ENSG00000140025,EFCAB11,-0.17618093,0.46059942,-0.20281394,-0.24722748
2493_EFCAB14_P1P2_ENSG00000159658,EFCAB14,-0.26786584,-0.6958296,0.8899513,0.3084265
2494_EFCAB2_P1P2_ENSG00000203666,EFCAB2,-0.25602034,-0.16663755,-0.40008935,-0.31584284
2495_EFHD1_P1P2_ENSG00000115468,EFHD1,-0.40826192,0.806515,-0.3195149,0.27437046
2496_EFHD2_P1P2_ENSG00000142634,EFHD2,-0.10637817,-0.27071315,2.8271525,-0.05354626
2497_EFNA1_P1P2_ENSG00000169242,EFNA1,-0.015091581,0.5237146,-0.10076931,-0.10591644
2498_EFNA3_P1_ENSG00000143590,EFNA3,-0.66748136,1.9411603,-0.3305166,-0.8256881
2499_EFNA3_P2_ENSG00000143590,EFNA3,-0.19823241,-0.34033588,-0.22968829,-0.5752502
249_ALAD_P1P2_ENSG00000148218,ALAD,-0.47010082,-0.24919109,0.76296794,-0.19608046
24_ABCB9_P1_ENSG00000150967,ABCB9,0.07582181,0.3581572,-0.17530024,-0.42423615
2500_EFNA4_P1P2_ENSG00000243364,EFNA4,-0.24191314,0.06339307,-0.44080406,-0.43910396
2501_EFR3A_P1P2_ENSG00000132294,EFR3A,-1.058402,-1.5112574,3.7764015,3.1881027
2502_EFTUD2_P1P2_ENSG00000108883,EFTUD2,-0.7571907,-0.20830564,-0.4378864,0.22261314
2503_EGFL7_P1_ENSG00000172889,EGFL7,-1.0353632,0.59869343,0.046989035,-0.18025504
2504_EGFL7_P2_ENSG00000172889,EGFL7,-0.85016507,-0.74756134,1.1833665,-0.31459796
2505_EGFL8_P1P2_ENSG00000241404,EGFL8,0.7950004,0.8192238,0.28632212,0.014153033
2506_EGLN1_P1P2_ENSG00000135766,EGLN1,-0.042580947,-0.30362332,-0.17737894,-0.054946534
2508_EGLN2_P1_ENSG00000269858,EGLN2,0.056532215,-0.092606775,-0.35014465,-0.16810061
2509_EGLN3_P1P2_ENSG00000129521,EGLN3,-0.45973232,-0.48149288,0.011350289,-0.1487825
250_ALAS1_P1P2_ENSG00000023330,ALAS1,-0.9803788,-0.28104982,1.3389387,-1.7426134
2510_EGR1_P1_ENSG00000120738,EGR1,-0.09476997,0.69485015,1.9120497,-0.11793491
2511_EGR1_P2_ENSG00000120738,EGR1,-0.21928242,-0.3524434,0.013016469,-0.40234432
2512_EGR2_P1P2_ENSG00000122877,EGR2,0.023472257,-0.47465223,-0.3110359,-0.35233417
2513_EGR3_P1P2_ENSG00000179388,EGR3,-0.28044257,-0.21688156,-0.0754327,-0.53920287
2514_EGR4_P1P2_ENSG00000135625,EGR4,-0.164524,-0.27027792,-0.04982884,-0.18069607
2515_EHBP1L1_P1P2_ENSG00000173442,EHBP1L1,0.38672552,0.22130752,-0.1885458,-0.003397896
2516_EHBP1_P1P2_ENSG00000115504,EHBP1,-0.31941557,-0.5902475,0.6911174,-0.36238214
2517_EHD1_P1P2_ENSG00000110047,EHD1,0.12619974,-0.1371734,-0.35493758,0.06297004
2518_EHD4_P1P2_ENSG00000103966,EHD4,0.03905533,-0.45427623,-0.06113361,-0.57227767
2519_EHF_P1P2_ENSG00000135373,EHF,-0.13355197,-0.2936545,-0.69675803,0.3499497
251_ALAS2_P1P2_ENSG00000158578,ALAS2,0.11673732,-0.66840863,-0.5947856,-1.0092502
2520_EHMT1_P1P2_ENSG00000181090,EHMT1,-0.7146948,2.1700902,1.1871662,-0.1858109
2521_EHMT2_P1P2_ENSG00000204371,EHMT2,-0.53729165,1.6169999,1.0248458,-0.07582831
2522_EI24_P1P2_ENSG00000149547,EI24,0.28324887,0.18782051,-0.05883896,-0.52978426
2523_EID1_P1P2_ENSG00000255302,EID1,0.110489964,1.2067262,-0.40710148,0.062471427
2524_EID2B_P1P2_ENSG00000176401,EID2B,0.060626395,-0.47393456,-0.20256996,-0.9636257
2525_EID2_P1P2_ENSG00000176396,EID2,-0.055687796,-0.9751347,-0.054889075,0.22231448
2526_EIF1AD_P1P2_ENSG00000175376,EIF1AD,1.4680624,-0.44825464,0.46340653,-0.4120237
2527_EIF1AX_P1P2_ENSG00000173674,EIF1AX,0.5906138,0.61915785,-1.4726362,-0.65434885
2528_EIF1B_P1P2_ENSG00000114784,EIF1B,-0.2770157,-0.06634032,0.33605635,0.1043523
2529_EIF1_P1P2_ENSG00000173812,EIF1,0.95585,1.897718,-1.2235357,1.4383379
252_ALDH16A1_P1P2_ENSG00000161618,ALDH16A1,0.1225764,-0.1351301,-0.09512303,-0.10710497
2530_EIF2AK1_P1P2_ENSG00000086232,EIF2AK1,-0.0024638528,0.64903456,-0.5103783,0.31466484
2531_EIF2AK2_P1P2_ENSG00000055332,EIF2AK2,-0.35225555,0.36760902,-0.43774217,-0.03428965
2532_EIF2AK3_P1P2_ENSG00000172071,EIF2AK3,-0.34216774,-0.5718403,-0.31211817,-0.5412489
2533_EIF2AK4_P1P2_ENSG00000128829,EIF2AK4,-0.95263773,-0.5224813,0.5317997,-0.043629147
2534_EIF2A_P1P2_ENSG00000144895,EIF2A,0.85046643,-1.0373675,0.20752075,0.25705013
2535_EIF2B1_P1P2_ENSG00000111361,EIF2B1,7.6310616,2.0361333,-3.0149965,2.8120372
2536_EIF2B2_P1P2_ENSG00000119718,EIF2B2,14.793667,6.26951,-2.5925741,5.37894
2537_EIF2B3_P1P2_ENSG00000070785,EIF2B3,19.16233,8.326746,-4.165537,8.199028
2538_EIF2B4_P1P2_ENSG00000115211,EIF2B4,13.513516,5.2692323,-2.7500443,5.11807
2539_EIF2B5_P1P2_ENSG00000145191,EIF2B5,13.096838,5.2834263,-3.2136505,5.234646
253_ALDH18A1_P1P2_ENSG00000059573,ALDH18A1,-0.04935416,0.56916445,0.73700947,0.10940689
2540_EIF2D_P1P2_ENSG00000143486,EIF2D,0.2611301,0.038816307,0.15997812,0.60325253
2541_EIF2S1_P1P2_ENSG00000134001,EIF2S1,17.907743,7.9288073,-2.6978493,8.64937
2542_EIF2S2_P1P2_ENSG00000125977,EIF2S2,5.1485205,2.9054646,-1.3459256,3.5570338
2543_EIF2S3_P1P2_ENSG00000130741,EIF2S3,14.930873,6.3255944,-2.2866366,5.9855576
2544_EIF3A_P1P2_ENSG00000107581,EIF3A,0.5175954,1.2420765,-1.319878,-0.46614805
2545_EIF3B_P1P2_ENSG00000106263,EIF3B,0.4442571,0.18776517,-1.2819446,-0.43155795
2547_EIF3C_P1P2_ENSG00000184110,EIF3C,0.07025137,-0.13027461,0.032232516,-0.35405082
2548_EIF3D_P1P2_ENSG00000100353,EIF3D,-1.3040109,-0.8044868,-0.004802565,-0.5760543
2549_EIF3E_P1P2_ENSG00000104408,EIF3E,-0.084892966,0.71840155,-1.6116852,0.16639134
254_ALDH1A1_P1P2_ENSG00000165092,ALDH1A1,1.045105,-0.3722825,-0.0035066546,-0.057272967
2550_EIF3F_P1P2_ENSG00000175390,EIF3F,-1.3675922,-0.14585719,-1.5053321,-1.2388281
2551_EIF3G_P1P2_ENSG00000130811,EIF3G,0.91899794,0.6954858,-1.5874041,-0.9154871
2552_EIF3H_P1P2_ENSG00000147677,EIF3H,-0.9484324,-0.5650853,-1.0692548,-1.4199396
2553_EIF3I_P1P2_ENSG00000084623,EIF3I,-0.022217873,-0.43042547,-1.2817506,-0.41500115
2554_EIF3J_P1P2_ENSG00000104131,EIF3J,-1.1205035,-0.49858063,-1.0349505,-1.2370656
2555_EIF3K_P1P2_ENSG00000178982,EIF3K,-0.9513383,0.21445559,0.62955874,-0.7539733
2556_EIF3L_P1P2_ENSG00000100129,EIF3L,-1.0614369,-0.390401,1.0316402,-0.8852232
2557_EIF3M_P1P2_ENSG00000149100,EIF3M,-0.77249503,0.043612048,-1.0083373,-1.5996273
2558_EIF4A1_P1P2_ENSG00000161960,EIF4A1,-0.7769968,1.461293,-1.9717551,-1.198176
2559_EIF4A2_P1_ENSG00000156976,EIF4A2,0.048040666,-1.5961578,0.50039965,-1.0147886
255_ALDH1A2_P1P2_ENSG00000128918,ALDH1A2,-0.4769818,-0.35442558,0.258529,-0.46373424
2560_EIF4A2_P2_ENSG00000156976,EIF4A2,0.2868501,0.5259072,0.11538733,0.0441829
2562_EIF4B_P1P2_ENSG00000063046,EIF4B,-0.7689789,0.11941038,-0.54548544,0.19533475
2563_EIF4E2_P1P2_ENSG00000135930,EIF4E2,1.7893319,-0.06729067,1.5382134,1.108925
2564_EIF4EBP1_P1P2_ENSG00000187840,EIF4EBP1,-0.2942525,0.26723933,-0.051941607,-0.17020234
2565_EIF4EBP2_P1P2_ENSG00000148730,EIF4EBP2,-0.06758895,-0.69396514,-0.1836346,-0.281587
2566_EIF4ENIF1_P1P2_ENSG00000184708,EIF4ENIF1,0.6177659,0.28076336,0.94995695,0.30919445
2567_EIF4E_P1P2_ENSG00000151247,EIF4E,-1.1155463,-1.2378829,1.7737677,-0.45313498
2568_EIF4G1_P1P2_ENSG00000114867,EIF4G1,-1.1247737,-0.92851794,1.6301416,0.123082444
2569_EIF4G2_P1_ENSG00000110321,EIF4G2,-0.9611863,-1.2557136,0.16522527,-1.9745773
256_ALDH1B1_P1P2_ENSG00000137124,ALDH1B1,-0.028971523,-0.2598841,0.22360253,0.24767411
2570_EIF4G2_P2_ENSG00000110321,EIF4G2,-0.2092559,0.7248284,0.043541122,-0.41300738
2571_EIF4G3_P2_ENSG00000075151,EIF4G3,-0.46404025,-0.24398945,0.7722236,-0.4378767
2572_EIF4G3_P1_ENSG00000075151,EIF4G3,0.1769974,-1.0408753,-0.53604805,0.23739609
2573_EIF4H_P1P2_ENSG00000106682,EIF4H,-0.1619656,0.21876827,-0.67817664,-0.41926458
2574_EIF5A2_P1P2_ENSG00000163577,EIF5A2,-0.3543357,0.43709666,0.42351463,0.07186618
2575_EIF5AL1_P1P2_ENSG00000253626,EIF5AL1,-0.36340246,0.09203812,-0.30030647,-0.9159387
2576_EIF5A_P1P2_ENSG00000132507,EIF5A,-0.53270847,1.4229575,-0.80394924,0.38174844
2577_EIF5B_P1P2_ENSG00000158417,EIF5B,-0.695663,0.26968035,-0.10263855,0.32477167
2578_EIF5_P1_ENSG00000100664,EIF5,0.596825,1.5887789,-0.6650515,2.1692016
2579_EIF5_P2_ENSG00000100664,EIF5,-0.36747026,-0.28458318,1.2541407,-0.67527014
257_ALDH2_P1P2_ENSG00000111275,ALDH2,-0.078095645,0.05267934,-0.30954438,-0.83189833
2580_EIF6_P1P2_ENSG00000242372,EIF6,0.08737201,-0.5071948,1.1974158,-0.14215344
2581_ELAC1_P1P2_ENSG00000141642,ELAC1,-0.026823044,0.6355027,-0.58066916,0.694502
2582_ELAC2_P1P2_ENSG00000006744,ELAC2,1.314813,-0.6381309,-0.5201068,-0.30277377
2583_ELAVL1_P1P2_ENSG00000066044,ELAVL1,-0.19242683,-1.0877534,0.52306235,-1.1074622
2584_ELF1_P1P2_ENSG00000120690,ELF1,0.35262838,-1.0171735,0.13255523,-0.24705932
2585_ELF2_P1P2_ENSG00000109381,ELF2,0.12822074,-0.28351924,0.16675368,-0.37643775
2586_ELF3_P1P2_ENSG00000163435,ELF3,0.12033451,-0.29447225,0.056174625,-0.21113135
2587_ELF4_P1P2_ENSG00000102034,ELF4,-0.41037053,0.07058231,0.4779396,-0.6360832
2588_ELF5_P1P2_ENSG00000135374,ELF5,-0.35984433,0.08691627,-0.07499237,-0.22483927
2589_ELK1_P1P2_ENSG00000126767,ELK1,-0.35306874,-0.85335267,-0.76046515,-0.6441995
258_ALDH4A1_P1P2_ENSG00000159423,ALDH4A1,-0.4025054,0.11869633,-0.17660514,-0.57887673
2590_ELK3_P1P2_ENSG00000111145,ELK3,-0.5622627,0.22512572,0.07009741,0.18839549
2591_ELK4_P1P2_ENSG00000158711,ELK4,0.1467734,1.128622,-0.61056393,-0.2133556
2592_ELL2_P1P2_ENSG00000118985,ELL2,0.20123893,-0.48534608,-0.3759273,0.29699197
2593_ELL_P1P2_ENSG00000105656,ELL,0.05399422,-0.041277274,1.9063411,0.05149603
2594_ELMO2_P1P2_ENSG00000062598,ELMO2,-0.5202674,0.55189914,0.8706369,0.624277
2595_ELMOD2_P1P2_ENSG00000179387,ELMOD2,-0.18888924,-0.66026044,-0.39965454,-0.18955238
2596_ELMOD3_P1P2_ENSG00000115459,ELMOD3,-0.16537663,-0.759299,-0.14240134,-0.23719937
2597_ELMSAN1_P1_ENSG00000156030,ELMSAN1,0.39555392,0.067857094,-0.13329382,0.34863788
2598_ELMSAN1_P2_ENSG00000156030,ELMSAN1,-0.12406893,0.4115751,-0.1789463,-0.10854562
2599_ELOF1_P1P2_ENSG00000130165,ELOF1,-0.7077297,-2.0407047,0.408568,-1.9816968
259_ALDH5A1_P1P2_ENSG00000112294,ALDH5A1,-0.17436038,-0.111794025,-0.44835898,-0.43852755
25_ABCB9_P2_ENSG00000150967,ABCB9,-0.6454195,-0.30773488,-0.19687426,-0.4796035
2600_ELOVL1_P1P2_ENSG00000066322,ELOVL1,0.1846177,-0.53356475,-0.32899392,-0.10918537
2601_ELOVL2_P1P2_ENSG00000197977,ELOVL2,-0.020977136,-0.5068777,0.093676135,-0.31422547
2602_ELOVL5_P1P2_ENSG00000012660,ELOVL5,-0.326019,-0.82040626,-0.36170202,-0.5250314
2603_ELOVL6_P1P2_ENSG00000170522,ELOVL6,-0.4000507,-0.16177024,-0.19235626,-0.35057518
2604_ELP2_P1P2_ENSG00000134759,ELP2,0.3599018,-0.49597585,-0.69634074,-0.115717806
2605_ELP3_P1P2_ENSG00000134014,ELP3,1.0107273,1.2627751,-1.6240145,1.1218059
2606_ELP4_P1P2_ENSG00000109911,ELP4,1.834247,3.1853852,-2.4220653,3.2590597
2607_ELP5_P1P2_ENSG00000170291,ELP5,0.84862614,1.2597518,-1.8079196,0.56394887
2608_ELP6_P1P2_ENSG00000163832,ELP6,0.21437371,-0.06280309,-0.72892225,-0.34248784
2609_EMC10_P1P2_ENSG00000161671,EMC10,-0.4389577,-0.14573644,-0.032178897,-0.85694396
260_ALDH9A1_P1P2_ENSG00000143149,ALDH9A1,0.20078823,-0.2311856,-0.3702062,-0.35145146
2610_EMC1_P1P2_ENSG00000127463,EMC1,-0.43603182,-1.4795052,0.7926947,-1.4174135
2611_EMC2_P1P2_ENSG00000104412,EMC2,-0.13282463,-0.39289728,0.7187235,-0.88930374
2612_EMC3_P1_ENSG00000125037,EMC3,-0.28852412,-0.2955546,-0.07706626,-0.8310649
2613_EMC3_P2_ENSG00000125037,EMC3,1.5532002,-0.46308947,-0.70261,0.8773501
2614_EMC4_P1P2_ENSG00000128463,EMC4,-0.6138957,-0.5253488,0.97562844,-1.2433953
2615_EMC6_P1P2_ENSG00000127774,EMC6,-0.73109585,-0.5030173,0.4914045,-0.4705897
2616_EMC7_P1P2_ENSG00000134153,EMC7,-0.1034645,-0.15176193,0.7898705,-1.076812
2617_EMC8_P1P2_ENSG00000131148,EMC8,-0.31883082,-0.15342113,0.3796533,-0.6101898
2618_EMC9_P1P2_ENSG00000100908,EMC9,-0.3097251,-0.42961887,-0.39688957,0.2223691
2619_EMD_P1P2_ENSG00000102119,EMD,-0.14262936,-0.4122477,-0.11541741,-0.5223798
261_ALDOA_P1P2_ENSG00000149925,ALDOA,-1.1986195,-2.6034565,5.572968,-3.4772882
2620_EME1_P1P2_ENSG00000154920,EME1,-0.0047385236,-0.32581124,0.07417451,-0.48851648
2621_EME2_P1P2_ENSG00000197774,EME2,-0.34375763,1.3388875,-0.4111615,1.0744511
2622_EMG1_P1P2_ENSG00000126749,EMG1,1.3020139,0.9409566,0.03743226,1.0965788
2623_EMILIN2_P1P2_ENSG00000132205,EMILIN2,-0.31068185,0.037887204,-0.09652495,-0.68085784
2624_EML2_P1_ENSG00000125746,EML2,0.3578311,-0.23031747,0.33772376,-0.12846941
2625_EML2_P2_ENSG00000125746,EML2,0.41331828,0.08225012,-1.3556736,0.5858124
2626_EML3_P1P2_ENSG00000149499,EML3,-0.45947644,-0.9273438,0.784744,0.035952028
2627_EML4_P1P2_ENSG00000143924,EML4,-0.47472277,-0.45653412,-0.6043776,-0.26919955
2628_EMP2_P1P2_ENSG00000213853,EMP2,-0.3559616,0.077741235,0.78758734,-0.70355546
2629_EMP3_P1P2_ENSG00000142227,EMP3,-0.27142486,0.63174695,-0.11054362,-0.16165258
262_ALDOC_P1P2_ENSG00000109107,ALDOC,-0.0067349225,0.042900864,0.29601976,-1.9850703
2630_EMX1_P2_ENSG00000135638,EMX1,-0.116972186,-0.35837162,-0.11955306,-0.1632096
2631_EMX1_P1_ENSG00000135638,EMX1,0.14059392,0.17045955,-0.43356872,-0.66733503
2632_EMX2_P1P2_ENSG00000170370,EMX2,-0.089506745,-0.51737666,-0.039112154,-0.012746612
2634_EN2_P1P2_ENSG00000164778,EN2,-0.41144115,-0.036921803,-0.100240335,-0.19637902
2635_ENDOD1_P1P2_ENSG00000149218,ENDOD1,-0.2753938,0.8056978,-1.3565104,-0.7375361
2636_ENDOG_P1P2_ENSG00000167136,ENDOG,0.06758861,0.24082673,0.24105313,0.5981393
2637_ENDOV_P1P2_ENSG00000173818,ENDOV,-0.028746657,-0.5365432,0.29722977,-0.26281512
2638_ENGASE_P1P2_ENSG00000167280,ENGASE,-0.1744797,-0.43424073,-0.68674254,-0.010061819
2639_ENKD1_P1P2_ENSG00000124074,ENKD1,-0.37498084,0.06786869,0.34081516,-0.22638947
263_ALG11_P1P2_ENSG00000253710,ALG11,0.5257396,5.149474,0.058246247,-0.38819966
2640_ENO1_P1P2_ENSG00000074800,ENO1,-0.8567712,-1.6068186,1.6823673,-2.2597346
2641_ENO2_P1P2_ENSG00000111674,ENO2,-0.18627456,-0.094890684,0.39442825,0.2905675
2642_ENO3_P2_ENSG00000108515,ENO3,-1.1396598,-0.36891547,-0.060158733,0.07922563
2643_ENO3_P1_ENSG00000108515,ENO3,0.2480422,-0.28759792,-0.3589873,-0.33084512
2644_ENOPH1_P1P2_ENSG00000145293,ENOPH1,0.26711014,1.7172288,-0.3351307,-0.36823106
2645_ENOSF1_P1P2_ENSG00000132199,ENOSF1,-0.3009458,0.23761779,-0.37282982,-0.20879467
2646_ENOX2_P1P2_ENSG00000165675,ENOX2,0.06477414,0.0867677,-0.66848356,-0.18259642
2647_ENPP3_P2_ENSG00000154269,ENPP3,-0.0017759381,-0.7994374,0.62065107,-0.3134533
2648_ENPP3_P1_ENSG00000154269,ENPP3,-0.67702526,-0.3168321,-0.07381761,-0.39877102
2649_ENSA_P1P2_ENSG00000143420,ENSA,0.42855924,-0.6366163,-0.8275223,0.28411132
264_ALG12_P1P2_ENSG00000182858,ALG12,-0.437306,0.9854775,-0.098761484,0.020492021
2650_TEPSIN_P1P2_ENSG00000167302,TEPSIN,-0.27163738,0.9389889,0.5151058,-0.68457747
2651_ENTPD4_P1P2_ENSG00000197217,ENTPD4,0.03349704,-0.44653198,0.0013753788,-0.34733874
2652_ENTPD6_P1P2_ENSG00000197586,ENTPD6,-0.24826725,-0.20637149,-0.56376946,-0.023575522
2653_ENTPD7_P1P2_ENSG00000198018,ENTPD7,-0.80765134,-0.28839734,0.31164035,-0.36684784
2654_ENY2_P1P2_ENSG00000120533,ENY2,-0.027688252,1.5194533,2.8712552,2.3388565
2655_EOGT_P1P2_ENSG00000163378,EOGT,-0.77134025,-0.043220434,-0.122390755,-1.0358601
2656_EOMES_P1P2_ENSG00000163508,EOMES,0.64509696,-0.47895432,-0.034937542,0.7062133
2657_EP300_P1P2_ENSG00000100393,EP300,-0.26727185,1.6299019,-1.3843489,1.2525284
2658_EP400_P1P2_ENSG00000183495,EP400,1.544172,-1.4779934,25.12769,-1.7547238
2659_EPAS1_P1P2_ENSG00000116016,EPAS1,-0.7732081,-0.35528937,-0.14937411,-0.72600776
265_ALG13_P1P2_ENSG00000101901,ALG13,1.5493941,9.014411,-0.16861011,0.85710466
2660_EPB41L2_P1P2_ENSG00000079819,EPB41L2,0.5576424,-0.17582622,-0.52176905,-0.088770434
2661_EPB41L5_P1P2_ENSG00000115109,EPB41L5,-0.10869274,-0.13984558,0.00031960153,0.12664357
2662_EPB41_P1_ENSG00000159023,EPB41,0.3089623,0.17334124,0.23633017,-0.34913453
2663_EPB41_P2_ENSG00000159023,EPB41,-0.30835626,-0.264189,-0.4876967,-0.8005209
2664_EPC1_P1P2_ENSG00000120616,EPC1,-0.44967365,0.13290611,0.3071457,-0.8681034
2665_EPC2_P1P2_ENSG00000135999,EPC2,0.079335466,-0.81075186,2.4047234,-1.2373538
2666_EPCAM_P1P2_ENSG00000119888,EPCAM,-0.5738739,-0.57150966,0.065653704,-0.24134748
2667_EPHB4_P1P2_ENSG00000196411,EPHB4,0.44322622,-0.1025307,-0.5258138,0.03668836
2668_EPHB6_P1P2_ENSG00000106123,EPHB6,-0.27623853,-0.17435521,0.22936517,0.08986075
2669_EPHX1_P1P2_ENSG00000143819,EPHX1,-0.47778213,0.08962523,0.58511925,-0.6330828
266_ALG14_P1P2_ENSG00000172339,ALG14,0.8958248,8.4110775,-0.98246586,0.41481286
2670_EPHX2_P1P2_ENSG00000120915,EPHX2,-0.04944183,-0.09615858,-0.447787,-0.051967796
2671_EPM2AIP1_P1P2_ENSG00000178567,EPM2AIP1,1.355149,2.1712468,-0.3280112,1.4716916
2672_EPN1_P1P2_ENSG00000063245,EPN1,-0.38682225,-0.5488898,0.48175177,-0.32619825
2673_EPN2_P1_ENSG00000072134,EPN2,0.11108179,-0.8292927,-0.1719715,-0.09405505
2674_EPN2_P2_ENSG00000072134,EPN2,1.0288186,0.5484412,-0.7773682,-0.21185683
2675_EPOR_P1_ENSG00000187266,EPOR,-0.47619593,-0.2308821,-0.15098722,-0.88110673
2676_EPOR_P2_ENSG00000187266,EPOR,-0.0816061,-0.09829935,-0.26333013,0.0006558703
2677_EPPK1_P1P2_ENSG00000261150,EPPK1,-0.36134854,0.92018914,-0.5856227,-0.46077362
2678_EPRS_P1P2_ENSG00000136628,EPRS,2.7169852,-0.30500826,-1.6088709,1.405812
2679_EPS15L1_P1P2_ENSG00000127527,EPS15L1,-0.5775632,-0.4915891,0.9403537,-0.83313173
267_ALG1L_ENST00000340333.3_ENSG00000189366,ALG1L,0.27288115,-0.47138244,-0.3598126,-0.32421255
2680_EPS15_P1P2_ENSG00000085832,EPS15,-0.33111113,-1.1272627,-0.53877455,-0.88212025
2683_EPS8L1_P1_ENSG00000131037,EPS8L1,-0.048192915,0.60939986,-0.49404478,-0.09910508
2685_EPS8L1_P2_ENSG00000131037,EPS8L1,0.684165,0.05317422,1.4221746,2.420911
2687_EPS8L2_P1P2_ENSG00000177106,EPS8L2,0.28321257,-0.21847501,-0.660573,-0.4216985
2688_SELENOI_P1P2_ENSG00000138018,SELENOI,0.107017,-0.39595842,-0.09961168,0.26495212
2689_ERAL1_P1P2_ENSG00000132591,ERAL1,0.67680544,-0.5321414,-0.20317714,0.048432976
268_ALG1_P1P2_ENSG00000033011,ALG1,0.48818728,4.402775,-0.30474022,-0.110114984
2690_ERAP1_P1P2_ENSG00000164307,ERAP1,0.038741134,-0.41069168,0.09556116,0.17699553
2691_ERBIN_P1P2_ENSG00000112851,ERBIN,0.13413706,-1.1957157,-0.20294163,-0.46051747
2692_ERC1_P1P2_ENSG00000082805,ERC1,-0.24114133,0.058340635,-0.49018836,-0.29717475
2693_ERCC1_P1P2_ENSG00000012061,ERCC1,-0.2761714,0.38857576,0.068120494,0.026663445
2694_ERCC2_P1P2_ENSG00000104884,ERCC2,-0.62332964,0.26704893,0.91232705,1.3961884
2695_ERCC3_P1P2_ENSG00000163161,ERCC3,-1.0740018,-0.49328172,1.9412106,0.3514562
2696_ERCC4_P1_ENSG00000175595,ERCC4,-0.36539605,-0.7046627,0.77159154,-0.57239187
2697_ERCC4_P2_ENSG00000175595,ERCC4,0.20883301,-0.14147624,-0.24020398,-0.31256935
2698_ERCC5_P1P2_ENSG00000134899,ERCC5,-0.7289601,-0.17656578,0.03706792,0.14551367
2699_ERCC6L2_P1P2_ENSG00000182150,ERCC6L2,0.17368102,-1.2670844,-0.023978727,-0.6538527
269_ALG2_P1P2_ENSG00000119523,ALG2,0.71966916,9.64873,-0.72253716,-0.04718582
26_ABCC10_P1P2_ENSG00000124574,ABCC10,0.2979458,-0.07849961,-0.62041587,-0.02760195
2700_ERCC8_P1P2_ENSG00000049167,ERCC8,-0.4863093,-0.60427564,-0.07071689,-0.24645297
2701_ERF_P1P2_ENSG00000105722,ERF,-0.17961699,0.0154786045,0.06423489,-0.39583063
2702_ERGIC1_P1P2_ENSG00000113719,ERGIC1,-0.04977894,-0.2604349,-0.20360886,-0.29779994
2703_ERGIC2_P1P2_ENSG00000087502,ERGIC2,-0.15143019,-0.8753852,-0.38710985,-0.78465134
2704_ERGIC3_P1P2_ENSG00000125991,ERGIC3,-0.1149501,0.59588146,-0.6898792,0.058214832
2705_ERG_P1_ENSG00000157554,ERG,-0.07654757,-0.25110742,0.009975423,0.11787442
2706_ERG_P2_ENSG00000157554,ERG,-0.18130314,-0.4961555,-0.21323803,-0.13335411
2707_ERH_P1P2_ENSG00000100632,ERH,0.34971383,-0.41826698,-0.6200739,1.2449955
2708_ERI1_P1P2_ENSG00000104626,ERI1,0.42716524,0.7156349,-0.10413466,0.7059939
2709_ERI2_P1P2_ENSG00000196678,ERI2,-0.3147695,-0.090464614,0.5900497,-0.48379493
270_ALG3_P1P2_ENSG00000214160,ALG3,0.010005631,2.7086272,-0.5800753,-0.4475701
2710_ERI3_P1P2_ENSG00000117419,ERI3,-0.46156406,-0.108185634,-0.12846795,-0.15806445
2711_ERICH1_P1P2_ENSG00000104714,ERICH1,0.46237785,0.20733596,-0.40684706,0.20175159
2712_ERLEC1_P1P2_ENSG00000068912,ERLEC1,-0.10795835,1.7460072,-0.07381783,2.1761255
2713_ERLIN1_P1P2_ENSG00000107566,ERLIN1,-0.9659481,-0.538837,-0.19254404,-0.84184116
2714_ERLIN2_P1P2_ENSG00000147475,ERLIN2,0.15034069,-0.0027348227,0.25076106,-0.10057223
2715_ERMAP_P2_ENSG00000164010,ERMAP,-0.2947676,0.38841727,0.10899871,-0.75767046
2716_ERMAP_P1_ENSG00000164010,ERMAP,0.5355541,-0.018250547,-0.23935671,0.20291734
2717_ERMARD_P1P2_ENSG00000130023,ERMARD,0.375131,-0.63290864,0.68243146,0.7931841
2718_ERMP1_P1P2_ENSG00000099219,ERMP1,-0.28772187,0.15747353,0.40610155,0.59728956
2719_ERN1_P1P2_ENSG00000178607,ERN1,-0.6603211,-1.214184,0.9909067,-0.6650951
271_ALG5_P1P2_ENSG00000120697,ALG5,-0.5012431,1.1967108,-0.5884251,0.4357793
2720_ERP29_P1P2_ENSG00000089248,ERP29,-0.485428,-0.60206735,-0.38613498,-1.1043853
2721_ERP44_P1P2_ENSG00000023318,ERP44,-0.16310647,-0.26201102,-0.07372087,-0.37239
2722_ERV3-1_P1P2_ENSG00000213462,ERV3-1,-0.91204023,-0.31199816,-0.12287016,-0.3321192
2723_ERVW-1_ENST00000493463.2_ENSG00000242950,ERVW-1,-0.2084285,-0.7171852,-0.03741836,0.21486416
2724_ERVW-1_ENST00000603053.1_ENSG00000242950,ERVW-1,0.13883272,-0.28458205,-0.294477,-0.51182675
2725_ESAM_P1_ENSG00000149564,ESAM,-0.07218595,0.43914732,-0.99826574,0.2471931
2726_ESAM_P2_ENSG00000149564,ESAM,-0.3170089,-0.49788782,-0.38297886,0.5037783
2727_ESCO1_P1P2_ENSG00000141446,ESCO1,-0.39220628,-0.09455643,2.214211,-0.2169816
2728_ESCO2_P1P2_ENSG00000171320,ESCO2,-0.3844847,0.9153568,0.33950773,0.23255627
2729_ESD_P1P2_ENSG00000139684,ESD,-1.1312177,-0.8558358,-0.06287073,-0.7075076
272_ALG6_P1P2_ENSG00000088035,ALG6,-0.32532775,0.1361752,0.4613445,-0.77288854
2730_ESF1_P2_ENSG00000089048,ESF1,-0.5369853,-0.36304995,0.10029922,-0.14967714
2731_ESF1_P1_ENSG00000089048,ESF1,0.081919566,-0.0910154,0.21642268,0.6363025
2732_ESPL1_P1P2_ENSG00000135476,ESPL1,0.51350874,-0.5572082,0.5489631,-0.40033203
2733_ESPN_P1_ENSG00000187017,ESPN,-0.635061,-0.0074155736,-0.021085111,-0.38244548
2734_ESPN_P2_ENSG00000187017,ESPN,-0.22498906,-0.23626558,-0.014267545,-0.5160247
2736_ESR1_P2_ENSG00000091831,ESR1,-1.0109388,-0.21617118,0.23345846,-0.5922174
2737_ESR2_P1P2_ENSG00000140009,ESR2,-0.5524516,-0.002802649,-0.45285225,-0.00849843
2738_ESRRA_P1P2_ENSG00000173153,ESRRA,-0.08952504,0.24537617,0.15058705,0.15857574
2739_ESRRB_ENST00000556177.1_ENSG00000119715,ESRRB,0.14386654,-0.27472678,-0.21154636,0.01737742
273_ALG8_P1P2_ENSG00000159063,ALG8,0.039468173,0.83156735,-0.3669209,-0.19254735
2740_ESRRG_ENST00000360012.3_ENSG00000196482,ESRRG,-0.29188684,-0.8311647,-0.28320953,0.007888019
"2741_ESRRG_ENST00000366940.2,ENST00000493603.1_ENSG00000196482",ESRRG,0.59040564,-0.15047686,0.652081,0.12946156
"2742_ESRRG_ENST00000361395.2,ENST00000366938.2,ENST00000487276.1_ENSG00000196482",ESRRG,0.032723654,-0.76402897,-0.14946061,-0.018860888
2743_ESRRG_ENST00000493748.1_ENSG00000196482,ESRRG,-0.6579864,-0.6155405,-0.40125364,-0.71428865
"2744_ESRRG_ENST00000359162.2,ENST00000361525.3_ENSG00000196482",ESRRG,0.39758533,-0.16380619,-1.144176,0.3512732
2745_ESX1_P1P2_ENSG00000123576,ESX1,-0.949942,0.014461821,-0.19223852,-0.20834482
2746_ESYT1_P2_ENSG00000139641,ESYT1,-0.5623188,0.19678408,0.09472192,0.34326732
2748_ESYT2_P1P2_ENSG00000117868,ESYT2,0.13141036,-0.44171318,3.0501697,0.11956936
2749_ETAA1_P1P2_ENSG00000143971,ETAA1,-1.087917,-0.4663101,-0.61197823,-0.5422329
274_ALG9_P1P2_ENSG00000086848,ALG9,0.3143598,3.4406743,-0.5638605,-1.4562752
2750_ETF1_P1P2_ENSG00000120705,ETF1,6.454017,2.954791,-1.8133312,3.0911636
2751_ETFA_P1P2_ENSG00000140374,ETFA,-0.4407211,0.7172603,0.5706325,-0.06885283
2752_ETFB_P2_ENSG00000105379,ETFB,-0.34571728,0.45447922,0.32560426,-0.16963068
2753_ETFB_P1_ENSG00000105379,ETFB,-0.7594774,-0.57852304,-0.07364253,-0.4035644
2754_ETFDH_P1P2_ENSG00000171503,ETFDH,-0.06996086,-0.17936778,-0.09672103,0.06298793
2755_ETHE1_P1P2_ENSG00000105755,ETHE1,-0.66652805,0.26000863,-0.4769605,-0.29809728
2756_ETNK1_P1P2_ENSG00000139163,ETNK1,-0.528763,-0.1892713,0.18198003,0.82403237
2757_ETNK2_P1P2_ENSG00000143845,ETNK2,-0.45418966,-0.37458867,-0.38573378,-0.2992769
2758_ETS1_P1P2_ENSG00000134954,ETS1,0.85275364,-0.00673107,-0.5190192,0.42101458
2759_ETS2_P1P2_ENSG00000157557,ETS2,-0.7655168,-0.82751083,0.23736188,-1.0634253
275_ALKBH2_P1P2_ENSG00000189046,ALKBH2,-0.3172352,-0.61748344,-0.050666925,-0.40674436
2760_ETV1_P1P2_ENSG00000006468,ETV1,0.0779347,-0.97499895,-0.7284384,0.18847193
2761_ETV2_P1P2_ENSG00000105672,ETV2,-0.6812264,-0.4200591,-0.1360006,-0.21669012
2762_ETV3L_P1P2_ENSG00000253831,ETV3L,0.422153,-0.40526456,0.37326488,0.74676126
2763_ETV3_P1P2_ENSG00000117036,ETV3,0.008874099,0.16700622,0.17046627,-0.5321278
2764_ETV4_P1P2_ENSG00000175832,ETV4,-0.47904325,10.191231,0.3592357,4.6006703
2766_ETV6_P1P2_ENSG00000139083,ETV6,-0.19820958,-0.25809625,-0.65665495,-0.34211102
2767_ETV7_P1P2_ENSG00000010030,ETV7,-0.9429648,-0.41857255,-0.025454603,-0.3307526
2768_EVA1B_P1P2_ENSG00000142694,EVA1B,-0.024309315,0.08671927,-0.32619062,0.15972558
2769_EVI5_P1P2_ENSG00000067208,EVI5,-0.2151482,0.63219064,-0.3346308,-1.0033233
276_ALKBH3_P1P2_ENSG00000166199,ALKBH3,-0.03622677,-0.5847514,-0.25863814,-0.2833827
2770_EVL_P2_ENSG00000196405,EVL,-0.036568336,-0.58733433,-0.69660306,0.031825777
2771_EVL_P1_ENSG00000196405,EVL,-0.3723088,-0.59227675,0.18301302,-0.24596743
2772_EVX1_P1P2_ENSG00000106038,EVX1,-0.501142,-0.2534192,0.032701675,-0.118899606
2773_EVX2_P1P2_ENSG00000174279,EVX2,0.28820023,0.93479437,-0.8632825,0.22940008
2774_EWSR1_P1P2_ENSG00000182944,EWSR1,0.86086804,0.16391832,-0.20108579,0.10249103
2775_EXD3_P1P2_ENSG00000187609,EXD3,0.079355985,-0.16205418,-0.40994716,-0.33193415
2776_EXO1_P1P2_ENSG00000174371,EXO1,0.14790235,-0.19565861,-0.21794516,-0.6293935
2777_EXO5_P1P2_ENSG00000164002,EXO5,-1.2880254,0.29315484,0.39980102,-0.67079115
2778_EXOC1_P1P2_ENSG00000090989,EXOC1,-0.23088284,-0.67800826,1.0254104,0.22170787
2779_EXOC2_P1P2_ENSG00000112685,EXOC2,-0.19845264,-0.12752552,0.42779067,-0.05156412
277_ALKBH4_P1P2_ENSG00000160993,ALKBH4,0.1473657,-0.17937167,-1.1046144,-0.7579418
2780_EXOC3_P1P2_ENSG00000180104,EXOC3,-0.623684,0.15271561,0.17692316,-0.058634445
2781_EXOC4_P1P2_ENSG00000131558,EXOC4,0.07024682,-0.87131363,1.4060067,1.0908083
2782_EXOC5_P1P2_ENSG00000070367,EXOC5,0.3249555,0.22096756,-0.044359602,-0.23261167
2783_EXOC6_P1P2_ENSG00000138190,EXOC6,4.376183,1.1647426,-1.7711743,1.5295068
2784_EXOC7_P1P2_ENSG00000182473,EXOC7,-0.42674822,0.26645014,-0.5519096,0.18348089
2785_EXOC8_P1P2_ENSG00000116903,EXOC8,-0.39922252,-0.05761673,-0.29724926,0.25575954
2786_EXOG_P1P2_ENSG00000157036,EXOG,-0.69644845,-0.6005457,0.0045716506,-1.4691725
2787_EXOSC10_P1P2_ENSG00000171824,EXOSC10,0.08260004,-0.09510899,1.2204094,0.43580186
2788_EXOSC1_P1P2_ENSG00000171311,EXOSC1,-0.3868426,0.022507705,1.2481575,0.009808993
2789_EXOSC2_P1P2_ENSG00000130713,EXOSC2,-0.1287671,-1.622521,2.974655,-0.9654148
278_ALKBH5_P1P2_ENSG00000091542,ALKBH5,0.73352957,0.58591706,-0.25806406,-0.14932103
2790_EXOSC3_P1P2_ENSG00000107371,EXOSC3,0.41279066,1.003287,1.7842983,-0.7305018
2791_EXOSC4_P1P2_ENSG00000178896,EXOSC4,0.34783193,0.048784617,2.1117191,-0.6472513
2792_EXOSC5_P1P2_ENSG00000077348,EXOSC5,0.55083287,-0.8225507,2.5227625,-0.96162575
2793_EXOSC6_P1P2_ENSG00000223496,EXOSC6,0.24609748,-0.42877734,3.1793156,-0.36238045
2794_EXOSC7_P1P2_ENSG00000075914,EXOSC7,-0.66257745,0.5251279,0.5597493,-0.33968502
2795_EXOSC8_P1P2_ENSG00000120699,EXOSC8,0.825201,-0.3768871,2.2325816,-0.36549065
2796_EXOSC9_P1P2_ENSG00000123737,EXOSC9,0.8649007,0.7716685,1.6194011,-0.45999256
2797_EXPH5_P1P2_ENSG00000110723,EXPH5,-0.11989715,0.26693782,-0.6061628,0.2569031
2798_EXT2_P1P2_ENSG00000151348,EXT2,-0.027575277,0.16409887,-0.22359514,0.37032288
2799_EXTL2_P1P2_ENSG00000162694,EXTL2,-0.0748903,-0.12852427,-0.21150856,-0.17269734
279_ALKBH6_P1P2_ENSG00000239382,ALKBH6,-0.55611813,-0.52499247,-0.13449761,-0.29527125
27_ABCC1_P1P2_ENSG00000103222,ABCC1,0.58591545,-0.28677726,-0.20609392,-0.5826051
2800_EXTL3_P1P2_ENSG00000012232,EXTL3,-0.36564422,-0.21734779,-0.6409753,-0.0037962024
2801_EYA3_P1P2_ENSG00000158161,EYA3,-0.17528175,-0.28707027,-0.80694675,-0.65925753
2802_EZH1_P1P2_ENSG00000108799,EZH1,-0.45983902,-0.18732919,-0.0037009853,-0.33382893
2803_EZH2_P1P2_ENSG00000106462,EZH2,0.3941426,0.74090004,0.4940827,-0.06258318
2804_EZR_P2_ENSG00000092820,EZR,-0.046864126,-0.61948335,-0.28850758,-0.57900226
2805_EZR_P1_ENSG00000092820,EZR,0.33218098,0.524222,-0.42102748,0.18610087
2806_F11R_P1_ENSG00000158769,F11R,-0.27649522,0.02049291,0.33132026,0.33272275
2807_F11R_P2_ENSG00000158769,F11R,-0.0789749,-0.52095073,0.32384795,-0.4082403
2808_F12_P1_ENSG00000131187,F12,-0.06574661,-0.23093452,0.069125585,-0.16613728
2809_F12_P2_ENSG00000131187,F12,0.01640252,-0.606759,-0.27072883,-0.40751463
280_ALKBH7_P1P2_ENSG00000125652,ALKBH7,-0.12612475,-0.046119068,0.16728711,-0.61319023
2810_F2RL3_P1P2_ENSG00000127533,F2RL3,0.24869002,-0.0014259103,-0.16229248,-0.5133058
2811_F2R_P1P2_ENSG00000181104,F2R,-0.28353035,-1.1759763,0.7040012,-0.88497335
2812_F8A1_P1P2_ENSG00000277203,F8A1,-0.49623293,-0.62709993,0.11665318,-1.190655
2813_FABP5_P1P2_ENSG00000164687,FABP5,0.27888167,0.42028502,-0.015402337,0.16134171
2814_FADD_P1P2_ENSG00000168040,FADD,-0.73448884,-0.6544402,-0.17375767,-0.1633643
2815_FADS1_P1P2_ENSG00000149485,FADS1,0.35747752,-0.44385773,-0.45907933,-0.49397865
2816_FADS2_P2_ENSG00000134824,FADS2,-0.1620266,-0.41906607,-0.25891238,-0.31087148
2817_FADS2_P1_ENSG00000134824,FADS2,-0.2603931,0.5933642,0.056564335,-0.18969092
2818_FADS3_P1P2_ENSG00000221968,FADS3,-0.20502073,-0.9510178,0.89777374,-0.41225246
2819_FAF1_P1P2_ENSG00000185104,FAF1,0.13445395,0.11760759,-0.121210255,-0.45727196
281_ALKBH8_P1P2_ENSG00000137760,ALKBH8,1.1865495,0.5778254,-0.756322,0.5021601
2820_FAF2_P1P2_ENSG00000113194,FAF2,-0.6296755,1.0111675,0.5588626,-0.68539983
2821_FAHD1_P1P2_ENSG00000180185,FAHD1,-0.77305007,-0.36703038,-0.026049508,-0.5317416
2822_FAHD2A_P1P2_ENSG00000115042,FAHD2A,-0.4844331,-0.5244079,0.043441977,-0.4664885
2823_FAHD2B_P1P2_ENSG00000144199,FAHD2B,0.43147513,0.17352073,-0.6158497,-0.265571
2824_FAH_P1P2_ENSG00000103876,FAH,-0.29869252,-0.0007979726,-0.10582283,-0.039671928
2825_FAIM_P1P2_ENSG00000158234,FAIM,-0.9747463,0.5514063,1.3557523,-0.134445
2826_RFLNB_P1P2_ENSG00000183688,RFLNB,0.08511547,-0.38742357,-0.3254129,-0.64946365
2827_FAM102B_P1P2_ENSG00000162636,FAM102B,1.7921585,0.9117406,0.90939736,1.4783336
2828_RAMAC_P1P2_ENSG00000169612,RAMAC,-0.22265543,0.41007316,3.715075,0.01907575
2829_FAM104A_P1P2_ENSG00000133193,FAM104A,-0.7619385,-0.83983934,0.5632054,-0.41966352
282_ALMS1_P1P2_ENSG00000116127,ALMS1,-0.1625377,-0.5173187,-0.30538562,0.18110421
2830_FAM104B_P1P2_ENSG00000182518,FAM104B,0.8536429,-0.48097828,1.4821192,0.22591653
2831_FAM110A_P1P2_ENSG00000125898,FAM110A,-0.13909583,-0.048255768,0.36595586,-0.6966885
2832_FAM111A_P2_ENSG00000166801,FAM111A,0.659932,-0.14195019,-0.38496017,-0.74924237
2834_FAM114A2_P1P2_ENSG00000055147,FAM114A2,-0.38837126,-0.12121322,-0.45660758,-0.38846225
2835_FAM117A_P1_ENSG00000121104,FAM117A,-0.39942592,-0.4400067,0.42052206,-0.54919595
2836_FAM117A_P2_ENSG00000121104,FAM117A,-0.40551943,0.13622133,-0.18868276,-0.16661914
2837_FAM117B_P1P2_ENSG00000138439,FAM117B,-1.2608744,-0.5961616,0.65548766,-0.998298
2838_FAM118A_P1P2_ENSG00000100376,FAM118A,0.25674683,0.5092341,-0.8444238,0.2512978
2839_FAM118B_P1P2_ENSG00000197798,FAM118B,0.8353863,-0.7217147,-0.4777431,-0.28604808
283_ALS2_P1P2_ENSG00000003393,ALS2,-0.5704887,-0.67255473,-0.82249546,0.011768248
2840_FAM120AOS_P1P2_ENSG00000188938,FAM120AOS,-0.11016211,-0.08249477,-0.08109577,-0.28325826
2841_FAM120A_P1P2_ENSG00000048828,FAM120A,0.02122613,-0.1953456,-0.5843843,-0.030398997
2842_FAM120B_P1P2_ENSG00000112584,FAM120B,-0.55006844,-0.220127,-0.29380625,-1.0505673
2843_FAM120C_P1P2_ENSG00000184083,FAM120C,0.32309237,-0.34877127,-0.5484498,-0.10170354
2844_FAM122A_P1P2_ENSG00000187866,FAM122A,-0.32107416,-0.7216465,1.3397516,-1.9676691
2845_FAM122B_P1P2_ENSG00000156504,FAM122B,-0.335453,-0.13661948,0.14491645,-0.83584166
2846_FAM124B_P1P2_ENSG00000124019,FAM124B,-0.44832507,-0.3851413,-0.21345809,-0.44655928
2847_FAM126A_P1P2_ENSG00000122591,FAM126A,-0.1700991,-0.94379747,-0.077670194,-0.5220638
2848_FAM126B_P1P2_ENSG00000155744,FAM126B,-0.06617457,-0.3637805,-0.6347615,-0.17415932
2849_RTL8C_P1P2_ENSG00000134590,RTL8C,-0.025365286,-0.24341227,-0.36560002,-0.1336585
284_ALX1_P1P2_ENSG00000180318,ALX1,0.16845651,-0.13006341,-0.97449946,0.48364457
2850_RTL8A_P1P2_ENSG00000203950,RTL8A,-0.1650075,0.22888403,0.14196575,0.48520654
2851_FAM131A_P1P2_ENSG00000175182,FAM131A,-0.91370946,0.13665438,0.47660106,0.160534
2852_FAM133B_P1P2_ENSG00000234545,FAM133B,-0.18346241,0.5580637,-0.91627866,1.2066545
2853_RETREG2_P1P2_ENSG00000144567,RETREG2,-0.5144693,-0.07678589,0.08051566,-0.45409212
2854_RETREG3_P1P2_ENSG00000141699,RETREG3,-0.8813564,0.18251218,-0.17080258,-0.1186445
2855_FAM135A_P1P2_ENSG00000082269,FAM135A,0.099023156,-0.5171137,0.97276735,-0.2715938
2858_FAM136A_P1P2_ENSG00000035141,FAM136A,0.5832852,1.8509558,0.25440276,3.635037
2859_FAM13A_ENST00000264344.5_ENSG00000138640,FAM13A,-0.046894357,-0.08027651,-0.6273777,0.06868819
285_ALX3_P1P2_ENSG00000156150,ALX3,0.09430143,-0.17151967,-0.5420045,0.51586205
2860_FAM13B_P1P2_ENSG00000031003,FAM13B,-0.30604833,0.9396665,-0.18732916,-0.33217674
2861_FAM156A_P1P2_ENSG00000268350,FAM156A,-0.6597066,-0.11311628,0.24854718,0.05035794
2862_FAM156B_ENST00000509613.1_ENSG00000179304,FAM156B,-0.50697833,-0.121961825,-0.83386433,-0.36985815
2863_FAM156B_ENST00000452154.2_ENSG00000179304,FAM156B,0.02660234,0.08551812,-0.63160825,1.3360426
"2864_FAM156B_ENST00000412319.1,ENST00000452021.2_ENSG00000179304",FAM156B,-0.0057581556,0.18859294,-0.5289684,0.22075567
2866_FAM156B_ENST00000416841.2_ENSG00000179304,FAM156B,0.14462785,0.118274204,-0.24865714,-0.2049596
2867_FAM160A2_P1P2_ENSG00000051009,FAM160A2,-0.5185196,-0.21527189,-0.34348282,-0.42613864
2868_FAM160B2_P1P2_ENSG00000158863,FAM160B2,0.5192773,0.45615515,0.034852065,0.97287774
2869_FAM161A_P1P2_ENSG00000170264,FAM161A,0.19043992,0.7385477,-0.6260006,0.35891625
286_ALX4_P1P2_ENSG00000052850,ALX4,-0.5216469,-0.4835713,0.33996168,-0.36545873
2870_FAM162A_P1P2_ENSG00000114023,FAM162A,0.35891482,-1.051959,0.5160582,-0.47122726
2871_FAM168B_P1P2_ENSG00000152102,FAM168B,-0.4231513,-0.43733567,-0.49675497,-0.31965977
2872_FAM170A_P1P2_ENSG00000164334,FAM170A,-0.47851548,-0.7344996,0.3518897,-0.76956934
2873_FAM171A1_P1P2_ENSG00000148468,FAM171A1,-0.175811,-0.30970076,0.091652565,-0.3028353
2874_FAM171A2_P1P2_ENSG00000161682,FAM171A2,-0.323141,0.12848945,0.032127377,-0.49664137
2875_ANTKMT_P1P2_ENSG00000103254,ANTKMT,-0.33832046,-0.2952275,-0.01632885,-0.40452248
2876_ATPSCKMT_P1P2_ENSG00000150756,ATPSCKMT,0.15826508,0.5226931,-0.9637064,0.37048173
2877_FAM174A_P1P2_ENSG00000174132,FAM174A,-0.5242375,-0.21322553,0.47203264,-0.8604714
2878_ABRAXAS1_P1P2_ENSG00000163322,ABRAXAS1,0.09757807,-0.12150699,0.23928532,-0.20180458
2879_ABRAXAS2_P1P2_ENSG00000165660,ABRAXAS2,-0.8083272,0.072408885,-0.19943763,-0.1028767
287_ALYREF_P1P2_ENSG00000183684,ALYREF,-0.41749835,-0.085805535,0.82654816,-0.2796773
2880_FAM177A1_P1P2_ENSG00000151327,FAM177A1,0.23515867,-0.6574683,0.11982887,0.17169128
2881_FAM178B_P1P2_ENSG00000168754,FAM178B,-0.07388204,0.9966121,-0.46030882,-0.62660575
2882_TOGARAM1_P1P2_ENSG00000198718,TOGARAM1,-0.5853837,-0.3403954,0.9457505,-0.46350107
2883_FAM184A_P1P2_ENSG00000111879,FAM184A,-0.55360955,-0.27957076,-0.050147753,-0.46106887
2884_FAM185A_P1P2_ENSG00000222011,FAM185A,-0.6139498,0.011196612,1.1818029,-0.5778619
2885_MINDY3_P1P2_ENSG00000148481,MINDY3,-0.48936573,-0.14855792,0.27068344,-0.44793534
2886_FAM189B_P1P2_ENSG00000160767,FAM189B,-0.6075324,-1.1253573,0.69792855,-0.52219015
2887_FAM192A_P1P2_ENSG00000172775,FAM192A,-0.7594593,-0.32532027,-0.23008713,-0.19692022
"2888_FAM193A_ENST00000324666.5,ENST00000382839.3,ENST00000502458.1,ENST00000545951.1_ENSG00000125386",FAM193A,0.24428004,-0.25932285,-0.40632245,0.20946541
2889_FAM193B_P1P2_ENSG00000146067,FAM193B,-0.36997813,0.07177302,-0.65406305,-0.40540174
288_AMBRA1_P1P2_ENSG00000110497,AMBRA1,-0.24128708,-0.06929873,-0.487225,-0.070109
2890_MCRIP2_P1P2_ENSG00000172366,MCRIP2,-0.06539052,0.061301284,0.15194157,-0.2857011
2891_MCRIP1_P1P2_ENSG00000225663,MCRIP1,0.23246872,0.13432312,0.15691957,0.097822286
2892_FAM199X_P1P2_ENSG00000123575,FAM199X,-0.15449816,-0.06760915,0.36057907,-0.5213697
2894_TAFA2_P1_ENSG00000198673,TAFA2,0.0721736,0.18934752,-0.14442173,0.6761114
2895_FAM200B_P1P2_ENSG00000237765,FAM200B,-0.07670026,-0.022647575,-0.6410067,-0.43811908
2896_FAM204A_P1P2_ENSG00000165669,FAM204A,-0.3787138,0.2028595,-0.117331825,-0.03556765
2897_ABITRAM_P1P2_ENSG00000119328,ABITRAM,-0.23132506,0.27257797,0.430922,-0.6265858
2898_FAM207A_P1P2_ENSG00000160256,FAM207A,0.35746554,0.35398263,-0.8450012,-0.011250162
2899_TASOR_P1P2_ENSG00000163946,TASOR,-0.92301005,0.5874681,-0.22817805,0.15229666
289_AMD1_P1P2_ENSG00000123505,AMD1,-0.037365764,-0.2807983,0.29012054,2.0503144
28_ABCC4_P1P2_ENSG00000125257,ABCC4,-0.20170806,-0.77159125,0.21496227,0.14785208
2900_TASOR2_P1P2_ENSG00000108021,TASOR2,-0.088977605,-0.8211505,0.12037985,-0.37663722
2901_FAM20B_P1P2_ENSG00000116199,FAM20B,0.5175449,0.6765462,0.16485906,3.6978447
2902_FAM210A_P1P2_ENSG00000177150,FAM210A,2.4199588,1.2486436,-1.223414,1.2323338
2903_FAM210B_P1P2_ENSG00000124098,FAM210B,-0.6095357,0.014351984,-0.056402367,-0.39369047
2904_INKA2_P1P2_ENSG00000197852,INKA2,0.015694167,-0.0050088726,-0.22150247,-0.16848634
2905_PRXL2A_P1_ENSG00000122378,PRXL2A,0.5602393,-0.2666592,1.0234381,0.16318874
2906_PRXL2A_P2_ENSG00000122378,PRXL2A,0.2517846,-0.34760377,-0.6462069,-0.6753899
2908_FAM217B_P1_ENSG00000196227,FAM217B,-1.1763911,0.02506646,0.8182911,-0.74216837
2909_FAM217B_P2_ENSG00000196227,FAM217B,0.013863196,-0.5950049,0.07431314,-0.1960255
290_AMDHD2_P1P2_ENSG00000162066,AMDHD2,0.29049745,0.17670217,-0.55506384,0.20940636
2910_FAM219B_P1P2_ENSG00000178761,FAM219B,0.17737737,-0.0069320314,-0.32774797,-0.14868172
2911_WASHC2A_P1P2_ENSG00000099290,WASHC2A,-0.20822604,-0.1552044,0.10181092,-0.6183109
2912_WASHC2C_P1P2_ENSG00000172661,WASHC2C,-0.11370252,-0.657313,-0.43510562,-0.3914435
2913_FAM222B_P1_ENSG00000173065,FAM222B,-0.74358827,-0.3277411,0.01008766,-0.51632005
2914_FAM222B_P2_ENSG00000173065,FAM222B,-0.1840684,-0.2918676,0.21751502,0.21276358
2915_FAM229A_P1P2_ENSG00000225828,FAM229A,0.13070728,-0.27688792,0.05416018,-0.52561444
2916_FAM229B_P1P2_ENSG00000203778,FAM229B,0.1078384,-0.11321926,0.16323188,-0.10815339
2917_FAM24B_P1P2_ENSG00000213185,FAM24B,-0.4887165,-0.26101714,-0.54163915,0.10593631
2918_FAM32A_P1P2_ENSG00000105058,FAM32A,0.006237457,0.8969592,-0.94594437,1.0032003
2919_SHLD2_P1P2_ENSG00000122376,SHLD2,-0.70458484,-1.154986,-0.15774798,-1.4282176
291_AMFR_P1P2_ENSG00000159461,AMFR,-0.348842,-0.09157848,-0.06760694,-0.08253407
2920_FAM3A_P1P2_ENSG00000071889,FAM3A,-0.51669735,0.06449068,0.6294646,-0.5883481
2921_FAM3C_P1P2_ENSG00000196937,FAM3C,-0.12248371,-0.2249854,-0.11315982,-0.36965492
2922_DENND10_P1P2_ENSG00000119979,DENND10,-0.05343491,0.37082937,-0.6747438,-0.40823978
2923_FAM49B_P2_ENSG00000153310,FAM49B,-0.41222483,-0.73581696,0.2055832,-0.43763387
2924_FAM49B_P1_ENSG00000153310,FAM49B,-0.21524817,-0.640387,-0.25524932,-0.585106
2925_FAM50A_P1P2_ENSG00000071859,FAM50A,1.3272412,1.4494298,-1.4299722,3.9110274
2926_FAM53B_P1P2_ENSG00000189319,FAM53B,0.01779919,0.19193242,-0.28816873,0.37140384
2927_FAM53C_P1P2_ENSG00000120709,FAM53C,-0.46655992,-0.5275607,0.38208213,-0.46106645
2928_TLCD3A_P1P2_ENSG00000167695,TLCD3A,-0.04064262,-0.9053531,0.11920507,-0.32327014
2929_CCNQ_P1P2_ENSG00000262919,CCNQ,6.145111,1.2464266,-1.3565108,2.8757381
292_AMHR2_P1P2_ENSG00000135409,AMHR2,-0.30088004,-0.14966567,0.20172618,-0.19412945
2930_SINHCAF_P1P2_ENSG00000139146,SINHCAF,-0.69486773,-1.0846744,0.595214,-0.3481206
2931_MINDY2_P1P2_ENSG00000128923,MINDY2,-0.4584163,0.03990601,-0.5611883,-0.3041672
2933_RIPOR1_P2_ENSG00000039523,RIPOR1,-0.02496577,-0.2639552,-0.43223393,-0.82060516
2934_RIPOR3_P1P2_ENSG00000042062,RIPOR3,-0.4719156,0.20217822,-0.3291027,-1.075664
2935_DIPK1B_P1P2_ENSG00000165716,DIPK1B,-0.048074108,-0.11144467,0.27581722,0.24498045
2937_FAM72B_ENST00000369390.3_ENSG00000188610,FAM72B,0.2041837,-0.18980339,0.26030934,-0.5223441
2938_FAM72C_ENST00000369175.3_ENSG00000263513,FAM72C,-0.091057,-0.13851583,-0.129233,-0.10897361
2939_FAM72D_ENST00000400889.1_ENSG00000215784,FAM72D,-0.11746637,-0.16077855,-0.16048148,-0.2570317
293_AMH_P1P2_ENSG00000104899,AMH,-0.37805724,-0.2524029,0.26499283,-0.08336296
2940_MIGA2_P1P2_ENSG00000148343,MIGA2,0.10959251,-0.3388099,-0.15050264,0.02827571
2941_FAM76A_P1P2_ENSG00000009780,FAM76A,0.06598635,-0.2474428,-0.1298226,-0.21250887
2942_FAM76B_P1P2_ENSG00000077458,FAM76B,0.29377097,-0.3610448,0.48403215,-0.18541108
2943_FAM78A_P1P2_ENSG00000126882,FAM78A,-0.4084642,-0.58641654,0.051871743,-0.5686531
2944_FAM83A_P1P2_ENSG00000147689,FAM83A,0.16697213,-0.3552349,1.123293,0.13438484
2945_FAM83D_P1P2_ENSG00000101447,FAM83D,-0.6174258,-0.15353295,-0.45319507,-0.30028388
2946_FAM83G_P1P2_ENSG00000188522,FAM83G,-0.46757534,-0.37322775,0.21630365,-0.2433627
2947_FAM83H_P1P2_ENSG00000180921,FAM83H,0.8240708,0.10356503,-0.46599182,-0.06137116
2948_FAM86C1_P1P2_ENSG00000158483,FAM86C1,-0.070724435,-0.049217477,0.130658,-0.50428045
2949_FAM89A_P1P2_ENSG00000182118,FAM89A,-0.15364349,-0.33152437,0.14781319,-0.19084027
294_AMMECR1_P1P2_ENSG00000101935,AMMECR1,-0.7872162,0.2824265,0.4606505,0.015493548
2950_FAM89B_P1P2_ENSG00000176973,FAM89B,0.15514569,0.62429714,-0.0752615,0.3190356
2951_FAM8A1_P1P2_ENSG00000137414,FAM8A1,-0.40332592,-0.29219243,-0.010949736,-0.23216876
2952_FAM91A1_P1P2_ENSG00000176853,FAM91A1,0.6610942,-0.28539056,-0.31274235,-0.40514335
2953_FAM92A_P1P2_ENSG00000188343,FAM92A,-0.47725615,0.1483258,-0.2261883,-0.07168259
2954_CIAO2A_P1P2_ENSG00000166797,CIAO2A,-0.70635873,-0.070810094,0.084632255,-0.43952507
2955_CIAO2B_P1P2_ENSG00000166595,CIAO2B,-0.23358281,0.09745006,-0.24493772,-0.14531998
2956_FAM98A_P1P2_ENSG00000119812,FAM98A,-0.5264616,-0.32462233,-0.47787738,-0.018397193
2957_FAM98B_P1P2_ENSG00000171262,FAM98B,1.6668423,0.25609472,-1.231407,0.53052455
2958_FAM98C_P1P2_ENSG00000130244,FAM98C,-0.14569867,0.020388974,-0.31551725,0.07252417
2959_FAN1_P1P2_ENSG00000198690,FAN1,-0.07135943,-0.38278672,0.14198099,-0.8327005
295_AMN1_P1P2_ENSG00000151743,AMN1,-0.32667056,0.20808725,0.11091744,0.42480874
2960_FANCA_P1P2_ENSG00000187741,FANCA,0.16765311,-0.12115917,0.70346946,-0.8595342
2961_FANCB_P1P2_ENSG00000181544,FANCB,-0.2714697,-0.75405985,0.87343735,-0.16603647
2962_FANCD2_P1P2_ENSG00000144554,FANCD2,-0.254838,0.22711761,0.13680904,-0.91175514
2963_FANCE_P1P2_ENSG00000112039,FANCE,0.22451599,0.13159108,-0.19700433,-0.32002178
2964_FANCF_P1P2_ENSG00000183161,FANCF,0.28135353,-0.33199883,0.36836785,-0.54984295
2965_FANCG_P1P2_ENSG00000221829,FANCG,0.017910082,0.35820842,0.46406692,0.28978294
2967_FANCL_P1P2_ENSG00000115392,FANCL,-0.15907867,-0.7661932,-0.011885237,-0.2638234
2968_FANCM_P1P2_ENSG00000187790,FANCM,0.033187687,0.5200118,0.08543511,-0.024516983
2969_FAR1_P1P2_ENSG00000197601,FAR1,-0.16267803,0.20611869,0.8198416,0.145156
296_AMOTL1_P1P2_ENSG00000166025,AMOTL1,-0.028140862,-0.7035802,-0.52573305,-0.8700379
2970_FAR2_P1P2_ENSG00000064763,FAR2,-0.4913742,0.4735659,-0.7564617,-0.109077215
2971_FARP2_P1P2_ENSG00000006607,FARP2,-0.37872794,-0.06762623,-0.016084705,-0.9438092
2972_FARS2_P1P2_ENSG00000145982,FARS2,0.8129493,-0.58386266,-0.2492703,-0.65967274
2973_FARSA_P1P2_ENSG00000179115,FARSA,8.310528,1.7750536,-2.8728611,1.8451235
2974_FARSB_P1P2_ENSG00000116120,FARSB,6.775139,1.3587071,-1.7896802,2.077515
2975_FASN_P1P2_ENSG00000169710,FASN,-0.07055395,-0.59437704,2.4019227,0.47734165
2976_FASTKD1_P1P2_ENSG00000138399,FASTKD1,-0.18028142,-0.3447877,0.46071407,-0.856147
2978_FASTKD3_P1P2_ENSG00000124279,FASTKD3,0.018862028,-0.2615255,-0.3503927,-0.8256303
2979_FASTKD5_P1P2_ENSG00000215251,FASTKD5,0.019585244,-0.6744186,-0.0032279894,-0.09271898
297_AMPD2_P2_ENSG00000116337,AMPD2,-0.04205347,-0.35683385,-0.38516077,0.09621373
2980_FASTK_P1P2_ENSG00000164896,FASTK,0.09778455,0.8767519,-1.2634362,3.1242936
2981_FAT1_P2_ENSG00000083857,FAT1,-0.02563185,0.28883913,-1.1635792,-0.1865305
2982_FAT1_P1_ENSG00000083857,FAT1,-0.5106416,-0.4780049,0.022184977,-0.29696143
2983_FAU_P1P2_ENSG00000149806,FAU,-0.092951044,0.7059993,0.24745926,-0.076735176
2984_FAXDC2_P1_ENSG00000170271,FAXDC2,0.11875999,-0.4791875,-0.31386453,-0.33202657
2985_FAXDC2_P2_ENSG00000170271,FAXDC2,0.18129747,-0.24678764,0.11804408,-0.14616136
2986_FBF1_P1P2_ENSG00000188878,FBF1,-0.11466094,-0.23740707,-0.42964202,-0.079012156
2987_FBLIM1_P1P2_ENSG00000162458,FBLIM1,0.2920914,-0.16737051,-0.19385004,-0.2624571
2988_FBL_P1P2_ENSG00000105202,FBL,1.2242373,-0.9697966,1.0997486,1.7414719
2989_FBRSL1_P1P2_ENSG00000112787,FBRSL1,0.34550285,0.4505309,-0.8363613,1.7211777
298_AMPD2_P1_ENSG00000116337,AMPD2,-0.2769833,0.34288642,-0.30245924,-0.092641674
2990_FBRS_P1P2_ENSG00000156860,FBRS,-1.2174022,-1.3417634,4.262243,-0.5289974
2991_FBXL12_P1P2_ENSG00000127452,FBXL12,-0.51949334,-0.22864665,0.3125024,-0.17837314
2992_FBXL13_P1P2_ENSG00000161040,FBXL13,0.10526892,0.27097425,-0.89538324,0.37142062
2993_FBXL14_P1P2_ENSG00000171823,FBXL14,0.123843245,0.3090292,0.6448655,-0.17286423
2994_FBXL15_P1P2_ENSG00000107872,FBXL15,0.028287359,0.9521378,-1.098758,-0.8112852
2995_FBXL19_P1P2_ENSG00000099364,FBXL19,-0.29785946,-0.1632687,0.41430327,-0.17566916
2996_FBXL20_P1P2_ENSG00000108306,FBXL20,0.6970668,-0.39943743,-0.30642918,-0.16415086
2997_FBXL3_P1P2_ENSG00000005812,FBXL3,0.06408526,0.6491472,-0.50824636,0.41834617
2998_FBXL4_P1P2_ENSG00000112234,FBXL4,0.5224182,0.53982365,-0.061570976,-0.052096162
2999_FBXL5_P1_ENSG00000118564,FBXL5,-0.42410862,-0.40523896,0.2763815,-0.47323975
299_AMPD3_P1P2_ENSG00000133805,AMPD3,-1.0013033,0.39228466,0.07203369,-0.4780371
29_ABCC5_P1P2_ENSG00000114770,ABCC5,-0.5642836,-0.24308693,-0.2702709,0.30356896
2_AAAS_P1P2_ENSG00000094914,AAAS,0.31426403,-0.53493166,-0.30824292,-0.17421399
3000_FBXL5_P2_ENSG00000118564,FBXL5,-0.31569928,-0.13852753,-0.24093981,0.42350835
3002_FBXL8_P1P2_ENSG00000135722,FBXL8,0.38032052,0.24664935,-0.58051074,-0.122346096
3003_FBXO11_P1P2_ENSG00000138081,FBXO11,-0.67928976,0.11752913,-0.15852585,0.53773636
3004_FBXO17_P1_ENSG00000269190,FBXO17,0.56500363,-0.18435219,-1.5307465,-0.24162264
3005_FBXO17_P2_ENSG00000269190,FBXO17,0.0903768,0.628975,-0.5386704,0.7908009
3006_FBH1_P1P2_ENSG00000134452,FBH1,0.17355117,0.48618692,-0.27059,-0.12866952
3007_FBXO21_P1P2_ENSG00000135108,FBXO21,0.09731736,0.37280157,-1.1646593,0.25441346
3008_FBXO22_P1P2_ENSG00000167196,FBXO22,-0.08985236,-0.5078922,-0.31114545,-0.95733947
3009_FBXO25_P1P2_ENSG00000147364,FBXO25,-0.030185385,-0.4804623,-0.521858,-0.8848192
300_AMZ2_P1P2_ENSG00000196704,AMZ2,-0.44718856,-0.2652156,-0.539472,0.39119667
3010_FBXO27_P1P2_ENSG00000161243,FBXO27,-0.288183,0.11754911,0.53500146,-0.834643
3011_FBXO28_P1P2_ENSG00000143756,FBXO28,2.687097,-0.8171099,-1.1632249,-0.7814427
3012_FBXO31_P1_ENSG00000103264,FBXO31,0.3956152,-0.8680983,0.34666473,0.005049992
3013_FBXO31_P2_ENSG00000103264,FBXO31,-0.19609702,-0.5278624,-0.7057961,-0.17422767
3014_FBXO33_P1P2_ENSG00000165355,FBXO33,0.15332894,0.3117867,-0.5884633,0.34814453
3015_FBXO34_P1P2_ENSG00000178974,FBXO34,0.040213957,0.54019535,-0.0009667048,-0.16592191
3016_FBXO38_P1P2_ENSG00000145868,FBXO38,-0.010997202,-0.7997413,-0.24897228,-0.2433556
3017_FBXO3_P2_ENSG00000110429,FBXO3,0.091292396,0.19981919,0.33777744,-0.23612754
3018_FBXO3_P1_ENSG00000110429,FBXO3,-0.100105375,-0.5242664,0.07416067,-0.46063554
3019_FBXO41_P1P2_ENSG00000163013,FBXO41,-0.27542737,0.2983626,0.4724619,0.42135015
3021_FBXO42_P1P2_ENSG00000037637,FBXO42,-0.7617766,0.5719865,1.0380697,-0.73892874
3023_FBXO44_P1P2_ENSG00000132879,FBXO44,-0.023188142,0.1661344,-0.1588105,-0.09262646
3024_FBXO45_P1P2_ENSG00000174013,FBXO45,0.49798137,0.9992701,-0.7408994,0.4969453
3025_FBXO46_P1P2_ENSG00000177051,FBXO46,-0.1182326,-0.6703002,0.03949485,-0.39539972
3026_FBXO4_P1P2_ENSG00000151876,FBXO4,-0.20305502,-0.37159276,0.16181687,-0.20881198
3027_FBXO5_P1P2_ENSG00000112029,FBXO5,-0.38035315,-0.28343543,1.155987,-0.29517388
3028_FBXO6_P1P2_ENSG00000116663,FBXO6,-0.42442107,-0.7047047,0.2262549,-1.1924788
3029_FBXO7_P1P2_ENSG00000100225,FBXO7,0.78722775,0.026457021,-0.44841382,0.15120882
302_ANAPC11_P1P2_ENSG00000141552,ANAPC11,-0.086279035,0.3237817,0.10767397,-0.005965781
3030_FBXO8_P2_ENSG00000164117,FBXO8,-1.4664644,-0.34613204,-0.32126054,0.002572652
3031_FBXO8_P1_ENSG00000164117,FBXO8,0.14094701,-0.60294396,-0.8305696,0.27051002
3032_FBXO9_P1P2_ENSG00000112146,FBXO9,-0.23420417,-0.3582311,-0.1239603,-0.5295888
3033_FBXW11_P1P2_ENSG00000072803,FBXW11,0.19096895,-0.32938525,0.2940226,-0.0156983
3034_FBXW2_P1P2_ENSG00000119402,FBXW2,0.01364038,-0.2878296,-0.5722561,-0.33178347
3035_FBXW4_P1P2_ENSG00000107829,FBXW4,-0.05439124,0.021627013,0.013550414,-0.055336427
3036_FBXW5_P1P2_ENSG00000159069,FBXW5,0.10039134,-0.37767455,-0.38113105,0.022943744
3037_FBXW7_ENST00000603841.1_ENSG00000109670,FBXW7,0.10714354,0.060121026,-0.07742659,0.028923625
3038_FBXW7_ENST00000281708.4_ENSG00000109670,FBXW7,-1.0142833,-0.93682843,-0.92577225,-1.448858
3039_FBXW7_ENST00000603548.1_ENSG00000109670,FBXW7,-0.40534708,0.2126079,-0.8983164,-1.0661721
303_ANAPC13_P1P2_ENSG00000129055,ANAPC13,-0.15645719,-0.33715338,0.0785991,-0.6318498
3040_FBXW9_P1P2_ENSG00000132004,FBXW9,-1.0773888,-0.579049,-0.8669566,-0.50180656
3041_FCER1G_P1P2_ENSG00000158869,FCER1G,-0.43921983,-0.49293765,0.52555245,-0.6064437
3042_FCF1_P1P2_ENSG00000119616,FCF1,-0.5939415,0.11809128,1.3302419,-0.29866424
3043_FCGR2A_P1P2_ENSG00000143226,FCGR2A,-0.3944296,0.21906264,-0.6324756,-0.6415475
3044_FCGR2C_ENST00000543859.1_nan,FCGR2C,-0.11951688,-0.4017027,-0.082230106,0.33518574
3045_FCGRT_P1P2_ENSG00000104870,FCGRT,-0.08150521,0.32799396,-0.03797588,0.25044814
3046_FCHO1_P1P2_ENSG00000130475,FCHO1,-0.48869067,-0.10907595,-0.18268783,-0.20352311
3047_FCHSD1_P1P2_ENSG00000197948,FCHSD1,0.46272022,-0.7826762,-0.3953358,0.20023814
3048_FDFT1_P1_ENSG00000079459,FDFT1,-0.5744739,-0.016404469,1.7526044,0.27164337
3049_FDFT1_P2_ENSG00000079459,FDFT1,-0.14331034,-0.6639301,-0.31948507,-0.43170452
304_ANAPC15_P1P2_ENSG00000110200,ANAPC15,-0.2268491,-0.34586775,-0.03130521,-0.23298626
3051_FDX2_P1P2_ENSG00000267673,FDX2,-0.030601485,-0.68072903,-0.8746625,-0.2872709
3052_FDX1_P1P2_ENSG00000137714,FDX1,-0.15878086,0.401649,-0.7250949,-0.5841481
3053_FDXR_P1P2_ENSG00000161513,FDXR,-0.42018434,-0.46439543,-0.1798896,-0.3982451
3055_FEM1A_P1P2_ENSG00000141965,FEM1A,0.18724586,0.122422755,-0.8787874,-0.53532255
3056_FEM1B_P1P2_ENSG00000169018,FEM1B,-0.6552721,-0.67876714,-0.24581642,-0.0019706262
3057_FEN1_P1P2_ENSG00000168496,FEN1,-0.25593942,0.008695405,0.7016934,-0.1071453
3058_FERD3L_P1P2_ENSG00000146618,FERD3L,-0.5475538,-0.4006859,-0.1558527,-0.44739038
3059_FERMT2_P1P2_ENSG00000073712,FERMT2,-0.4782469,-0.15400179,-0.15113051,-0.39008933
305_ANAPC16_P1P2_ENSG00000166295,ANAPC16,0.32802168,-0.027743427,-0.35281456,-0.43152404
3060_FERMT3_P2_ENSG00000149781,FERMT3,0.2485261,0.26534846,-0.36136398,-0.64858615
3061_FERMT3_P1_ENSG00000149781,FERMT3,-0.80159354,-0.90282637,-0.17498872,-0.18815899
3062_FES_P1P2_ENSG00000182511,FES,-1.0387672,0.9877527,-0.641682,-0.18652372
3063_FEV_P1P2_ENSG00000163497,FEV,0.3332896,0.049894646,-0.09839115,-0.42940012
3064_FEZ1_P1P2_ENSG00000149557,FEZ1,-0.31956887,-0.43448767,-0.2839082,-0.26943222
3065_FEZ2_P1P2_ENSG00000171055,FEZ2,-0.2025721,-0.121491455,-0.27454966,-0.1884051
3066_FEZF1_P1P2_ENSG00000128610,FEZF1,-0.2285021,-0.35479093,0.16721964,-0.33352935
3067_FEZF2_P1P2_ENSG00000153266,FEZF2,0.87644225,-0.42483127,-0.47047362,-0.100850426
3068_FGD6_P1P2_ENSG00000180263,FGD6,-0.3763991,-0.33492124,-0.27837336,-0.31586292
3069_FGF13_ENST00000315930.6_ENSG00000129682,FGF13,-0.81902534,0.1918053,0.16794388,-0.14509287
306_ANAPC1_P1P2_ENSG00000153107,ANAPC1,-1.1211886,1.5020864,0.87696093,-0.8937671
3070_FGF2_P1P2_ENSG00000138685,FGF2,0.25334132,-0.5521066,-0.20844552,-0.43252563
3071_FGFR1OP2_P1P2_ENSG00000111790,FGFR1OP2,-0.051606905,0.139294,0.29872033,-0.54434603
3072_FGFR1OP_P1P2_ENSG00000213066,FGFR1OP,0.48462373,-0.96458286,-0.69337803,1.6880783
3073_FGFR1_P1P2_ENSG00000077782,FGFR1,-0.43596774,-0.34940192,0.43934068,-1.2702937
3074_FGFR3_P1P2_ENSG00000068078,FGFR3,0.2382883,-0.1304576,-0.3684187,0.0013383327
3075_FGFR4_P1P2_ENSG00000160867,FGFR4,-0.4020782,-0.5101916,-0.2017137,-0.43106425
3076_FGFRL1_P1P2_ENSG00000127418,FGFRL1,-0.45264474,0.00057709694,0.15705523,0.080577746
3077_FGGY_P1P2_ENSG00000172456,FGGY,-0.10651533,-0.25273958,-0.35044768,-0.15870148
3078_FHIT_P1P2_ENSG00000189283,FHIT,0.31636545,-0.0047295857,-0.1733355,-0.23303244
3079_FHL2_P1P2_ENSG00000115641,FHL2,0.02922983,-0.10370226,-0.1813879,-0.8098944
307_ANAPC2_P1P2_ENSG00000176248,ANAPC2,-0.22863488,0.91931117,0.20852627,0.2327975
3080_FHL3_P1P2_ENSG00000183386,FHL3,-0.0024451057,-0.44470546,-0.04624979,-0.09618226
3081_FHOD1_P1P2_ENSG00000135723,FHOD1,-0.48140442,-0.36906758,0.48170826,-0.116510056
3082_FH_P1P2_ENSG00000091483,FH,0.667146,-0.43618023,-0.8922759,0.06290356
3083_FIBP_P1P2_ENSG00000172500,FIBP,-0.032160904,-0.024929093,-0.72973615,0.1476852
3084_FIGLA_P1P2_ENSG00000183733,FIGLA,-0.4449505,-0.39552274,1.5567077,-0.6027608
3085_FIGNL1_P1P2_ENSG00000132436,FIGNL1,-0.31147403,-0.16164103,-0.5485788,-0.5534398
3087_FIS1_P1_ENSG00000214253,FIS1,0.9584222,-0.16498178,0.038811583,0.5531302
3088_FIS1_P2_ENSG00000214253,FIS1,0.12690498,0.30948815,-1.0135524,0.14512189
3089_FIZ1_P1P2_ENSG00000179943,FIZ1,0.8866697,1.0382411,-1.1513579,1.4709734
3090_FJX1_P1P2_ENSG00000179431,FJX1,-0.17992371,0.06344842,-0.56768495,0.013709296
3091_FKBP11_P1P2_ENSG00000134285,FKBP11,-0.43990684,-0.76095295,-0.45928657,-0.65651405
3092_FKBP14_P1P2_ENSG00000106080,FKBP14,-0.15055314,0.22371131,-0.3736397,-0.024813171
3093_FKBP15_P1P2_ENSG00000119321,FKBP15,0.19712682,-0.68493086,-0.4157995,-0.19897294
3094_FKBP1A_P1P2_ENSG00000088832,FKBP1A,-0.637112,-0.7466731,0.33449212,-0.97365224
3095_FKBP1B_P1P2_ENSG00000119782,FKBP1B,0.02617548,0.4991843,-1.0457598,0.25333598
3096_FKBP2_P1P2_ENSG00000173486,FKBP2,-0.09843203,-0.41485685,-0.16728024,-0.017102998
3097_FKBP3_P1P2_ENSG00000100442,FKBP3,-0.1819078,0.43866247,-0.15643859,0.16370189
3098_FKBP4_P1P2_ENSG00000004478,FKBP4,-0.3552362,-0.5736373,-0.7078377,-0.40728322
3099_FKBP5_P1P2_ENSG00000096060,FKBP5,0.3831014,0.20296784,-0.12906706,-0.6795107
309_ANAPC5_P1P2_ENSG00000089053,ANAPC5,0.15165609,-0.54438865,1.2926494,-0.8627542
30_ABCD3_P1P2_ENSG00000117528,ABCD3,-0.3156614,-0.28365272,-0.04882645,-0.16089763
3100_FKBP7_P1P2_ENSG00000079150,FKBP7,-0.32783976,-0.37787622,-0.44798818,-0.15651123
3101_FKBP8_P1P2_ENSG00000105701,FKBP8,1.0659275,0.5901196,0.15421487,0.8010632
3102_FKBP9_P1P2_ENSG00000122642,FKBP9,-0.7885894,-0.8979923,2.7653942,-1.0680947
3103_FKBPL_P1P2_ENSG00000204315,FKBPL,0.4228485,-0.7196721,-0.9333275,-0.76508784
3104_FKRP_P1P2_ENSG00000181027,FKRP,0.57794106,-0.3558597,-0.7299045,-0.21608579
3105_FLAD1_P1P2_ENSG00000160688,FLAD1,1.0286815,-0.56678617,-0.06796576,0.44435108
3106_FLCN_P1P2_ENSG00000154803,FLCN,1.1303704,-0.47063982,-0.78891915,0.43514475
3107_FLI1_P1P2_ENSG00000151702,FLI1,0.03890314,-0.09802361,0.16265321,-0.6166111
3108_FLII_P1P2_ENSG00000177731,FLII,-0.28919482,-0.23373096,0.75813365,-1.3915185
3109_FLNA_P1P2_ENSG00000196924,FLNA,0.12866914,-0.39929834,-0.33872825,-0.0678421
310_ANAPC7_P1P2_ENSG00000196510,ANAPC7,-0.49168187,-0.43272704,-0.45739174,0.28409672
3110_FLNB_P1P2_ENSG00000136068,FLNB,0.7642469,0.5743003,-0.016313927,-0.17395392
3111_FLNC_P1P2_ENSG00000128591,FLNC,-0.16772316,-0.30162612,0.40613565,0.015553107
3112_FLOT1_P1P2_ENSG00000137312,FLOT1,0.2035172,0.3809267,-0.33381888,0.44272265
3113_FLOT2_P1P2_ENSG00000132589,FLOT2,-0.006398177,0.15015957,0.123604715,0.1539653
3114_FLVCR1_P1P2_ENSG00000162769,FLVCR1,1.0764879,1.312508,0.0019466194,1.1195514
3115_FLYWCH1_P1P2_ENSG00000059122,FLYWCH1,-0.082915984,0.20917189,0.8091677,0.45475632
3116_FLYWCH2_P1P2_ENSG00000162076,FLYWCH2,-0.347286,-0.044734847,0.23566411,-0.47586313
3117_FMNL1_P1P2_ENSG00000184922,FMNL1,-0.10706847,-0.68953186,-0.14390649,-0.13591705
3118_FMNL3_P1P2_ENSG00000161791,FMNL3,0.57405555,-0.36170232,-0.20977019,-0.20992032
3119_FMR1NB_P1P2_ENSG00000176988,FMR1NB,-0.18473233,-0.056568768,-0.36574557,-0.18988985
311_ANGEL2_P1P2_ENSG00000174606,ANGEL2,-0.1831835,0.38958612,-0.20637621,-0.21303296
3120_FMR1_P1P2_ENSG00000102081,FMR1,0.38531968,-0.42356387,-0.82331747,0.03696603
3121_FN1_P1P2_ENSG00000115414,FN1,-0.5865832,0.15331699,1.0897682,-0.48138976
3122_FN3KRP_P1P2_ENSG00000141560,FN3KRP,-0.031051178,-0.30249217,-1.0982021,-0.73612386
3123_FNBP1_P1P2_ENSG00000187239,FNBP1,2.6638434,2.2560518,-0.6192263,1.296025
3124_FNBP4_P1P2_ENSG00000109920,FNBP4,0.60041237,0.19656368,-0.30531207,0.12071696
3125_FNDC3A_ENST00000541916.1_ENSG00000102531,FNDC3A,0.24329256,-0.68090034,-0.4457036,0.12925717
3126_FNDC3A_ENST00000492622.2_ENSG00000102531,FNDC3A,-0.3641117,-0.030888006,-1.0132682,-0.22916116
3127_FNDC3B_P1P2_ENSG00000075420,FNDC3B,-0.4550962,-0.23190081,0.11460114,-0.35142708
3128_FNDC4_P1P2_ENSG00000115226,FNDC4,-0.0112314625,0.027711023,-0.053513397,-0.16979846
3129_FNIP1_P1P2_ENSG00000217128,FNIP1,0.32787368,-0.9781953,-0.53460526,0.35327914
312_ANGPT1_P1P2_ENSG00000154188,ANGPT1,0.11110458,-0.64803183,-0.41837475,-0.57241917
3130_FNIP2_P1P2_ENSG00000052795,FNIP2,0.21397671,-0.45492214,-0.22255628,-0.42233837
3131_FNTA_P1P2_ENSG00000168522,FNTA,-0.2605905,-0.54919976,1.3529644,-1.151787
3133_FOLR3_P1_ENSG00000110203,FOLR3,-0.27428347,-0.078865394,-0.42257395,-0.084508985
3134_FOLR3_P2_ENSG00000110203,FOLR3,0.09229022,0.7339705,6.5446057,1.6841992
3135_FOPNL_P1P2_ENSG00000133393,FOPNL,-0.24093463,-0.17930785,0.12976335,-0.5734576
3136_FOSB_P1_ENSG00000125740,FOSB,-0.31373388,-0.72524303,-0.34859398,-0.61890566
3137_FOSB_P2_ENSG00000125740,FOSB,-0.29972804,-0.8316322,-0.29945105,-0.9145746
3138_FOSL1_P1P2_ENSG00000175592,FOSL1,-0.65890765,-0.42677405,0.16039662,-1.1680782
3139_FOSL2_P1P2_ENSG00000075426,FOSL2,-0.15357728,-1.1548673,0.35615522,-0.22613183
313_ANHX_P1P2_ENSG00000227059,ANHX,-0.15566206,-0.23825587,-0.32382548,-0.18593343
3140_FOS_P1_ENSG00000170345,FOS,0.13914497,-0.0062204087,0.43549117,0.14250354
3141_FOS_P2_ENSG00000170345,FOS,0.46678892,0.0701019,-0.63842523,0.10341762
3142_FOXA1_P1P2_ENSG00000129514,FOXA1,-0.39980167,-0.85899657,0.8095348,-0.26688793
3143_FOXA2_P1P2_ENSG00000125798,FOXA2,0.022170873,-0.71594244,-0.06883584,-0.76870835
3144_FOXA3_P1P2_ENSG00000170608,FOXA3,-0.4802207,-0.439868,0.20026289,-0.5427158
3145_FOXB1_P1P2_ENSG00000171956,FOXB1,-0.4229616,-0.20895046,-0.16281049,-0.044840664
3147_FOXC1_P1P2_ENSG00000054598,FOXC1,-0.5116005,0.42293787,-0.14665608,0.16104133
3148_FOXC2_P1P2_ENSG00000176692,FOXC2,-0.08442244,0.39911366,-0.84905565,-0.111417234
3149_FOXD1_P1P2_ENSG00000251493,FOXD1,-0.13867612,-0.97693056,0.695308,-0.11270849
314_ANK1_P1P2_ENSG00000029534,ANK1,0.023021258,-0.53396654,0.017708104,-0.14020248
3150_FOXD2_P1P2_ENSG00000186564,FOXD2,-0.43696484,0.553762,-0.05279714,0.31106848
3151_FOXD3_P1_ENSG00000187140,FOXD3,0.028938122,0.14958943,0.32532236,0.09032497
3152_FOXD3_P2_ENSG00000187140,FOXD3,-0.36799175,0.08165813,-0.44480225,0.23592347
3153_FOXD4L1_ENST00000306507.5_ENSG00000184492,FOXD4L1,-0.029212039,0.61058474,-0.52466035,1.1748446
3154_FOXD4_ENST00000382500.2_ENSG00000170122,FOXD4,-0.76269495,0.123579785,0.09279549,-0.4735384
3155_FOXE1_P1P2_ENSG00000178919,FOXE1,-0.3633643,0.24658065,0.09165259,-0.84605175
3156_FOXE3_P1P2_ENSG00000186790,FOXE3,0.41786677,-0.14769506,0.05601214,-0.49858144
3157_FOXF1_P1P2_ENSG00000103241,FOXF1,-0.10909459,-0.98679376,-0.573576,-0.5043218
3158_FOXF2_P1P2_ENSG00000137273,FOXF2,0.51719373,-0.3306063,-0.88865113,0.6509186
3159_FOXG1_P1P2_ENSG00000176165,FOXG1,0.7971633,1.3983814,-1.292312,0.23437344
315_ANK3_P1P2_ENSG00000151150,ANK3,-0.6646898,-1.2792132,0.3383034,-0.15782753
3160_FOXH1_P1P2_ENSG00000160973,FOXH1,-0.08731454,-0.41041926,-0.62922853,-0.01629645
3161_FOXI1_P1P2_ENSG00000168269,FOXI1,-0.04839093,-0.30444944,-0.13705747,-0.20148727
3162_FOXI2_P1P2_ENSG00000186766,FOXI2,-0.7416296,-0.36830118,-0.59145224,-0.33022642
3163_FOXI3_P1P2_ENSG00000214336,FOXI3,0.35878018,-0.5763227,-0.63049126,0.6045249
3164_FOXJ1_P1P2_ENSG00000129654,FOXJ1,-0.01938673,-0.07003918,-0.1187586,0.012181487
3165_FOXJ2_P1P2_ENSG00000065970,FOXJ2,-0.32463497,-0.1520369,-0.38469863,-0.991914
3166_FOXJ3_P1P2_ENSG00000198815,FOXJ3,-0.48590282,0.3414866,-0.49586642,0.36229736
3167_FOXK1_P1P2_ENSG00000164916,FOXK1,-0.19893791,0.32540292,-0.04595872,-0.8403513
3168_FOXK2_P1P2_ENSG00000141568,FOXK2,-0.26278952,0.40654182,-0.17486677,0.2976805
3169_FOXL1_P1P2_ENSG00000176678,FOXL1,-0.6857803,-0.6530506,-0.34310168,-0.11255782
316_ANKFY1_P1P2_ENSG00000185722,ANKFY1,-0.1925764,0.101218544,-0.42348057,0.6475001
3170_FOXL2_P1P2_ENSG00000183770,FOXL2,-0.10161483,-0.18865046,0.50726455,-0.7761669
3171_FOXM1_P1P2_ENSG00000111206,FOXM1,-0.18608995,-0.18962203,-0.12283932,-0.45488653
3172_FOXN1_P1P2_ENSG00000109101,FOXN1,0.55751646,-0.3809279,0.43208933,0.25019205
3173_FOXN2_P1P2_ENSG00000170802,FOXN2,-0.6957339,-0.33552486,1.2310646,-0.55671126
3174_FOXN3_P2_ENSG00000053254,FOXN3,-0.48725954,-0.8667523,0.20006615,-0.6025801
3175_FOXN3_P1_ENSG00000053254,FOXN3,-0.55741715,0.5170838,-0.22017637,-0.52752316
3176_FOXN4_P1P2_ENSG00000139445,FOXN4,-0.8105962,-0.3201119,-0.28158495,-0.17477882
3177_FOXO1_P1P2_ENSG00000150907,FOXO1,2.2628338,0.64568627,-0.018592913,4.8655405
3178_FOXO3_P2_ENSG00000118689,FOXO3,0.32295436,0.20082954,-1.0045491,-0.003574822
3179_FOXO3_P1_ENSG00000118689,FOXO3,-0.15183686,-0.24394093,0.08537116,-0.10241266
317_ANKHD1_P1P2_ENSG00000131503,ANKHD1,-0.36538827,-0.32012424,-1.2138557,0.0141015425
3180_FOXO4_P1P2_ENSG00000184481,FOXO4,-0.2684033,-0.37334794,0.11315663,-0.18649384
3181_FOXO6_P1P2_ENSG00000204060,FOXO6,-0.2792148,0.044042174,0.7431973,-0.23675765
3182_FOXP1_ENST00000493089.1_ENSG00000114861,FOXP1,-0.4576139,-0.5301899,-0.18448922,-0.33887136
3183_FOXP1_ENST00000498215.1_ENSG00000114861,FOXP1,0.15527217,-0.5644856,-0.105219446,-0.08145758
3184_FOXP1_ENST00000475937.1_ENSG00000114861,FOXP1,-0.9257503,-0.62895983,-0.33305898,-0.06499826
3185_FOXP1_ENST00000318789.4_ENSG00000114861,FOXP1,-0.28590915,0.3950583,-0.6366693,-0.5390548
3186_FOXP2_ENST00000393494.2_ENSG00000128573,FOXP2,-0.09759509,-0.732485,-0.17456892,-0.43564707
3187_FOXP2_ENST00000350908.4_ENSG00000128573,FOXP2,0.08267354,0.08623742,-0.46814618,0.40674555
3188_FOXP3_P1P2_ENSG00000049768,FOXP3,0.0169692,0.038565062,-0.14725147,0.15833771
3189_FOXP4_P1P2_ENSG00000137166,FOXP4,-0.15683459,-0.3146768,-0.37492514,-0.075537875
318_ANKIB1_P1P2_ENSG00000001629,ANKIB1,0.2521082,-0.54217154,0.092914164,0.013424565
3190_FOXQ1_P1P2_ENSG00000164379,FOXQ1,-0.66673094,-0.2397965,0.06828258,0.18880643
3191_FOXR1_P1P2_ENSG00000176302,FOXR1,0.40976045,-0.5584897,0.16645157,-0.13669492
3192_FOXR2_ENST00000339140.3_ENSG00000189299,FOXR2,-0.26293322,-0.29338884,0.47050947,0.19886483
3193_FOXRED1_P1P2_ENSG00000110074,FOXRED1,-0.00024256745,-0.52774864,-0.3016557,-0.43497467
3194_FOXRED2_P1P2_ENSG00000100350,FOXRED2,-0.028882956,-0.4047948,-0.019875696,0.17421365
3195_FOXS1_P1P2_ENSG00000179772,FOXS1,-0.74572575,-0.74654067,4.3114767,-1.4571478
3196_FPGS_P1P2_ENSG00000136877,FPGS,-0.19051532,0.4346663,-0.8014632,-0.91018194
3197_FPGT_P1P2_ENSG00000254685,FPGT,-0.35545048,-0.5790425,0.3478049,-0.72695863
3198_FRA10AC1_P1P2_ENSG00000148690,FRA10AC1,-1.2305471,0.38484454,-0.30210865,-0.008095529
3199_FRAT2_P1P2_ENSG00000181274,FRAT2,-0.15282217,-0.5575433,-0.094730206,-0.3604135
319_ANKLE1_P1P2_ENSG00000160117,ANKLE1,-0.13437437,0.09801131,-0.00976723,-0.1604458
31_ABCD4_P1P2_ENSG00000119688,ABCD4,-0.7669182,0.058935028,0.26994377,-0.22802296
3200_FRG1_P1P2_ENSG00000109536,FRG1,0.26268893,-1.0002365,0.22698353,-0.11035354
"3201_FRG2_ENST00000378763.1,ENST00000504750.1_ENSG00000205097",FRG2,-0.41036963,0.48867413,-0.5507945,0.05699737
3202_FRMD8_P1P2_ENSG00000126391,FRMD8,-0.40578204,-0.17729145,-0.13109069,-1.0129372
3203_FRRS1_P1P2_ENSG00000156869,FRRS1,-0.121468805,0.1036487,-0.7412247,0.5180171
3204_FRYL_P1P2_ENSG00000075539,FRYL,-0.27252945,-0.44937655,0.20833817,-0.39368367
3205_FSCN1_P1_ENSG00000075618,FSCN1,0.14164867,-0.18276867,-0.3400978,-0.2769308
3206_FSCN1_P2_ENSG00000075618,FSCN1,-0.640878,-0.0815162,-0.35902315,-0.38238683
3207_FSTL3_P1_ENSG00000070404,FSTL3,-0.03263182,-0.22859573,-0.11941961,-0.018623052
3208_FSTL3_P2_ENSG00000070404,FSTL3,0.12634934,-0.40817678,-0.47845447,-0.14203593
3209_FTH1_P1P2_ENSG00000167996,FTH1,-0.21224481,0.16816768,-0.4464284,-0.014101514
320_ANKLE2_P1P2_ENSG00000176915,ANKLE2,-0.91538596,-0.013469184,0.0650697,-0.9253606
3210_FTL_P1P2_ENSG00000087086,FTL,0.82112324,-0.28852078,-0.685465,-0.8242403
3211_FTO_P1P2_ENSG00000140718,FTO,0.14721358,-0.25671116,-0.41863632,0.2622583
3212_FTSJ1_P1P2_ENSG00000068438,FTSJ1,0.1319159,0.33742028,-0.52948,0.0057398058
3213_MRM2_P1P2_ENSG00000122687,MRM2,0.27781272,-0.35047576,-0.39990866,0.21811289
3214_FTSJ3_P1P2_ENSG00000108592,FTSJ3,0.92728055,-1.0443692,2.6846552,2.342373
3215_FUBP1_P1P2_ENSG00000162613,FUBP1,-0.26790935,-0.21785273,1.2069534,1.9070643
3216_FUBP3_P1P2_ENSG00000107164,FUBP3,-0.06553225,-0.19650315,0.7857799,-0.40071777
3217_FUCA1_P1P2_ENSG00000179163,FUCA1,-0.03919516,-0.9111943,-0.067297325,-0.5857611
3218_FUCA2_P1P2_ENSG00000001036,FUCA2,0.0025610488,0.48882413,-0.41976023,0.4095393
3219_FUNDC1_P1P2_ENSG00000069509,FUNDC1,-0.12045383,0.034484163,-0.13709381,0.6321765
321_ANKMY1_P1P2_ENSG00000144504,ANKMY1,-0.41614547,-0.07012991,-0.035335362,-0.3226842
3220_FUNDC2_P1P2_ENSG00000165775,FUNDC2,-2.0390782,-3.406502,-1.8559824,0.64509004
3221_FUOM_P1P2_ENSG00000148803,FUOM,-0.24485493,-0.7302749,-0.11344115,-0.6793775
3222_FURIN_P1_ENSG00000140564,FURIN,0.3219391,0.009694837,-0.09393433,-0.51726645
3223_FURIN_P2_ENSG00000140564,FURIN,0.05059405,0.45043278,-0.87931424,0.3312209
3224_FUS_P1P2_ENSG00000089280,FUS,-0.37764737,-0.2384149,-0.15166765,-0.92497456
3225_FUT10_P1P2_ENSG00000172728,FUT10,-0.546079,-0.60029036,-0.06221625,-0.41278258
3226_FUT11_P1P2_ENSG00000196968,FUT11,-0.42216882,2.7973723,-1.2311155,-0.15652263
3227_FUT1_P1P2_ENSG00000174951,FUT1,0.5616013,0.22720793,-0.7392532,-0.3763285
3228_FUT8_P1P2_ENSG00000033170,FUT8,-0.58601326,0.024089564,-0.06252275,-0.17061652
3229_FXN_P1P2_ENSG00000165060,FXN,1.1307199,0.43616247,-0.40523112,0.73381436
322_ANKMY2_P1P2_ENSG00000106524,ANKMY2,-0.05245397,-0.4684297,0.17277752,-0.21458772
3230_FXR1_P1P2_ENSG00000114416,FXR1,0.10222143,0.11942465,-0.03789086,0.077612355
3231_FXR2_P1P2_ENSG00000129245,FXR2,-0.0323819,-0.3994024,-0.047285717,-0.77622896
3232_FXYD5_P1P2_ENSG00000089327,FXYD5,-0.21474382,-0.22483945,-0.2831453,-0.25949407
3233_FYN_P1P2_ENSG00000010810,FYN,-0.11380562,1.0676196,0.31995928,-0.10126379
3234_FYTTD1_P1P2_ENSG00000122068,FYTTD1,0.039333563,2.3062308,-1.1152095,0.33980083
3235_FZD2_P1P2_ENSG00000180340,FZD2,-0.11315167,-0.45169085,-0.41702878,-0.014607078
3236_FZD3_P1P2_ENSG00000104290,FZD3,-0.6227407,-0.11636481,-0.39823136,0.028934998
3237_FZD5_P1P2_ENSG00000163251,FZD5,0.6411844,0.76633996,-1.2128985,0.92655057
3238_FZR1_P1P2_ENSG00000105325,FZR1,-0.70076233,-0.7964495,-0.67586017,-1.1032095
3239_G0S2_P1P2_ENSG00000123689,G0S2,-0.12613644,-0.20554215,-0.5049777,0.012150127
323_ANKRA2_P1P2_ENSG00000164331,ANKRA2,0.4277682,-0.4912669,-0.79621935,0.4845665
3241_G3BP1_P1P2_ENSG00000145907,G3BP1,-0.19899979,0.5241984,0.80295575,0.96842015
3242_G3BP2_P1P2_ENSG00000138757,G3BP2,-0.035864357,0.10962476,-0.33944237,-0.59243333
3243_G6PC3_P1P2_ENSG00000141349,G6PC3,-0.5426455,-0.87611836,0.33055922,-0.65957963
3244_G6PD_P1P2_ENSG00000160211,G6PD,-0.31109056,-0.056644388,0.18315473,0.024895733
3245_GAA_P1P2_ENSG00000171298,GAA,0.18086842,0.56706035,-0.3580073,-0.10385161
3246_GAB2_P1P2_ENSG00000033327,GAB2,-0.2443632,-1.2627916,10.76922,-2.975712
3247_GAB3_P1P2_ENSG00000160219,GAB3,-0.54377955,-0.39194962,0.47722328,-0.27157676
3248_GABARAPL1_P1P2_ENSG00000139112,GABARAPL1,0.8724678,-0.20855848,-0.5643592,0.78150886
3249_GABARAPL2_P1P2_ENSG00000034713,GABARAPL2,0.4261889,-0.22680517,-0.3235528,-0.43364206
324_ANKRD10_P1P2_ENSG00000088448,ANKRD10,-0.25293642,-0.4249959,0.14447035,-0.15507331
3250_GABARAP_P1P2_ENSG00000170296,GABARAP,-0.69129664,-0.09132283,0.25574136,-0.57505506
3251_GABBR1_P2_ENSG00000204681,GABBR1,0.41898513,0.22234568,-0.7404437,0.09020148
3252_GABBR1_P1_ENSG00000204681,GABBR1,-0.09470671,-0.55592334,0.28078213,-0.4079509
3253_GABPA_P1P2_ENSG00000154727,GABPA,-0.46586275,-0.4424915,0.40906635,-0.99016327
3254_GABPB1_P1P2_ENSG00000104064,GABPB1,-0.6495358,0.53340745,-0.12356232,-0.24110651
3255_GABRE_P1P2_ENSG00000102287,GABRE,-0.3843221,-0.12410668,-0.28956616,-0.19338681
3256_GABRG3_P1P2_ENSG00000182256,GABRG3,0.38791457,-0.8878367,-0.8824397,-0.21294342
3257_GAD1_P1P2_ENSG00000128683,GAD1,-0.32354352,-0.055613324,-0.11298828,-0.40940872
3258_GADD45A_P1P2_ENSG00000116717,GADD45A,0.381735,-0.99893224,0.3551567,-0.6031362
3259_GADD45GIP1_P1P2_ENSG00000179271,GADD45GIP1,-0.2517879,-1.0743929,0.053316347,-0.0995557
325_ANKRD11_P1P2_ENSG00000167522,ANKRD11,0.4850931,-1.2915949,0.012053627,-0.9780988
3260_GAK_P1P2_ENSG00000178950,GAK,-0.10025716,-0.15092368,-0.3483513,-0.44478557
3261_GALC_P1P2_ENSG00000054983,GALC,-0.0066215745,0.24678351,-0.64644146,-0.25921336
3262_GALE_P1P2_ENSG00000117308,GALE,0.14726646,-0.20466684,0.060849387,-0.32754144
3263_GALK1_P1P2_ENSG00000108479,GALK1,-0.24182604,-0.25498658,-1.1205821,-0.07929673
3264_GALK2_P1_ENSG00000156958,GALK2,-0.17546214,-0.6802966,-0.27985176,-0.061960608
3265_GALK2_P2_ENSG00000156958,GALK2,0.45486903,-0.6601688,0.11161023,-0.57229316
3266_GALM_P1P2_ENSG00000143891,GALM,-0.25699985,0.03735947,-0.6550056,0.2751799
3267_GALNT10_P1P2_ENSG00000164574,GALNT10,0.37233925,0.10643179,-0.4225709,-0.14792147
3268_GALNT11_P1P2_ENSG00000178234,GALNT11,-0.67644614,-0.34689483,0.82391644,-0.37049457
3269_GALNT12_P1P2_ENSG00000119514,GALNT12,0.44786194,1.0619723,0.022578072,0.23244663
326_ANKRD12_P1P2_ENSG00000101745,ANKRD12,-0.8083335,-0.4023317,0.41587594,-0.08703753
3270_GALNT1_ENST00000269195.5_ENSG00000141429,GALNT1,-0.08698261,0.12664004,-0.67612505,-0.5634599
3271_GALNT2_P1P2_ENSG00000143641,GALNT2,-0.34725657,-0.41719064,-0.11362945,-0.11513677
3272_GALNT5_P1P2_ENSG00000136542,GALNT5,0.17889775,-0.7628911,0.021556532,-0.4624646
3273_GALNT6_P1P2_ENSG00000139629,GALNT6,-0.29569098,-0.13826299,-0.23050013,-0.27819806
3274_GALNT7_P1P2_ENSG00000109586,GALNT7,0.23139024,-0.7485314,-0.016274191,0.16616943
3275_GALT_P1P2_ENSG00000213930,GALT,0.47423092,-0.1445733,-0.50145245,0.444947
3276_GAL_P1P2_ENSG00000069482,GAL,0.14894208,-0.578198,-0.13049497,0.08740317
3277_GAMT_P1P2_ENSG00000130005,GAMT,-0.40195996,-0.027606748,-0.5518653,-0.6970525
3278_GANAB_P1P2_ENSG00000089597,GANAB,0.251682,2.1419423,-0.101941824,-0.7764835
3279_GANC_P1P2_ENSG00000214013,GANC,-1.0249121,-0.7267516,0.46977085,-0.1556289
327_ANKRD13A_P1P2_ENSG00000076513,ANKRD13A,-0.5813925,-1.0958005,0.14320743,-0.27254128
3280_GAN_P1P2_ENSG00000261609,GAN,-0.2964376,-0.42266032,-0.2970051,-0.21938866
3281_GAPDH_P1_ENSG00000111640,GAPDH,-0.603354,-0.60522664,0.44910377,-0.19778056
3282_GAPDH_P2_ENSG00000111640,GAPDH,0.32975474,-0.3934648,0.75072026,-0.6831067
3283_GAPVD1_P1P2_ENSG00000165219,GAPVD1,-0.529266,0.021093246,0.6780351,-0.87365663
3284_GAR1_P1P2_ENSG00000109534,GAR1,0.014296192,0.08790181,0.65144783,-0.6666721
3285_GARS_P1P2_ENSG00000106105,GARS,0.5014445,0.48599386,-0.5775079,0.70223874
3286_GART_P1P2_ENSG00000159131,GART,-0.57062966,-2.3632727,8.773672,-0.6770641
3287_GAS2L1_P1P2_ENSG00000185340,GAS2L1,-0.20944071,-0.3367683,-0.24699707,-0.3175343
3288_GAS6_P1P2_ENSG00000183087,GAS6,-0.0053972714,-0.3264038,0.33670142,0.208999
3289_GAS8_P1_ENSG00000141013,GAS8,0.4476335,-0.14288767,0.066467665,-0.51852095
328_ANKRD13B_P1P2_ENSG00000198720,ANKRD13B,-0.027966313,-0.29395476,-0.5882158,-0.216751
3290_GAS8_P2_ENSG00000141013,GAS8,-0.0827607,-0.37278116,0.43215868,-0.46242023
3291_GATA1_P1P2_ENSG00000102145,GATA1,1.3261272,1.7964481,-2.597975,17.273994
3292_GATA2_P2_ENSG00000179348,GATA2,-0.94965714,1.0817113,-0.7350163,1.3513781
3293_GATA2_P1_ENSG00000179348,GATA2,-0.15771092,0.32288736,-0.5921609,0.19892548
3294_GATA3_P1P2_ENSG00000107485,GATA3,-0.38842815,-0.8987629,0.389564,-0.14384851
3295_GATA4_P1P2_ENSG00000136574,GATA4,-0.7741937,-0.13479589,0.4950897,-0.9729199
3296_GATA5_P1P2_ENSG00000130700,GATA5,-0.32895702,0.047211573,-0.33343923,-0.46714464
3297_GATA6_P1P2_ENSG00000141448,GATA6,-0.50144243,0.098265186,-0.14702395,-0.66645664
3298_GATAD1_P1P2_ENSG00000157259,GATAD1,-0.033162594,-0.42662963,0.19515909,0.1219424
3299_GATAD2A_P1_ENSG00000167491,GATAD2A,0.23908417,0.47184652,-0.44671294,0.6649432
329_ANKRD13C_P1P2_ENSG00000118454,ANKRD13C,-0.2690355,-0.120273195,-0.47385654,0.46670872
32_ABCE1_P1P2_ENSG00000164163,ABCE1,1.7345821,1.7440208,0.007977178,2.4640896
3300_GATAD2A_P2_ENSG00000167491,GATAD2A,-0.6897309,0.5665967,-0.17930411,0.22619663
3301_GATAD2B_P1P2_ENSG00000143614,GATAD2B,-0.42014867,-0.28254402,0.26373968,-0.104151584
3302_GATC_P1P2_ENSG00000257218,GATC,-0.26708433,-0.4917488,-0.031906147,-0.792815
3303_GBA2_P1P2_ENSG00000070610,GBA2,0.41226187,0.79214627,-0.9720827,2.2350068
3304_NIPSNAP2_P1P2_ENSG00000146729,NIPSNAP2,-0.19525883,-0.25830024,-0.0939214,0.2372321
3305_GBA_P1_ENSG00000177628,GBA,0.54345524,-0.22889225,0.1765261,-0.47798157
3306_GBA_P2_ENSG00000177628,GBA,0.68596184,-0.6211654,0.22284901,0.15123852
3307_GBE1_P1P2_ENSG00000114480,GBE1,-0.543891,-0.70552915,0.33471072,-0.7535786
3308_GBF1_P1P2_ENSG00000107862,GBF1,1.2234602,9.644745,-1.1044137,2.5341535
3309_GBGT1_P1P2_ENSG00000148288,GBGT1,-0.22789432,-0.4330472,-0.54759145,-0.35313362
330_ANKRD13D_P1P2_ENSG00000172932,ANKRD13D,0.053647816,0.15799175,0.17198817,0.34837455
3310_GBX1_P2_ENSG00000164900,GBX1,-0.7581381,0.33541143,-0.30366263,0.23580515
3311_GBX1_P1_ENSG00000164900,GBX1,-0.2491213,-0.31440327,0.15428826,-0.6499877
3312_GBX2_P1P2_ENSG00000168505,GBX2,0.3860448,0.061032116,-0.3498263,0.1252345
3313_GCAT_P1P2_ENSG00000100116,GCAT,0.016135875,-0.42907935,-0.017722808,-0.40703332
3314_GCC1_P1P2_ENSG00000179562,GCC1,-0.22835761,-0.81029034,-0.5973382,-0.08314919
3315_GCC2_P1P2_ENSG00000135968,GCC2,-0.7433406,0.36707753,-0.3973134,-0.21174008
3316_GCDH_P1P2_ENSG00000105607,GCDH,0.5786119,-0.44824064,-0.9082042,-0.44554093
3317_GCFC2_P1P2_ENSG00000005436,GCFC2,-0.33489022,0.5406178,-0.53792137,0.0065834
3318_GCHFR_P1P2_ENSG00000137880,GCHFR,-0.30233502,-0.38042712,-0.52793497,-0.23782495
3319_GCLC_P1P2_ENSG00000001084,GCLC,-0.021552214,0.5102738,0.95374304,-1.0409237
331_ANKRD16_P1P2_ENSG00000134461,ANKRD16,-0.14465587,-1.0275813,0.24673016,-0.66056293
3320_GCLM_P1P2_ENSG00000023909,GCLM,0.48889524,0.25802863,-0.56703424,-0.034595974
3321_GCM1_P1P2_ENSG00000137270,GCM1,-0.46350694,0.16709454,0.1699533,-0.14314578
3322_GCM2_P1P2_ENSG00000124827,GCM2,-0.6441713,0.22283633,0.006411495,-0.058226664
3323_GCOM1_P1P2_ENSG00000137878,GCOM1,-0.0756737,-0.3651035,-0.38397568,-0.51499057
3324_GCSH_P1P2_ENSG00000140905,GCSH,0.9896467,4.670961,-0.4111546,0.14904976
3325_GDAP2_P1P2_ENSG00000196505,GDAP2,-0.38953415,-0.60383564,-0.2853391,-0.48059028
3326_GDA_P1P2_ENSG00000119125,GDA,0.07727422,-0.34510186,-0.28148767,-0.27499494
3327_GDE1_P1P2_ENSG00000006007,GDE1,0.006977289,-0.34193796,-0.4875567,0.12881581
3328_GDF11_P1P2_ENSG00000135414,GDF11,0.573199,-0.47238192,0.02432288,-0.1242399
3329_GDF15_P1P2_ENSG00000130513,GDF15,-0.8607996,2.2792292,-0.20895489,-0.035608914
332_ANKRD17_P1P2_ENSG00000132466,ANKRD17,0.022232385,-0.058667924,1.2127044,2.391413
3330_GDI1_P1P2_ENSG00000203879,GDI1,-0.6947164,-0.6591121,1.1808872,-1.2633457
3331_GDI2_P2_ENSG00000057608,GDI2,0.10479567,-0.34154794,-0.21712044,-0.65243727
3332_GDI2_P1_ENSG00000057608,GDI2,-0.051857445,0.66375756,0.6637009,-0.53771526
3333_GDPD5_P1P2_ENSG00000158555,GDPD5,-0.30764318,0.14242722,-0.35884413,-0.41243085
3334_GEMIN2_P1P2_ENSG00000092208,GEMIN2,0.100098245,-0.48490167,0.6406173,0.44468534
3335_GEMIN4_P1P2_ENSG00000179409,GEMIN4,0.08659652,0.001679147,-1.6533133,0.66020995
3336_GEMIN5_P1P2_ENSG00000082516,GEMIN5,0.5043316,-0.20404737,-2.6077266,1.382073
3337_GEMIN6_P1P2_ENSG00000152147,GEMIN6,-0.24251698,0.027274719,-0.2023098,-0.045323256
3338_GEMIN7_P1P2_ENSG00000142252,GEMIN7,-0.30439904,0.019639133,-0.54380083,-0.12829171
3339_GEMIN8_P1P2_ENSG00000046647,GEMIN8,-0.13715872,-0.01432463,-0.76639193,0.39396608
333_ANKRD26_P1P2_ENSG00000107890,ANKRD26,-0.39360788,-0.4484448,-0.5433917,-0.5854913
3340_GEN1_P1P2_ENSG00000178295,GEN1,0.07735856,-0.2752392,-0.34527194,-0.28744224
3341_GET4_P1P2_ENSG00000239857,GET4,0.08693403,-0.35676602,-0.39467093,0.43862262
3342_GFER_P1P2_ENSG00000127554,GFER,6.6133513,2.6438289,-2.189434,2.5748832
3343_GFI1B_P1P2_ENSG00000165702,GFI1B,-0.47191536,0.21506733,-2.04633,1.549179
3344_GFI1_P2_ENSG00000162676,GFI1,0.76774627,0.6236225,-0.6003592,-0.04297391
3345_GFI1_P1_ENSG00000162676,GFI1,0.21794006,0.24320143,-0.5137802,0.042318784
3346_GFM1_P1P2_ENSG00000168827,GFM1,1.80424,-0.39113474,-1.7910042,-0.026285844
3347_GFM2_P1P2_ENSG00000164347,GFM2,-1.035898,-0.86712563,0.93958837,-0.050970364
3348_GFOD1_P1P2_ENSG00000145990,GFOD1,-0.33949482,-0.38797665,0.10277285,-0.25301418
3349_GFOD2_P1P2_ENSG00000141098,GFOD2,0.093365654,0.14019103,0.10774962,0.26392198
334_ANKRD27_P1P2_ENSG00000105186,ANKRD27,0.4176697,1.5007479,-0.55286086,0.2631979
3350_GFPT1_P1P2_ENSG00000198380,GFPT1,-0.51492894,1.2740197,-0.32627004,-0.09040838
3351_GGA1_P1P2_ENSG00000100083,GGA1,-0.5186045,-0.50338507,-0.14104389,-0.69925994
3352_GGA2_P1P2_ENSG00000103365,GGA2,-0.47192663,-0.11232683,-0.14389752,-0.04838746
3353_GGA3_P1P2_ENSG00000125447,GGA3,0.15116613,0.014315976,-0.19424263,-0.22198674
3354_GGCT_P1P2_ENSG00000006625,GGCT,-0.08567912,-0.6210088,-0.5382158,-0.34961003
3355_GGCX_P1P2_ENSG00000115486,GGCX,-0.26072264,-0.3420063,-0.7198073,0.1495125
3356_GGH_P1P2_ENSG00000137563,GGH,-0.99280703,0.017630985,0.09661024,-0.7268061
3357_GGNBP2_P1P2_ENSG00000278311,GGNBP2,0.220984,-0.020819155,0.06878514,-0.7285355
3358_GGPS1_P1P2_ENSG00000152904,GGPS1,0.036666185,-0.29301038,-0.06877935,0.66933626
3359_GGT1_P1_ENSG00000286070,GGT1,-0.45207638,-0.37503117,-0.7255205,0.21413338
335_ANKRD28_P1P2_ENSG00000206560,ANKRD28,-0.17110623,-0.12246733,0.23718086,-0.18495089
3360_GGT1_P2_ENSG00000286070,GGT1,-0.016441885,0.19696893,0.83101016,0.34261948
3361_GHDC_P1P2_ENSG00000167925,GHDC,0.23381442,0.47263777,-0.23107857,0.9866934
3362_GHITM_P1P2_ENSG00000165678,GHITM,0.65348065,0.3568811,0.23024438,0.5051353
3363_GID4_P1P2_ENSG00000141034,GID4,-0.4769002,-0.29103768,-0.25867686,-0.22771598
3364_GID8_P1P2_ENSG00000101193,GID8,-0.87949955,0.08874384,0.021667065,0.7657355
3365_GIGYF1_P1_ENSG00000146830,GIGYF1,-0.1378839,0.058302477,-0.16985986,-0.3658448
3366_GIGYF1_P2_ENSG00000146830,GIGYF1,0.55422896,1.1274278,-0.08472905,-0.1928474
3367_GIGYF2_P1P2_ENSG00000204120,GIGYF2,0.84060574,0.39661303,-0.15511581,0.83689845
3368_GINM1_P1P2_ENSG00000055211,GINM1,0.6544357,0.17410132,-0.47690654,-0.23826052
3369_GINS1_P1P2_ENSG00000101003,GINS1,-0.5310233,2.5937147,7.6470165,1.0512228
336_ANKRD33B_P1P2_ENSG00000164236,ANKRD33B,-0.26435232,-0.0769888,-0.19910283,-0.93248856
3370_GINS2_P1P2_ENSG00000131153,GINS2,-0.059027266,0.14809115,6.718449,0.5932322
3371_GINS3_P1P2_ENSG00000181938,GINS3,-1.0514387,0.37207884,3.7471056,-0.27248204
3372_GINS4_P1P2_ENSG00000147536,GINS4,-0.8691089,0.6272844,9.073939,-0.69073033
3373_GIPC1_P1P2_ENSG00000123159,GIPC1,0.6120203,-0.031635005,-0.5861563,-0.08716623
3374_GIPC3_P1P2_ENSG00000179855,GIPC3,-0.032485463,0.0631469,-0.26923585,-0.46802643
3375_GIPR_P1P2_ENSG00000010310,GIPR,-0.24371026,-0.19901618,0.0068887505,0.22819994
3376_GIT1_P1P2_ENSG00000108262,GIT1,-0.14764601,0.06190578,-0.0973822,-1.0224408
3377_GIT2_P1P2_ENSG00000139436,GIT2,-0.04600962,0.66018075,-0.5706386,0.847709
3378_GJA3_P1P2_ENSG00000121743,GJA3,-0.20226733,0.25054404,-0.6500173,0.13743702
3379_GJC1_P1P2_ENSG00000182963,GJC1,-0.7483047,-0.28951854,-0.33194622,-0.32656434
337_ANKRD36C_P1P2_ENSG00000174501,ANKRD36C,0.2744568,-0.014007945,-0.44252098,-0.57879376
3380_GK5_P1P2_ENSG00000175066,GK5,0.23399779,-0.33959886,0.022890601,-0.30831373
3381_GKAP1_P1P2_ENSG00000165113,GKAP1,0.26566058,1.4515504,-0.4713104,0.85825527
3382_GK_P1P2_ENSG00000198814,GK,-0.20602037,-0.2849987,-0.47157857,-0.05885689
3383_GLA_P1P2_ENSG00000102393,GLA,-0.14952151,0.036596566,0.64290655,-0.70153123
3384_GLB1L2_P1P2_ENSG00000149328,GLB1L2,-0.3985906,-0.87193304,-0.2155771,-0.46186486
3385_GLB1_P1P2_ENSG00000170266,GLB1,-0.34220734,-0.8031548,0.6087715,0.1647344
3386_GLCCI1_P1P2_ENSG00000106415,GLCCI1,0.0683306,-0.48808643,0.24695916,-0.47509572
3387_GLCE_P1P2_ENSG00000138604,GLCE,-0.2930542,-0.7966833,0.36739406,-0.5249934
3388_GLE1_P1P2_ENSG00000119392,GLE1,0.047652885,-0.88772273,0.48888242,-0.11706612
3389_GLG1_P1P2_ENSG00000090863,GLG1,-0.314086,-0.13687925,0.712925,-0.2900871
338_ANKRD36_P1P2_ENSG00000135976,ANKRD36,-0.054820184,0.0046180203,-0.4734826,0.21710014
3390_GLI1_P1P2_ENSG00000111087,GLI1,-0.5300689,-0.23993687,-0.5046739,-0.04618635
3391_GLI2_ENST00000452319.1_ENSG00000074047,GLI2,-0.47171026,-0.38555893,-0.26075092,-0.17888704
3392_GLI2_ENST00000361492.4_ENSG00000074047,GLI2,-0.9872866,-0.49103126,-0.11898027,-0.9158988
3393_GLI3_P1P2_ENSG00000106571,GLI3,-0.18483776,-0.06509253,-0.027027369,-0.5442103
3394_GLI4_P1P2_ENSG00000250571,GLI4,-0.32840902,-0.26586708,-0.16150898,-0.3990126
3395_GLIS1_ENST00000312233.2_ENSG00000174332,GLIS1,-0.077467866,0.4364415,0.71604735,1.1119382
3396_GLIS2_P1P2_ENSG00000126603,GLIS2,-0.1140819,-1.2526884,-0.45084307,0.056816824
3397_GLIS3_P1P2_ENSG00000107249,GLIS3,-0.42266154,-0.24021074,-0.25544503,-0.51423585
3398_GLMN_P1P2_ENSG00000174842,GLMN,-0.36114916,-0.6737604,-0.57410645,1.8107718
3399_GLO1_P1P2_ENSG00000124767,GLO1,0.29490706,0.3473564,-0.50600886,0.64713943
339_ANKRD39_P1P2_ENSG00000213337,ANKRD39,0.73010874,1.3863347,1.1907406,2.0287538
33_ABCF1_P1_ENSG00000204574,ABCF1,-0.19042803,-0.11924451,-0.017544009,1.0108464
3400_GLOD4_P1P2_ENSG00000167699,GLOD4,-0.5440842,-0.12635921,-0.45003125,-0.26483005
3401_GLOD5_P1P2_ENSG00000171433,GLOD5,0.24054122,-0.14720078,-0.50855076,0.27970278
3402_GLRX2_P1P2_ENSG00000023572,GLRX2,0.06582145,-0.3215119,0.20812443,-0.3985988
3403_GLRX3_P1P2_ENSG00000108010,GLRX3,0.23036484,0.55717397,0.45614135,0.6950652
3404_GLRX5_P1P2_ENSG00000182512,GLRX5,-0.3665823,-0.15242554,-0.50994223,-0.05434879
3405_GLRX_P1P2_ENSG00000173221,GLRX,-0.08968939,-0.4058665,-0.64473313,-0.21498564
3406_GLS_P1P2_ENSG00000115419,GLS,0.14709273,-0.7352435,0.40338895,0.37606823
3407_GLT8D1_P1P2_ENSG00000016864,GLT8D1,-0.26654786,-0.25527227,-0.16868237,-0.18557957
3408_GLTP_P1P2_ENSG00000139433,GLTP,0.0866844,0.19645452,-0.06324521,0.64114386
3409_NOP53_P1P2_ENSG00000105373,NOP53,-0.53502786,-0.22413011,0.8233772,-0.5779307
340_ANKRD40_P1P2_ENSG00000154945,ANKRD40,0.00015100371,-0.07711221,0.028479405,-0.14401445
3410_GLUD1_P1P2_ENSG00000148672,GLUD1,-0.28445566,0.64404726,-0.18012077,0.23131007
3411_GLUD2_P1P2_ENSG00000182890,GLUD2,-0.009565493,-0.38930988,-0.49783173,0.08382947
3412_GLUL_P1P2_ENSG00000135821,GLUL,-0.18228143,-0.7192156,-0.21557096,1.7093736
3413_GLYR1_P1P2_ENSG00000140632,GLYR1,0.09919567,-0.2498278,0.20526408,-0.1300895
3414_GM2A_P1P2_ENSG00000196743,GM2A,0.23937467,-0.24000692,-0.34023386,-0.7170802
3415_GMCL1_P1P2_ENSG00000087338,GMCL1,-0.17359628,-0.17154615,-0.15468901,-0.6155694
3416_GMDS_P1P2_ENSG00000112699,GMDS,-0.24841027,-0.12598921,-0.6572364,-0.09281295
3417_GMEB1_P1P2_ENSG00000162419,GMEB1,-0.24684551,-0.9462957,-0.342299,-0.17062002
3418_GMEB2_P1P2_ENSG00000101216,GMEB2,-0.34536567,-1.0185441,0.74137986,-0.16997552
3419_GMFB_P1P2_ENSG00000197045,GMFB,-0.40326878,-0.28962985,-0.5174366,-0.47722825
341_ANKRD46_P1P2_ENSG00000186106,ANKRD46,0.012124008,-0.101755664,-0.1232223,-0.41022003
3420_GMFG_P1P2_ENSG00000130755,GMFG,0.024968315,-0.2652321,-0.040271133,-0.66621536
3421_GMIP_P1P2_ENSG00000089639,GMIP,2.2932608,0.021144524,-0.9807651,0.98773295
3422_GMNN_P1P2_ENSG00000112312,GMNN,-0.682964,0.7530683,0.77673364,0.20417204
3423_GMPPA_P1P2_ENSG00000144591,GMPPA,-0.23534425,0.26879957,-0.2788093,-0.6309489
3424_GMPPB_P1P2_ENSG00000173540,GMPPB,0.43933147,5.704819,-0.6558055,-0.4353303
3425_GMPR2_P1P2_ENSG00000100938,GMPR2,0.3035156,-0.36217082,0.95331734,0.42429256
3426_GMPR_P1P2_ENSG00000137198,GMPR,0.4666244,0.046284374,-0.83828044,-0.1954018
3427_GMPS_P1P2_ENSG00000163655,GMPS,-0.4110647,0.0993401,5.333567,-0.14129975
3428_GNA11_P1P2_ENSG00000088256,GNA11,1.0206742,0.9827616,-0.8969127,0.37978804
3429_GNA13_P1P2_ENSG00000120063,GNA13,0.0073302276,-0.742737,-0.2635278,-0.05993286
342_ANKRD49_P1P2_ENSG00000168876,ANKRD49,-0.34379804,0.55380213,-0.06562105,0.100441895
3430_GNAI2_P1P2_ENSG00000114353,GNAI2,-0.11847973,-0.7252573,-0.18840386,0.16447857
3431_GNAI3_P1P2_ENSG00000065135,GNAI3,-0.22409487,-0.59819806,0.16241427,-0.62547493
3432_GNAQ_P1P2_ENSG00000156052,GNAQ,0.10871089,-0.47259858,-0.2974978,0.11980467
3433_GNAS_P1P2_ENSG00000087460,GNAS,0.02358287,0.11739102,-0.053961895,0.09279093
3434_GNB1L_P1P2_ENSG00000185838,GNB1L,0.08029437,-0.03813656,1.1845801,0.098597765
3435_GNB1_P1P2_ENSG00000078369,GNB1,-0.6584275,1.1977264,-0.46586663,0.49094492
3436_RACK1_P1P2_ENSG00000204628,RACK1,3.0920537,1.6623647,-0.6494658,2.4962356
3437_GNB2_P1P2_ENSG00000172354,GNB2,-0.78069717,-0.2721354,-0.25278202,-0.97414553
3438_GNB4_P1P2_ENSG00000114450,GNB4,-0.43695274,-0.057832245,0.22178514,-1.0635862
3439_GNE_P1P2_ENSG00000159921,GNE,2.494088,-0.74691474,-0.71845603,0.14778408
3440_GNG10_P1P2_ENSG00000242616,GNG10,-0.696447,-1.4446481,0.5801615,-0.48201704
3441_GNG12_P1P2_ENSG00000172380,GNG12,-0.38098702,-0.27207455,0.05219573,-0.36578274
3442_GNG5_P1P2_ENSG00000174021,GNG5,-0.33961934,0.44026428,0.547374,-0.65610296
3443_GNG7_P1P2_ENSG00000176533,GNG7,0.23461118,-0.017997662,0.15261757,0.19044963
3444_GNL1_P1P2_ENSG00000204590,GNL1,-0.20515794,-0.17454356,-0.27473184,-0.21640757
3445_GNL2_P1P2_ENSG00000134697,GNL2,0.21947604,-0.613586,0.8996932,0.2767698
3446_GNL3L_P1P2_ENSG00000130119,GNL3L,0.27007303,-1.2447556,0.650102,-0.68609375
3447_GNL3_P1P2_ENSG00000163938,GNL3,-0.654566,-1.0625764,0.99273694,0.13449724
3448_GNPAT_P1P2_ENSG00000116906,GNPAT,-0.14916714,-0.9432673,1.108178,-0.321388
3449_GNPDA1_P1P2_ENSG00000113552,GNPDA1,0.1097433,0.63661146,-0.2960777,0.30117607
344_ANKRD54_P1P2_ENSG00000100124,ANKRD54,0.8984042,-0.02223672,-0.46258193,-0.2752651
3450_GNPDA2_P1P2_ENSG00000163281,GNPDA2,-0.6791108,-0.15151912,-0.06976165,-0.61262244
3451_GNPNAT1_P1P2_ENSG00000100522,GNPNAT1,-0.051929127,0.36182666,0.009255025,-0.46605825
3452_GNPTAB_P1P2_ENSG00000111670,GNPTAB,-0.41401336,-0.43081912,-0.45155177,0.11607647
3453_GNPTG_P1P2_ENSG00000090581,GNPTG,-0.5853183,-0.4677765,-0.27884778,-0.000817318
3454_GNS_P1P2_ENSG00000135677,GNS,-0.50313073,-0.6506705,-0.3614254,-0.823582
3455_GOLGA1_P1P2_ENSG00000136935,GOLGA1,0.3122052,0.028341345,-0.20673108,0.55776346
3456_GOLGA2_P1P2_ENSG00000167110,GOLGA2,0.07811494,-0.18066749,0.56566083,-0.02946437
3457_GOLGA3_P1P2_ENSG00000090615,GOLGA3,0.30480164,1.5361683,-0.6748549,-0.19768387
3458_GOLGA4_P1P2_ENSG00000144674,GOLGA4,0.112632,0.4552617,-0.78372055,-0.011039608
3459_GOLGA5_P1P2_ENSG00000066455,GOLGA5,0.19530568,0.70615613,-0.86397624,0.14847714
345_ANKRD9_P1P2_ENSG00000156381,ANKRD9,0.17495584,-0.62535655,-0.40546688,-0.1032014
3460_GOLGA6L1_ENST00000560659.2_ENSG00000273976,GOLGA6L1,-0.16801883,0.06489422,-0.30592513,-0.068687476
3461_GOLGA7_P1P2_ENSG00000147533,GOLGA7,-0.42201465,0.5094462,0.154849,-0.4853406
3462_GOLGA8A_ENST00000360553.3_ENSG00000175265,GOLGA8A,-0.093029894,-0.005539566,-0.75145805,-0.41709632
3463_GOLGA8A_ENST00000359187.4_ENSG00000175265,GOLGA8A,-0.024800444,0.09067444,0.18018338,-0.3345797
3464_GOLGA8A_ENST00000543376.1_ENSG00000175265,GOLGA8A,0.28529733,-0.019854633,-0.5528845,-0.026105788
3465_GOLGA8B_P1P2_ENSG00000215252,GOLGA8B,-0.035865735,-0.18736887,0.55076915,-0.5434211
3466_GOLGB1_P1P2_ENSG00000173230,GOLGB1,-0.4867459,-0.02379471,-0.6679881,0.1647291
3467_GOLIM4_P1P2_ENSG00000173905,GOLIM4,0.04927283,-0.44035548,-0.74997085,0.93596137
3468_GOLM1_P1P2_ENSG00000135052,GOLM1,-0.19219927,-0.093615696,-0.31168202,0.013007478
3469_GOLPH3L_P1P2_ENSG00000143457,GOLPH3L,-1.1103393,-0.034814302,-0.071022615,-0.13405499
346_ANKS1A_P1P2_ENSG00000064999,ANKS1A,-0.3816148,-0.40786022,-0.08030462,-0.5235155
3470_GOLPH3_P1P2_ENSG00000113384,GOLPH3,0.21207085,0.10731125,-1.1867994,-0.064959995
3471_GOLT1B_P1P2_ENSG00000111711,GOLT1B,1.4637346,1.436904,-0.340209,1.6846809
3472_GON4L_P2_ENSG00000116580,GON4L,-0.13699424,-0.21880572,-0.40184662,-0.17369917
3473_GON4L_P1_ENSG00000116580,GON4L,-0.25407776,-0.32196203,2.1150744,-0.4408991
3474_GOPC_P1P2_ENSG00000047932,GOPC,-0.42418635,-0.013808287,0.37346044,-0.59645426
3475_GORAB_P1P2_ENSG00000120370,GORAB,0.12825923,-0.05350089,0.48360217,-0.24748093
3476_GORASP1_P1P2_ENSG00000114745,GORASP1,0.09942858,-0.017758394,-0.3464497,-0.39295307
3477_GORASP2_P1P2_ENSG00000115806,GORASP2,-0.36458898,-0.36131656,-0.27203146,0.09860621
3478_GOSR1_P1P2_ENSG00000108587,GOSR1,-0.18346563,0.07312873,-0.31759617,0.21167055
3479_GOSR2_P1P2_ENSG00000108433,GOSR2,0.24094392,0.33648458,-0.7200233,0.36912262
347_ANKS3_P1P2_ENSG00000168096,ANKS3,0.10871968,-0.36197135,-0.31018427,0.2443392
3480_GOT1_P1P2_ENSG00000120053,GOT1,0.37182024,-0.2505925,0.4369228,-0.33934453
3481_GOT2_P1P2_ENSG00000125166,GOT2,0.0050116456,-0.077323996,0.29316187,0.033485197
3482_GP1BB_P1P2_ENSG00000203618,GP1BB,0.009007602,0.4491656,-0.33246806,-0.3969191
3483_GP6_P1P2_ENSG00000088053,GP6,0.16815229,-0.95946765,0.20604597,-1.0199732
3484_GPAA1_P1P2_ENSG00000197858,GPAA1,-0.25132656,0.273048,-0.0841474,-0.23974113
3485_GPALPP1_P1P2_ENSG00000133114,GPALPP1,1.006947,0.6152406,-0.345007,0.022094265
3486_GPANK1_P1P2_ENSG00000204438,GPANK1,-0.5895066,0.5279025,-0.50587547,-0.56316835
3487_GPATCH11_P1P2_ENSG00000152133,GPATCH11,-0.226292,-0.6164359,-0.6252473,-0.1664017
3488_GPATCH1_P1P2_ENSG00000076650,GPATCH1,-1.3386941,0.43446127,-0.23213741,-0.24057849
3489_GPATCH2L_P1P2_ENSG00000089916,GPATCH2L,-0.6058029,0.038745638,0.14144449,-0.24526185
348_ANKS6_P1P2_ENSG00000165138,ANKS6,-0.21584891,0.032053564,-0.12490961,-0.09879156
3490_GPATCH2_P1P2_ENSG00000092978,GPATCH2,0.19183035,-0.8180653,-0.050569113,-0.59336764
3491_GPATCH3_P1P2_ENSG00000198746,GPATCH3,-0.3224372,0.050086353,-0.4435182,0.0107566295
3492_GPATCH4_P1P2_ENSG00000160818,GPATCH4,0.15890387,0.6014746,-0.26086828,-0.18980859
3493_GPATCH8_P1P2_ENSG00000186566,GPATCH8,-0.4350748,0.071408115,-0.057947535,-0.5778967
3494_GPBP1L1_P1P2_ENSG00000159592,GPBP1L1,-0.035998836,0.74703425,0.27070746,-0.24523364
3495_GPBP1_P1P2_ENSG00000062194,GPBP1,0.4678295,0.6143042,0.31588423,0.038082637
3496_GPCPD1_P1P2_ENSG00000125772,GPCPD1,0.62032324,1.0939647,-0.5700214,-0.13537253
3497_GPD1L_P1P2_ENSG00000152642,GPD1L,-0.55241096,0.5518373,-0.07873265,-0.20065837
3498_GPD2_P1P2_ENSG00000115159,GPD2,-0.033006564,-0.037459817,-0.7212831,-0.29456374
3499_GPHN_P1P2_ENSG00000171723,GPHN,0.0522639,0.1797215,-0.71836287,0.049896255
349_ANKZF1_P1P2_ENSG00000163516,ANKZF1,-0.30725816,-0.52796525,-0.07084739,-0.17575213
34_ABCF1_P2_ENSG00000204574,ABCF1,-0.22477403,0.17158255,-0.07155149,-0.34592164
3500_GPI_P1P2_ENSG00000105220,GPI,-0.4249802,-0.9376069,0.21205346,-0.941767
3501_GPKOW_P1P2_ENSG00000068394,GPKOW,-0.65255606,-0.56820786,-0.80771565,-0.54373705
3502_GPN1_P1P2_ENSG00000198522,GPN1,-0.013833345,0.26957557,-1.044551,0.9074602
3503_GPN2_P1P2_ENSG00000142751,GPN2,0.04784577,-0.2791332,-1.0027689,-0.31742078
3504_GPN3_P1P2_ENSG00000111231,GPN3,-0.34502542,0.39562175,-1.2185928,2.3498435
3505_GPR107_P1P2_ENSG00000148358,GPR107,-0.3578074,0.07504463,-0.14861493,0.7124279
3506_GPR108_P1P2_ENSG00000125734,GPR108,0.32678393,-0.9114541,0.17055029,-0.38533208
3507_GPR137_P1_ENSG00000173264,GPR137,0.05179462,0.80842674,0.08612557,-0.29072115
3508_GPR137_P2_ENSG00000173264,GPR137,0.21770275,-0.20165043,-0.70490026,0.36929762
3509_GPR160_P1P2_ENSG00000173890,GPR160,-0.30327013,-0.23405078,-0.23697543,0.07348892
350_ANLN_P1P2_ENSG00000011426,ANLN,-0.10976927,-0.4080876,-0.06769699,-0.5158922
3510_GPR180_P1P2_ENSG00000152749,GPR180,0.24304897,-0.2019608,-0.13712381,-0.4391035
3511_GPR61_P1P2_ENSG00000156097,GPR61,-0.2441328,-0.13964483,-0.30232424,-0.6825421
3512_GPR68_P1P2_ENSG00000119714,GPR68,-0.36622703,-0.15803398,-0.3780824,-0.3866799
3513_GPR89A_ENST00000313835.9_ENSG00000117262,GPR89A,-0.093104996,-0.022242753,0.08813833,-0.5174028
3514_GPR89B_P1P2_ENSG00000188092,GPR89B,0.44660988,0.3274574,-0.6032349,-0.37465826
3515_GPRC5C_P1P2_ENSG00000170412,GPRC5C,0.08441975,-0.9083825,-0.013460338,-0.003132004
3516_GPRIN1_P1P2_ENSG00000169258,GPRIN1,-0.55717844,-0.1954969,-0.10595344,-0.071788006
3517_GPS1_P1P2_ENSG00000169727,GPS1,0.15101647,-0.53203326,-0.8540099,2.7964497
3518_GPS2_P1P2_ENSG00000132522,GPS2,-0.10724944,-1.3214716,0.3226389,-1.8081266
3519_GPSM1_P1P2_ENSG00000160360,GPSM1,-0.15745191,-0.18521005,-0.39806446,-0.33698383
351_ANO10_P1P2_ENSG00000160746,ANO10,-0.31973875,-0.16582686,-0.16419719,-0.17378177
3520_GPSM2_P1P2_ENSG00000121957,GPSM2,-0.3342665,-0.20531958,-0.18248563,-0.23935919
3521_GPSM3_P1P2_ENSG00000213654,GPSM3,-0.20992279,0.33990616,0.35949895,-0.7624223
3522_GPT2_P1P2_ENSG00000166123,GPT2,-0.6362683,-0.5321166,-0.28111097,0.20208322
3523_GPX4_P1P2_ENSG00000167468,GPX4,-0.23113309,-0.4829926,-0.06014514,-0.15175259
3524_GRAMD1A_P1P2_ENSG00000089351,GRAMD1A,-0.08482031,0.58778745,0.07860846,-0.012285644
3525_GRAMD4_ENST00000406902.1_ENSG00000075240,GRAMD4,-0.113630585,0.46940798,-0.63514274,2.5862668
3526_GRAMD4_ENST00000361034.3_ENSG00000075240,GRAMD4,-0.75621575,-0.5418467,0.772145,-0.01917847
3527_GRAP2_P1P2_ENSG00000100351,GRAP2,-0.10721114,0.3417185,-0.8199972,-0.48873588
3528_GRB10_P2_ENSG00000106070,GRB10,-0.48260656,-0.18244155,-0.00067215745,-0.38569427
3529_GRB10_P1_ENSG00000106070,GRB10,0.16371696,-0.8031597,-0.069543384,-1.1626582
352_ANO6_P1P2_ENSG00000177119,ANO6,-0.040486284,0.4579579,0.15107073,0.08522653
3530_GRB2_P2_ENSG00000177885,GRB2,-0.1649061,0.08862772,-0.28573176,-0.19801523
3531_GRB2_P1_ENSG00000177885,GRB2,-0.21464206,0.3365908,4.3839717,-0.06310392
3532_GRHL1_P1P2_ENSG00000134317,GRHL1,-0.06662143,-0.1158208,-0.6024017,0.40458325
3533_GRHL2_P1P2_ENSG00000083307,GRHL2,-0.47274053,-0.25343153,-0.7575137,-0.5735039
3534_GRHL3_P1P2_ENSG00000158055,GRHL3,0.42954952,0.8601467,-0.24220102,-0.035268273
3535_GRHPR_P1_ENSG00000137106,GRHPR,-0.32109237,0.008335508,-0.40380344,-0.6353801
3536_GRHPR_P2_ENSG00000137106,GRHPR,-0.53854936,-0.13253517,-0.30149692,0.14543596
3538_GRIPAP1_P1P2_ENSG00000068400,GRIPAP1,-0.5448843,-0.21447493,0.09246704,-0.16184872
3539_GRK6_P1P2_ENSG00000198055,GRK6,0.17727229,-0.13896842,-0.10868339,-0.4791184
353_ANP32A_P1P2_ENSG00000140350,ANP32A,0.16597068,-0.13811018,-0.053971723,-0.4913371
3540_GRN_P1P2_ENSG00000030582,GRN,-0.18788639,0.41704786,-1.9081528,0.20421064
3541_GRPEL1_P1P2_ENSG00000109519,GRPEL1,7.014053,2.8097355,-1.6689107,2.629046
3542_GRPEL2_P1P2_ENSG00000164284,GRPEL2,0.4278174,0.13654612,0.16883537,-0.20296241
3543_GRSF1_P1P2_ENSG00000132463,GRSF1,0.043777257,-0.3677387,0.6009272,0.19816516
3544_GRTP1_P1P2_ENSG00000139835,GRTP1,-0.48992068,-0.61754435,-0.5403974,-0.2966099
3545_GRWD1_P1P2_ENSG00000105447,GRWD1,-0.54072016,-0.68117106,-0.36385185,-0.42998597
3546_GSC2_P1P2_ENSG00000063515,GSC2,0.7183255,-0.1861739,-0.7572141,-0.08634743
3547_GSC_P1P2_ENSG00000133937,GSC,0.012455021,-0.9681921,0.6748213,-0.21576647
3548_GSDMA_P1P2_ENSG00000167914,GSDMA,-0.10930883,-0.05880302,-0.17675857,-0.18090554
3549_GSE1_P1P2_ENSG00000131149,GSE1,-0.48448712,-0.6378966,-0.11008097,-0.27991748
354_ANP32B_P1P2_ENSG00000136938,ANP32B,0.9587804,-0.06402624,-1.4728253,0.110873505
3550_GSK3A_P1P2_ENSG00000105723,GSK3A,-0.31334692,-0.38229406,-0.668887,-0.20064786
3551_GSK3B_P1P2_ENSG00000082701,GSK3B,0.57944477,2.6403704,-1.6029596,3.6786427
3552_GSKIP_P1P2_ENSG00000100744,GSKIP,-0.071372114,-0.26605922,0.026017955,-0.092186555
3553_GSN_P1P2_ENSG00000148180,GSN,0.34938747,0.13903669,-0.3977469,0.039332952
3554_GSPT1_P1P2_ENSG00000103342,GSPT1,8.046658,6.01587,-3.8294659,4.6145864
3555_GSR_P1P2_ENSG00000104687,GSR,0.039464932,0.014030335,-0.39634743,0.16319029
3556_GSS_P1P2_ENSG00000100983,GSS,-0.037115704,0.31500402,0.12606002,-0.37740734
3558_GSTK1_P1P2_ENSG00000197448,GSTK1,-0.584174,-0.53687316,-0.12234593,-0.1136325
3559_GSTM3_P1P2_ENSG00000134202,GSTM3,-0.046362817,-0.21416791,-0.13356936,-0.23694885
355_ANP32E_P1P2_ENSG00000143401,ANP32E,-0.54478484,-0.39813954,-0.44830936,-0.46554223
3560_GSTM4_P1P2_ENSG00000168765,GSTM4,0.39732462,0.2948903,0.23425138,0.20636569
3561_GSTO1_P1P2_ENSG00000148834,GSTO1,0.27259246,0.1673488,-1.444167,-0.20992714
3562_GSTP1_P1P2_ENSG00000084207,GSTP1,-0.5452211,-0.15314099,-0.21611767,0.47358075
3563_GSTZ1_P1P2_ENSG00000100577,GSTZ1,-0.9917113,-0.66647613,-0.0048889653,-0.5137096
3564_GSX1_P1P2_ENSG00000169840,GSX1,0.0029803873,0.24756384,-0.05120374,0.3277811
3565_GSX2_P1P2_ENSG00000180613,GSX2,-0.5682723,-0.23172179,0.17363258,0.051633757
3566_GTF2A1_P1P2_ENSG00000165417,GTF2A1,-0.32215798,0.026597096,2.8757071,0.16784707
3567_GTF2A2_P1P2_ENSG00000140307,GTF2A2,-1.3486879,0.6185057,2.6063533,0.15477557
3568_GTF2B_P1P2_ENSG00000137947,GTF2B,0.07210163,-0.86295253,0.6944489,-0.74586403
3569_GTF2E1_P1P2_ENSG00000153767,GTF2E1,-0.20825109,0.06392898,1.6294786,1.4996591
356_ANTXR2_P1P2_ENSG00000163297,ANTXR2,-0.035448954,0.01651047,-0.40988675,-0.4043535
3570_GTF2E2_P1P2_ENSG00000197265,GTF2E2,-0.75969994,0.28456652,0.81444097,1.7194524
3571_GTF2F1_P1P2_ENSG00000125651,GTF2F1,-0.80579495,-0.46150696,-0.2232883,-0.3304523
3572_GTF2F2_P1P2_ENSG00000188342,GTF2F2,-0.20836797,-0.5700383,0.48400247,0.67489004
3573_GTF2H1_P1P2_ENSG00000110768,GTF2H1,0.022233311,0.44976166,0.37434775,1.9335518
3574_GTF2H2C_P1P2_ENSG00000183474,GTF2H2C,-0.5667271,-1.1626785,0.49159205,-0.101301566
"3575_GTF2H2_ENST00000274400.5,ENST00000330280.7_ENSG00000145736",GTF2H2,-0.4356307,-0.7299811,0.72713536,-0.3367073
3576_GTF2H3_P1P2_ENSG00000111358,GTF2H3,-0.62311256,-0.24029838,0.6347024,1.1191782
3577_GTF2H4_P1P2_ENSG00000213780,GTF2H4,-1.5540447,-0.92732245,1.3976201,0.71176577
3578_GTF2H5_P1P2_ENSG00000272047,GTF2H5,-0.36230305,-1.1559291,0.16275868,-0.57235014
3579_GTF2IRD1_P1P2_ENSG00000006704,GTF2IRD1,0.21309431,0.9402427,-0.6607029,1.1387287
357_ANXA11_P1P2_ENSG00000122359,ANXA11,0.092565216,-0.40335533,-0.2361343,-0.40069562
3580_GTF2IRD2B_P1P2_ENSG00000174428,GTF2IRD2B,-0.01739554,-0.32641464,-0.49246576,-0.35668743
3581_GTF2IRD2_ENST00000405086.2_ENSG00000196275,GTF2IRD2,-0.5092478,-0.08245025,0.2884183,0.42380178
3582_GTF2I_P1P2_ENSG00000263001,GTF2I,-0.3751555,-0.37308764,-0.3033788,-0.7855178
3583_GTF3A_P1P2_ENSG00000122034,GTF3A,-0.14066026,-0.063331105,-0.31850737,0.39008817
3584_GTF3C1_P1P2_ENSG00000077235,GTF3C1,0.3101627,1.2917203,-0.14122581,-0.44916528
3585_GTF3C2_P1P2_ENSG00000115207,GTF3C2,1.6416471,7.2505527,-0.76766056,-0.035435464
3586_GTF3C3_P1P2_ENSG00000119041,GTF3C3,0.50909436,0.9401872,0.50893617,-0.96335614
3587_GTF3C4_P1P2_ENSG00000125484,GTF3C4,0.11673646,0.12028211,-0.85300523,-0.0066239485
3588_GTF3C5_P1P2_ENSG00000148308,GTF3C5,0.22758532,0.01696215,-0.8451032,-0.0068895533
3589_GTF3C6_P1P2_ENSG00000155115,GTF3C6,-0.6010589,0.15691084,0.3772312,-0.5770485
358_ANXA1_P1P2_ENSG00000135046,ANXA1,-0.042830203,-0.62822485,-0.8213371,0.0919138
3590_GTPBP10_P1P2_ENSG00000105793,GTPBP10,-0.26252997,-0.26473352,0.100002766,-0.14842817
3591_GTPBP1_P1P2_ENSG00000100226,GTPBP1,-0.15009783,-0.41905472,0.33624563,-0.28979656
3592_GTPBP2_P1P2_ENSG00000172432,GTPBP2,-0.15092328,-0.21197647,-0.028437687,0.033751175
3593_GTPBP3_P1P2_ENSG00000130299,GTPBP3,-0.28097203,0.0514903,-0.41815212,-0.57106006
3594_GTPBP4_P1P2_ENSG00000107937,GTPBP4,-0.12204931,-0.78727144,0.6511375,0.35882854
3595_GTPBP6_P1P2_ENSG00000178605,GTPBP6,0.0058257827,-0.2922293,-0.56096405,0.21252029
3596_GTPBP8_P1P2_ENSG00000163607,GTPBP8,-0.35968092,0.30130163,-1.3074067,-0.016290218
3597_GTSE1_P1P2_ENSG00000075218,GTSE1,0.37024787,-0.1604299,-0.5820049,-0.0805729
3598_GTSF1_P1P2_ENSG00000170627,GTSF1,-0.2183794,0.27275404,-0.76901543,0.019524971
3599_GUCD1_P1P2_ENSG00000138867,GUCD1,-0.15185346,-0.12037534,-0.47001386,0.41007903
359_ANXA2R_P1P2_ENSG00000177721,ANXA2R,0.6278897,-0.15760347,0.03127992,-0.27399534
35_ABCF2_P1P2_ENSG00000033050,ABCF2,-0.38663703,0.1863784,-0.46893176,0.07429398
3600_GUF1_P1P2_ENSG00000151806,GUF1,0.17012332,-0.9851432,-0.33318368,-0.45703587
3601_GUK1_P1P2_ENSG00000143774,GUK1,-0.25746268,-0.532582,0.03398316,-0.3273438
3602_GULP1_P1P2_ENSG00000144366,GULP1,-0.15287958,0.21916321,-0.5039257,0.65230995
3603_GUSB_P1P2_ENSG00000169919,GUSB,-0.08843674,-0.90907747,-0.22102621,-0.35625347
3604_GXYLT1_P1P2_ENSG00000151233,GXYLT1,0.13148768,-0.20153259,-0.013316256,-0.22317258
3605_GYG1_P1P2_ENSG00000163754,GYG1,0.12376687,-0.040326927,0.82179606,0.12012111
3606_GYPA_P1P2_ENSG00000170180,GYPA,0.9111066,-0.7191231,0.3676778,-0.14934295
3607_GYPB_P1P2_ENSG00000250361,GYPB,-0.28330442,-0.682634,0.58097595,-0.90557146
3608_GYPC_P1P2_ENSG00000136732,GYPC,-0.16603424,-0.3948936,0.9823216,0.26308838
3609_GYPE_P1P2_ENSG00000197465,GYPE,-0.25168657,-0.06693576,0.34531078,-0.65370524
360_ANXA2_P1P2_ENSG00000182718,ANXA2,0.09805554,0.2719966,-0.29173893,-0.027474675
3610_GYS1_P1P2_ENSG00000104812,GYS1,-0.14753526,-0.17422831,-0.49980935,0.2776406
3611_GZF1_P1P2_ENSG00000125812,GZF1,0.058717214,-0.042990934,-0.31812936,-0.47592586
3612_H1FX_P1P2_ENSG00000184897,H1FX,0.057861038,-0.24218893,-0.39867595,0.3148456
3613_H2AFV_P1P2_ENSG00000105968,H2AFV,0.32595122,-0.59452945,-0.62082475,0.3868647
3614_H2AFX_P1P2_ENSG00000188486,H2AFX,-0.2629665,0.061890755,0.23395759,-0.36962005
3615_H2AFY_P1P2_ENSG00000113648,H2AFY,0.6011783,0.20800653,-0.27728242,-0.13480915
3616_H2AFZ_P1P2_ENSG00000164032,H2AFZ,0.035874013,-0.71165776,-0.9673313,-0.21081412
3617_H3F3A_P1P2_ENSG00000163041,H3F3A,-0.3543038,-0.3818067,0.121725775,-0.010028421
3618_H3F3B_P1P2_ENSG00000132475,H3F3B,0.28495938,-0.94177216,0.08123875,-0.22193995
3619_HACE1_P1P2_ENSG00000085382,HACE1,-0.30825484,-0.22148387,0.21317196,-0.20533486
361_ANXA3_P1P2_ENSG00000138772,ANXA3,-0.19967523,-0.45233446,-0.39504653,-0.32515666
3620_HACL1_P1P2_ENSG00000131373,HACL1,-0.23471704,-1.0680403,-0.058832936,-0.3355865
3621_HADHA_P1P2_ENSG00000084754,HADHA,0.257554,0.07133394,0.7456655,-0.3725041
3622_HADHB_P1P2_ENSG00000138029,HADHB,1.1512481,2.1652448,-0.7176808,2.5851846
3623_HADH_P1P2_ENSG00000138796,HADH,-0.7289479,-0.23901388,-0.08141717,-0.50246173
3624_HAGHL_P1P2_ENSG00000103253,HAGHL,-0.27954483,-0.5862577,0.19548857,-0.3777934
3625_HAGH_P1P2_ENSG00000063854,HAGH,-0.18655899,-0.1088418,0.69168687,-0.5252263
3626_HAMP_P1P2_ENSG00000105697,HAMP,0.06974712,-0.012629448,-0.74126214,-0.62647146
3627_HAND1_P1P2_ENSG00000113196,HAND1,-0.1159283,0.21098244,0.07995269,-0.071383394
3628_HAND2_P2_ENSG00000164107,HAND2,-0.7300097,1.4651815,-0.42546174,-0.45082015
3629_HAND2_P1_ENSG00000164107,HAND2,0.39032766,0.014503114,-0.27724254,0.20517145
362_ANXA4_P1P2_ENSG00000196975,ANXA4,0.038898595,-0.2833413,-0.016762242,0.5394911
3630_HAPLN2_P1P2_ENSG00000132702,HAPLN2,0.14060077,-0.032879516,0.2341696,0.29622626
3631_HARS2_P1P2_ENSG00000112855,HARS2,4.0954223,-0.687983,-1.8577762,-0.40897077
3632_HARS_P1P2_ENSG00000170445,HARS,7.540475,0.53969496,-2.7314653,1.9359739
3633_HAT1_P1P2_ENSG00000128708,HAT1,-0.55358624,-1.144982,1.545028,-1.6206212
3634_HAUS1_P1P2_ENSG00000152240,HAUS1,1.2904683,3.6678495,2.3331747,2.9707663
3635_HAUS2_P1P2_ENSG00000137814,HAUS2,-1.3208462,0.9238807,1.3165575,-1.0527611
3636_HAUS3_P1P2_ENSG00000214367,HAUS3,-0.13964601,-0.15167098,0.82321465,-0.49252075
3637_HAUS4_P1P2_ENSG00000092036,HAUS4,0.5069675,1.1108718,1.7079237,0.6128272
3638_HAUS5_P1P2_ENSG00000249115,HAUS5,-0.42095184,-0.53382945,1.4796821,-0.5133454
3639_HAUS6_P1P2_ENSG00000147874,HAUS6,-0.399011,2.2430415,-0.2999562,-0.6587323
363_ANXA5_P1P2_ENSG00000164111,ANXA5,-0.23067252,0.05715947,-0.23145498,0.20168301
3640_HAUS7_P1_ENSG00000213397,HAUS7,-0.20163548,0.27739307,2.0123951,0.3347952
3641_HAUS7_P2_ENSG00000213397,HAUS7,0.09798255,0.016502123,-1.23707,-0.37420017
3642_HAUS8_P1P2_ENSG00000131351,HAUS8,0.41849348,0.6647733,1.2784355,-0.39942273
3643_HAX1_P1P2_ENSG00000143575,HAX1,-0.36250514,-0.28668982,-0.0074728155,-0.007341733
3646_HBA2_P1_ENSG00000188536,HBA2,-0.39219385,-0.36732665,-0.40597162,-0.07283338
3647_HBA2_P2_ENSG00000188536,HBA2,-0.16907848,-0.16810676,-0.19293869,-0.29908097
3648_HBD_P1P2_ENSG00000223609,HBD,-0.34238562,-0.065782405,-0.235066,0.0014830095
364_ANXA6_P1P2_ENSG00000197043,ANXA6,0.031242663,0.2893835,-0.04263826,-0.67348623
3650_HBG1_P1P2_ENSG00000213934,HBG1,-0.010717925,-0.37254572,-0.32603076,-0.4772731
3651_HBG2_P1P2_ENSG00000196565,HBG2,-0.3716707,-0.7668452,-0.15128781,-0.12120438
3652_HBP1_P1P2_ENSG00000105856,HBP1,0.012817856,-0.041665446,0.17702562,-0.021993725
3653_HBQ1_P1P2_ENSG00000086506,HBQ1,0.009164178,0.022435777,-0.32266128,-0.016568314
3654_HBS1L_P1P2_ENSG00000112339,HBS1L,10.783833,5.817155,-1.9885,7.164586
3655_HBZ_P1P2_ENSG00000130656,HBZ,0.40682924,0.37743035,-0.4613714,-0.25825313
3656_HCCS_P1P2_ENSG00000004961,HCCS,0.63440835,-0.41517705,-0.75665325,0.13814595
3657_HCFC1R1_P1P2_ENSG00000103145,HCFC1R1,-0.18822578,-0.53922313,-1.0694679,-0.17601873
3658_HCFC1_P1P2_ENSG00000172534,HCFC1,0.1952125,0.70708823,0.28356364,0.7614577
3659_HCLS1_P1P2_ENSG00000180353,HCLS1,0.1059757,-0.21097429,-0.08273347,-0.5561368
365_ANXA7_P1P2_ENSG00000138279,ANXA7,-0.13602544,-0.22096808,-0.6905111,-0.022333765
3660_HCRTR1_P1P2_ENSG00000121764,HCRTR1,-0.043020602,0.025002059,-0.22630313,-0.008854178
3661_HDAC10_P1P2_ENSG00000100429,HDAC10,-0.13641313,-0.7723311,-0.6510684,-0.41713932
3662_HDAC1_P1P2_ENSG00000116478,HDAC1,0.18437354,0.48305377,-0.114662685,-0.1998681
3663_HDAC2_P1P2_ENSG00000196591,HDAC2,-0.10531738,0.5579008,0.37166062,1.2421803
3664_HDAC3_P1P2_ENSG00000171720,HDAC3,0.25683877,-1.1553233,-0.066046074,-0.5121448
3665_HDAC5_P1P2_ENSG00000108840,HDAC5,0.4051071,-0.49803144,-0.23955621,-0.3221223
3666_HDAC6_P1P2_ENSG00000094631,HDAC6,-0.88367754,-1.1014916,0.5037709,0.37451166
3667_HDAC7_P1P2_ENSG00000061273,HDAC7,-0.2376574,-0.30176094,4.799196,-0.54230046
3668_HDAC8_P1P2_ENSG00000147099,HDAC8,-0.7020607,0.1657919,-0.6668249,-0.2097853
3669_HDDC2_P1P2_ENSG00000111906,HDDC2,-0.129642,-0.05033962,0.10512512,-0.35367042
366_AP1AR_P1P2_ENSG00000138660,AP1AR,-0.39062038,-0.35135406,-0.2868393,-0.66275495
3670_HDDC3_P1P2_ENSG00000184508,HDDC3,0.16881053,-0.04605136,-0.45659542,-0.47868404
3671_HDGF_P1P2_ENSG00000143321,HDGF,-0.07329851,2.2544432,-0.052051593,0.0027170992
3672_HDHD2_P1P2_ENSG00000167220,HDHD2,1.0276939,0.7556549,-0.9095798,0.874362
3673_HDHD3_P1P2_ENSG00000119431,HDHD3,-0.39454794,-0.1210472,-0.38661686,0.23743956
3674_HDLBP_P1_ENSG00000115677,HDLBP,-0.28323704,0.18372752,-0.5184848,-0.5318535
3675_HDLBP_P2_ENSG00000115677,HDLBP,-0.10959553,0.18740682,-0.26424676,-0.072661884
3676_HDX_P1P2_ENSG00000165259,HDX,-0.5121793,-0.14619063,-0.6086531,0.18226846
3677_HEATR1_P1P2_ENSG00000119285,HEATR1,-0.78573704,-1.139253,5.1482553,-0.3595635
3678_HEATR3_P1P2_ENSG00000155393,HEATR3,0.18992586,-1.1903137,-0.5052264,-0.40772185
3679_HEATR5A_P1P2_ENSG00000129493,HEATR5A,-0.0064974646,-0.032607406,-0.36795878,-0.08920908
367_AP1B1_P1P2_ENSG00000100280,AP1B1,-0.7062837,-0.17577963,-0.49475914,-0.45000866
3680_HEATR5B_P1P2_ENSG00000008869,HEATR5B,0.9193557,-0.043709368,0.010146123,0.25368196
3681_HEBP1_P1P2_ENSG00000013583,HEBP1,0.12670286,-0.17870922,-0.22868197,2.982783
3682_HEBP2_P1P2_ENSG00000051620,HEBP2,-0.43562016,0.22766815,0.6496733,-0.21444346
3683_HECTD1_P1P2_ENSG00000092148,HECTD1,-0.91000944,-0.3369031,0.0153412465,-0.32284322
3684_HECTD3_P1P2_ENSG00000126107,HECTD3,0.37972578,-0.1988841,-0.3432562,-0.5143993
3685_HECTD4_P1P2_ENSG00000173064,HECTD4,0.56440693,5.624677,-0.6055216,0.3350669
3686_HELLS_P1P2_ENSG00000119969,HELLS,-1.0859485,-0.3571553,-0.15663196,-0.11033016
3687_HELQ_P1P2_ENSG00000163312,HELQ,-0.24597156,-0.41390923,0.065044165,-0.28191286
3688_HELT_P1P2_ENSG00000187821,HELT,0.18555792,0.14631097,-0.27807817,-0.57107097
3689_HELZ_P1P2_ENSG00000198265,HELZ,-0.037165713,-0.12173514,-0.3473484,-0.7545032
368_AP1G1_P1P2_ENSG00000166747,AP1G1,-0.03211645,-0.5696863,-0.339132,0.38546702
3690_HEMGN_P1P2_ENSG00000136929,HEMGN,-0.40288967,-0.80350965,0.096445516,-0.0018753142
3691_HEMK1_P1P2_ENSG00000114735,HEMK1,-0.3576234,-0.23499003,-0.7053709,0.14687061
3692_HEPH_P1P2_ENSG00000089472,HEPH,0.84284717,0.16252844,-0.49440724,0.2948816
3693_HERC1_P1P2_ENSG00000103657,HERC1,-0.6393309,-0.2992201,0.39433908,-0.10452238
3694_HERC4_P1P2_ENSG00000148634,HERC4,-0.1144523,0.19476296,0.8678104,-0.30091214
3695_HERPUD1_P1P2_ENSG00000051108,HERPUD1,-0.6457357,-0.5417225,-0.85983276,0.005885689
3696_HERPUD2_P1P2_ENSG00000122557,HERPUD2,-0.5194581,-0.07694726,0.029654372,-0.7015526
3697_HES1_P1P2_ENSG00000114315,HES1,-0.61309904,0.07601157,0.060806,0.10709743
3698_HES2_P1_ENSG00000069812,HES2,-0.36265215,-0.006977527,0.036500085,0.05817589
3699_HES2_P2_ENSG00000069812,HES2,-0.87661105,-0.9421002,0.67085487,-0.61826205
369_AP1G2_P1P2_ENSG00000213983,AP1G2,-0.28895155,-0.020861533,-0.5822898,-0.35711432
36_ABCF3_P1P2_ENSG00000161204,ABCF3,-0.5536984,-0.7142288,-0.2931912,-0.026812172
3700_HES3_P1P2_ENSG00000173673,HES3,-0.1540322,0.11578418,-0.57446307,-0.35342285
3701_HES4_P1P2_ENSG00000188290,HES4,-0.056454077,-0.06978277,-0.31659028,-0.012295666
3702_HES5_P1P2_ENSG00000197921,HES5,-0.36211962,-0.6229907,0.74762076,-0.4866977
3703_HES6_P1P2_ENSG00000144485,HES6,-0.22545348,-1.1312976,-0.6860516,-0.48382008
3704_HES7_P1P2_ENSG00000179111,HES7,0.19677915,-0.5960761,-0.253668,-0.119908884
3705_HESX1_P1_ENSG00000163666,HESX1,0.043898854,-0.15911886,0.37633607,-0.11430672
3707_HEXA_P1P2_ENSG00000213614,HEXA,-0.8123986,0.22578472,-0.59671664,-0.43174905
3708_HEXB_P1P2_ENSG00000049860,HEXB,-0.036053307,0.2511001,-0.4631918,-0.10150595
3709_HEXD_P1P2_ENSG00000169660,HEXD,-0.05916462,0.13946766,0.03801375,-0.31325513
370_AP1M1_P1P2_ENSG00000072958,AP1M1,-0.23879205,0.20243134,-0.33044937,-0.46374676
3710_HEXIM1_P1P2_ENSG00000186834,HEXIM1,-0.5207739,0.072423756,2.1376321,-0.36025462
3711_HEXIM2_P2_ENSG00000168517,HEXIM2,0.2410278,0.0036155137,-0.05434861,-0.44807157
3712_HEXIM2_P1_ENSG00000168517,HEXIM2,-0.46957663,0.8382614,-0.051375795,0.06841423
3713_HEY1_P1P2_ENSG00000164683,HEY1,-0.4475726,-0.8305942,-0.2864761,0.19338474
3714_HEY2_P1P2_ENSG00000135547,HEY2,-0.26752976,-0.7557294,-0.030875646,-0.5894434
3715_HEYL_P1P2_ENSG00000163909,HEYL,0.8417751,0.39148176,-0.22233988,-0.54688245
3716_HGS_P1P2_ENSG00000185359,HGS,2.8830857,0.8177995,-0.7271789,3.2060587
3717_HHEX_P1P2_ENSG00000152804,HHEX,-0.34878844,0.6242341,0.72683173,0.17714848
3718_HHLA3_P1P2_ENSG00000197568,HHLA3,0.11448934,-0.4321552,-0.20516479,-0.13145277
3719_HIBADH_P1P2_ENSG00000106049,HIBADH,-0.083447896,-0.38681853,-0.3427268,-0.5706997
371_AP1S1_P1P2_ENSG00000106367,AP1S1,-0.13274787,0.6291195,-0.33570614,-0.022483438
3720_HIBCH_P1P2_ENSG00000198130,HIBCH,0.001876272,-0.25054872,-0.11193676,-0.14878447
3721_HIC1_P1P2_ENSG00000177374,HIC1,-0.23859468,-0.2105766,-1.1852928,0.06278281
3722_HIC2_P1_ENSG00000169635,HIC2,-0.7805972,-0.10378356,2.9128373,-0.52082443
3723_HIC2_P2_ENSG00000169635,HIC2,0.048085522,0.12332292,0.099258214,0.6416574
3724_HIF1AN_P1P2_ENSG00000166135,HIF1AN,0.45352617,-1.5943526,1.1228105,-0.45761433
3725_HIF1A_P1P2_ENSG00000100644,HIF1A,0.009805506,-0.43352666,-0.27617872,-0.4341173
3726_HIF3A_P1_ENSG00000124440,HIF3A,-0.20843397,-0.2564102,-0.4651089,-0.25507078
3727_HIF3A_P2_ENSG00000124440,HIF3A,-0.45832628,-0.20710233,0.13492683,-0.420323
3728_HIGD1A_P1P2_ENSG00000181061,HIGD1A,-0.2648289,1.4715221,-0.28507075,-0.82972735
3729_HIGD2A_P1P2_ENSG00000146066,HIGD2A,0.04600305,-0.40393373,0.14785336,0.0012311604
372_AP1S2_P1P2_ENSG00000182287,AP1S2,-0.67807746,-0.72044396,0.28700957,-0.45014995
3730_HILPDA_P1P2_ENSG00000135245,HILPDA,-0.12512952,0.32930943,0.6455708,0.03590378
3731_HINFP_P1P2_ENSG00000172273,HINFP,-0.56421435,-1.3490853,6.9842505,2.3009431
3732_HINT1_P1P2_ENSG00000169567,HINT1,-0.3940261,-0.33760074,-0.3570843,-0.24474807
3733_HINT2_P1P2_ENSG00000137133,HINT2,-0.25692356,0.8400308,0.19021633,-0.50564414
3734_HINT3_P1P2_ENSG00000111911,HINT3,-0.12984046,-0.8006603,-0.12806648,-0.017794076
3735_HIP1R_P1P2_ENSG00000130787,HIP1R,-0.23356406,0.8226439,0.058807243,-0.012696787
3736_HIPK1_P1P2_ENSG00000163349,HIPK1,0.5026973,-0.013971938,0.561706,0.27075934
3737_HIPK2_P1P2_ENSG00000064393,HIPK2,0.35808554,-0.31792834,-0.27615467,0.06860064
3738_HIPK3_P1_ENSG00000110422,HIPK3,-0.13477921,0.7078991,-0.795554,-0.71073085
3739_HIPK3_P2_ENSG00000110422,HIPK3,-0.22474994,-0.58782154,0.034911275,-0.3793471
373_AP2A1_P1P2_ENSG00000196961,AP2A1,0.14510515,0.19458783,0.6092371,-0.13042821
3740_HIRA_P2_ENSG00000100084,HIRA,-0.63647866,0.21052836,1.1805629,0.6863719
3741_HIRA_P1_ENSG00000100084,HIRA,0.78520226,-0.6998651,0.23719715,-0.46564087
3742_HIRIP3_P1P2_ENSG00000149929,HIRIP3,-0.68314445,1.6489089,-1.8292928,1.9222301
3743_HIST1H1B_P1P2_ENSG00000184357,HIST1H1B,-0.52089614,0.10891229,0.029237052,-0.28639176
3744_HIST1H1C_P1P2_ENSG00000187837,HIST1H1C,0.09379463,0.41830453,0.117598705,-0.65693057
3745_HIST1H1D_P1P2_ENSG00000124575,HIST1H1D,-0.7616173,0.6667331,-0.6104708,-0.20207357
3746_HIST1H1E_P1P2_ENSG00000168298,HIST1H1E,-0.1643206,0.32123095,0.084780365,-0.5529753
3747_HIST1H2AA_P1P2_ENSG00000164508,HIST1H2AA,-0.08531708,-0.30541086,0.0669687,0.35353962
3748_HIST1H2AB_P1P2_ENSG00000278463,HIST1H2AB,-0.23947005,-0.5826723,-0.24345967,0.12428262
3749_HIST1H2AC_P1P2_ENSG00000180573,HIST1H2AC,0.39792168,0.6610005,-0.47098836,0.011791623
374_AP2A2_P1P2_ENSG00000183020,AP2A2,0.115212016,-0.3412018,-0.22486463,-0.16985479
3750_HIST1H2AD_P1P2_ENSG00000196866,HIST1H2AD,-0.60344535,-0.13740751,0.5573042,-0.5976899
3751_HIST1H2AE_P1P2_ENSG00000277075,HIST1H2AE,0.076644175,-0.12296755,0.0075985766,-0.23106465
3752_HIST1H2AG_ENST00000359193.2_ENSG00000196787,HIST1H2AG,-0.013398819,0.061423115,-0.7719156,-0.07249056
3753_HIST1H2AH_P1P2_ENSG00000274997,HIST1H2AH,-0.78494924,0.028054021,-0.026327392,0.038841084
3754_HIST1H2AI_ENST00000358739.3_ENSG00000196747,HIST1H2AI,0.1788557,-0.31050426,0.3019662,-0.051211644
3755_HIST1H2AK_ENST00000330180.2_ENSG00000275221,HIST1H2AK,-0.27110246,-0.15758975,-0.24095573,-0.30560863
3756_HIST1H2AL_ENST00000357320.2_ENSG00000276903,HIST1H2AL,0.5281112,-0.43029788,0.49596015,-0.47147426
3757_HIST1H2AM_P1P2_ENSG00000278677,HIST1H2AM,0.22612162,0.21204706,-1.0249597,0.4737594
3758_HIST1H2BA_P1P2_ENSG00000146047,HIST1H2BA,-0.43011764,-0.6416277,-0.63310397,-0.23322998
3759_HIST1H2BB_P1P2_ENSG00000276410,HIST1H2BB,0.1914289,-0.11242179,-0.05060825,-0.2196703
375_AP2B1_P1P2_ENSG00000006125,AP2B1,-0.4461141,0.23806727,-0.40373075,-0.30288708
3760_HIST1H2BC_P1P2_ENSG00000180596,HIST1H2BC,0.02868964,-0.66179574,0.20599364,-1.1337358
3761_HIST1H2BD_P1P2_ENSG00000158373,HIST1H2BD,-0.19740154,-0.019811349,0.49931216,-0.3403618
3762_HIST1H2BE_ENST00000356530.3_ENSG00000274290,HIST1H2BE,-0.4514305,0.06882403,-0.27586615,-0.11441185
3763_HIST1H2BF_ENST00000359985.1_ENSG00000277224,HIST1H2BF,0.20487827,-0.32347685,-0.41442272,-0.17692795
3764_HIST1H2BG_ENST00000244601.3_ENSG00000273802,HIST1H2BG,0.3369581,-0.17290144,0.70694554,0.033222664
3765_HIST1H2BH_P1P2_ENSG00000275713,HIST1H2BH,-0.29070556,-0.7752446,0.05179657,-0.32772756
3766_HIST1H2BJ_P1P2_ENSG00000124635,HIST1H2BJ,-0.52491707,-0.42944935,-0.4668194,-0.5035523
3767_HIST1H2BK_P1P2_ENSG00000197903,HIST1H2BK,0.8094612,0.6341443,-0.57393825,0.34366614
3768_HIST1H2BL_P1P2_ENSG00000185130,HIST1H2BL,-0.021695022,-0.5060072,-0.33183223,-0.4191317
3769_HIST1H2BM_P1P2_ENSG00000273703,HIST1H2BM,-0.3806791,-0.3625944,-0.100697726,-0.690352
376_AP2M1_P2_ENSG00000161203,AP2M1,-0.512525,-0.35002232,-0.18140963,-0.37694985
3770_HIST1H2BN_P1P2_ENSG00000233822,HIST1H2BN,-0.01738138,-0.3251776,-0.35921955,-0.15239437
3771_HIST1H2BO_P1P2_ENSG00000274641,HIST1H2BO,-0.2974006,-0.54782784,0.16284594,0.414609
3772_HIST1H3A_ENST00000357647.3_ENSG00000275714,HIST1H3A,-0.4677209,-0.03359716,0.06623398,-0.40915063
3773_HIST1H3F_ENST00000446824.2_ENSG00000277775,HIST1H3F,-0.28467232,-0.069400325,0.21298619,-0.24897304
3775_HIST1H3J_ENST00000359303.2_ENSG00000197153,HIST1H3J,0.37512583,-0.40427297,0.75818765,-0.035324786
3777_HIST1H4B_ENST00000377364.3_ENSG00000278705,HIST1H4B,-0.04116588,0.19974774,-0.15243849,0.51619303
3778_HIST1H4C_P1P2_ENSG00000197061,HIST1H4C,-0.23616615,0.53968686,-0.66537386,-0.6264171
3779_HIST1H4D_ENST00000340756.2_ENSG00000277157,HIST1H4D,0.060656548,-0.0055893376,-0.43320912,-0.2681145
377_AP2M1_P1_ENSG00000161203,AP2M1,0.12360967,0.69278103,4.4817157,0.9301901
3780_HIST1H4E_P1P2_ENSG00000276966,HIST1H4E,-0.8676223,0.39509714,0.3730358,-0.23842451
"3781_HIST1H4H_ENST00000289352.1,ENST00000377727.1_ENSG00000158406",HIST1H4H,-0.25622663,0.14566867,0.2553774,-0.3821373
3782_HIST1H4I_ENST00000354348.2_ENSG00000276180,HIST1H4I,0.12446458,-0.5443735,0.6721928,0.33513957
3783_HIST1H4J_P1P2_ENSG00000197238,HIST1H4J,0.28803897,0.7281048,-0.40401134,-0.058570348
3784_HIST2H2AA3_ENST00000369161.3_ENSG00000203812,HIST2H2AA3,-0.41041458,-0.31098405,0.27222005,0.23162653
3786_HIST2H2AB_P1P2_ENSG00000184270,HIST2H2AB,-0.28802404,-0.0003414465,0.23473594,2.0416229
3787_HIST2H2AC_P1P2_ENSG00000184260,HIST2H2AC,-0.15238483,-0.12654683,0.66437405,-0.30035233
3788_HIST2H2BE_P1P2_ENSG00000184678,HIST2H2BE,-0.08925368,-0.47508,-0.06763498,-0.75374794
3789_HIST2H2BF_P1P2_ENSG00000203814,HIST2H2BF,-0.26977354,-0.67942244,0.08017415,-0.6382779
378_AP2S1_P1P2_ENSG00000042753,AP2S1,0.26313818,1.4779347,2.0941541,1.4780501
3790_HIST2H3A_P1P2_ENSG00000203852,HIST2H3A,-0.25560185,-0.90140337,2.1445599,0.04522111
3792_HIST2H3D_ENST00000331491.1_ENSG00000183598,HIST2H3D,-0.38543785,-0.08717152,0.26755583,-0.17604615
3793_HIST2H4A_ENST00000610125.1_ENSG00000270882,HIST2H4A,0.3626135,-0.37868702,-0.48356903,0.21067698
3795_HIST3H2A_P1P2_ENSG00000181218,HIST3H2A,-0.3948674,0.03672856,-0.40063992,0.19931407
3796_HIST3H2BB_P1P2_ENSG00000196890,HIST3H2BB,-0.13526997,0.13135591,-0.807338,-0.7610251
3797_HIVEP1_P1P2_ENSG00000095951,HIVEP1,-1.1216264,-0.061579794,0.5746104,0.36392292
3798_HIVEP2_P1P2_ENSG00000010818,HIVEP2,-0.52913153,-0.37482044,-0.099477485,-0.36023557
3799_HIVEP3_ENST00000372584.1_ENSG00000127124,HIVEP3,-0.47842166,-0.032552935,-0.19693844,-0.8775222
379_AP3B1_P1P2_ENSG00000132842,AP3B1,-0.71638286,-0.50375056,1.2028041,-1.6454705
37_ABCG1_P1P2_ENSG00000160179,ABCG1,-0.6426913,0.5517506,-0.849968,0.7368093
"3800_HIVEP3_ENST00000247584.5,ENST00000429157.2_ENSG00000127124",HIVEP3,-0.8063918,-1.2205544,0.34224042,-0.4986391
3801_HIVEP3_ENST00000372583.1_ENSG00000127124,HIVEP3,0.090532854,-0.28872016,0.43103442,-0.12554774
3802_HJURP_P1P2_ENSG00000123485,HJURP,0.014048837,2.5721214,0.55575955,0.32290533
3803_HK1_P2_ENSG00000156515,HK1,-0.41427186,-0.3433538,-0.04107839,-0.16649775
3804_HK1_P1_ENSG00000156515,HK1,-0.42073607,0.22042656,-0.38522208,-0.24081159
3805_HK2_P1P2_ENSG00000159399,HK2,0.014958782,-0.8345094,0.13231431,-0.64832526
3806_ZNF875_P2_ENSG00000181666,ZNF875,-0.7093783,-0.10017131,-0.10263515,-0.69592476
3807_ZNF875_P1_ENSG00000181666,ZNF875,1.6074178,0.44691962,-0.46492016,-0.27077866
3808_HLA-B_P1P2_ENSG00000234745,HLA-B,-0.24495731,0.20200036,-0.29057983,-0.15024418
3809_HLA-C_P1P2_ENSG00000204525,HLA-C,-0.3915561,0.30265588,-0.5537133,0.23208842
380_AP3D1_P1P2_ENSG00000065000,AP3D1,-1.1226246,-0.5932247,0.94643193,-0.15262808
3810_HLA-E_P1P2_ENSG00000204592,HLA-E,-0.05900004,0.5159369,0.10848271,-0.11859852
3811_HLCS_P2_ENSG00000159267,HLCS,0.017635513,-0.6056215,-0.0074593374,-0.5494078
3812_HLCS_P1_ENSG00000159267,HLCS,0.007325159,0.33695298,-0.5026062,-0.19686824
3813_HLF_P2_ENSG00000108924,HLF,-0.7470016,-0.05378201,-0.11340752,-0.5476539
3814_HLF_P1_ENSG00000108924,HLF,-0.0653003,0.111743055,0.24378252,-0.09591428
3815_HLTF_P1P2_ENSG00000071794,HLTF,-0.21196443,-0.018293085,-0.170774,-0.25984213
3816_HLX_P1P2_ENSG00000136630,HLX,-0.8134941,-1.923851,1.1220977,-2.5206616
3817_HM13_P1P2_ENSG00000101294,HM13,-0.43868235,0.07065137,-0.6159189,-0.41337138
3818_HMBOX1_P1P2_ENSG00000147421,HMBOX1,0.30720678,0.8183161,-1.7011379,5.7925916
3819_HMBS_P1_ENSG00000256269,HMBS,0.26723465,0.60798204,0.003933778,-0.40750977
381_AP3M1_P1P2_ENSG00000185009,AP3M1,0.7105933,0.41886935,-0.5880996,-0.5948016
3820_HMBS_P2_ENSG00000256269,HMBS,-0.53047454,-0.18500802,-0.48520106,0.032762185
3821_HMCES_P1P2_ENSG00000183624,HMCES,-0.25085145,0.063417844,-0.42819315,-0.5313421
3822_HMG20A_P1P2_ENSG00000140382,HMG20A,-0.007012028,0.11115273,-0.59151655,-0.09979009
3824_HMG20B_P2_ENSG00000064961,HMG20B,-0.26395968,-0.062016625,-0.30923468,0.32496867
3825_HMGA1_P1P2_ENSG00000137309,HMGA1,-0.4023698,0.05694261,0.5606589,0.06350435
3826_HMGA2_P1P2_ENSG00000149948,HMGA2,0.07690658,-0.19524586,-1.1352371,-0.32896996
3827_HMGB1_P1_ENSG00000189403,HMGB1,0.39642534,-0.23904677,-0.6242662,-0.546114
3828_HMGB1_P2_ENSG00000189403,HMGB1,-0.19615436,-0.051768884,-0.1510844,-0.33673406
3829_HMGB2_P1P2_ENSG00000164104,HMGB2,0.22434875,-0.5728138,-0.38001305,-0.57732797
382_AP3M2_P1P2_ENSG00000070718,AP3M2,-0.26520702,-0.02887362,-1.0344298,2.022489
3830_HMGB3_P1P2_ENSG00000029993,HMGB3,2.7006598,-0.7002766,-1.2626789,-0.61189574
3831_HMGCL_P1P2_ENSG00000117305,HMGCL,-0.6074899,0.13366802,0.54396236,-0.81921643
3832_HMGCR_P1P2_ENSG00000113161,HMGCR,0.18848635,-1.0726438,0.76394576,0.09438471
3833_HMGCS1_P1P2_ENSG00000112972,HMGCS1,1.1412436,-0.6987192,0.011460658,1.6589341
3834_HMGN1_P1P2_ENSG00000205581,HMGN1,0.23910347,-0.08947684,-0.31695572,-0.261427
3835_HMGN2_P1P2_ENSG00000198830,HMGN2,-0.7630331,-0.1940111,0.11377915,-0.2592085
3836_HMGN3_P1P2_ENSG00000118418,HMGN3,-0.7770626,0.079523906,0.034213748,-0.59038556
3837_HMGN4_P1P2_ENSG00000182952,HMGN4,-0.10691844,-0.11031777,-0.9600705,-0.30374038
3838_HMGN5_ENST00000358130.2_ENSG00000198157,HMGN5,0.009333828,0.54935086,0.79425544,-0.23494789
3839_HMGXB3_P1P2_ENSG00000113716,HMGXB3,-0.22156471,0.04095498,1.0259708,0.10420145
383_AP3S1_P1P2_ENSG00000177879,AP3S1,-0.19711168,-0.62397605,0.04535107,-0.32727632
3840_HMGXB4_P1P2_ENSG00000100281,HMGXB4,-0.12186897,0.05222093,-0.5025896,-0.2920382
3841_ARHGAP45_P1P2_ENSG00000180448,ARHGAP45,-0.36868384,0.24960832,-0.30405784,-0.41756436
3842_HMMR_P1P2_ENSG00000072571,HMMR,-0.25234717,-0.5568017,0.33961463,-0.47799745
3843_HMOX2_P1_ENSG00000103415,HMOX2,-0.4492214,-0.69560534,0.13829322,-0.16319948
3844_HMOX2_P2_ENSG00000103415,HMOX2,-0.19050482,-0.4308747,-0.39803746,-0.7409805
3845_HMX1_P1P2_ENSG00000215612,HMX1,0.3268653,-0.17139368,-0.4038896,-0.29779464
3846_HMX2_P1P2_ENSG00000188816,HMX2,0.048280135,-0.58555377,0.21327657,-0.22255132
3847_HMX3_P1P2_ENSG00000188620,HMX3,0.05750651,-0.7553444,-0.6852819,0.07443742
3848_JPT2_P1P2_ENSG00000206053,JPT2,-0.18255885,-0.74031776,0.7265427,-0.20348646
3849_JPT1_P1P2_ENSG00000189159,JPT1,-0.40745884,-0.18232243,0.0154009005,0.3540132
384_AP3S2_P1P2_ENSG00000157823,AP3S2,-0.40457684,-0.3634987,-0.41273016,-0.12083171
3850_HNF1A_P1P2_ENSG00000135100,HNF1A,-0.16016096,0.5189316,-0.037280384,0.025355466
3851_HNF1B_P1P2_ENSG00000275410,HNF1B,-0.3441048,-0.4967893,0.22773294,-0.75880355
3852_HNF4A_P1P2_ENSG00000101076,HNF4A,-0.8554886,-0.4962808,-0.43453038,-0.30659583
3853_HNF4G_P1_ENSG00000164749,HNF4G,-0.26969433,0.2619903,-0.79894894,0.22934169
3854_HNF4G_P2_ENSG00000164749,HNF4G,0.30071798,0.25543755,-0.6435884,0.27965024
3855_HNRNPA0_P1P2_ENSG00000177733,HNRNPA0,-0.83954275,-0.37376443,-0.44948092,-0.37955436
3856_HNRNPA1L2_P2_ENSG00000139675,HNRNPA1L2,-0.7885497,-0.50381553,0.36567762,-1.1196842
3857_HNRNPA1_P1P2_ENSG00000135486,HNRNPA1,0.7775545,-0.0017449529,-1.2866589,-0.42904288
3858_HNRNPA2B1_P1P2_ENSG00000122566,HNRNPA2B1,-0.6421126,0.24706225,-1.25715,0.21152644
3859_HNRNPA3_P1P2_ENSG00000170144,HNRNPA3,0.21470395,-0.6776372,-0.6856172,-0.715099
385_AP4B1_P1P2_ENSG00000134262,AP4B1,-0.35088083,-0.2111667,0.12733755,-0.32419854
3860_HNRNPAB_P1P2_ENSG00000197451,HNRNPAB,0.024127606,0.09441869,-0.59956974,-0.41494414
3861_HNRNPC_P1P2_ENSG00000092199,HNRNPC,-0.31751072,0.5838235,1.4917684,0.5735872
3862_HNRNPDL_P1P2_ENSG00000152795,HNRNPDL,-1.4276459,-1.2405931,4.6410766,-0.17643763
3863_HNRNPD_P1P2_ENSG00000138668,HNRNPD,0.5053752,-0.6203224,0.72014433,-0.64940506
3864_HNRNPF_P2_ENSG00000169813,HNRNPF,-0.35366982,-0.12914036,-0.30586782,-0.3021629
3865_HNRNPF_P1_ENSG00000169813,HNRNPF,1.3460145,-0.2003716,0.38299963,-0.25459886
3866_HNRNPH1_P1P2_ENSG00000169045,HNRNPH1,0.3887199,0.06761223,-1.0896192,1.3244306
3867_HNRNPH2_P1P2_ENSG00000126945,HNRNPH2,0.28372604,-0.17310372,0.12509279,0.17174976
3868_HNRNPH3_P1P2_ENSG00000096746,HNRNPH3,0.2933842,-0.007818989,0.021292057,-0.41912585
3869_HNRNPK_P1P2_ENSG00000165119,HNRNPK,-0.5196824,0.16647898,-1.9936651,1.9303807
386_AP4M1_P1P2_ENSG00000221838,AP4M1,-0.93806624,-1.3299123,1.0869746,-0.6077489
3870_HNRNPLL_P1P2_ENSG00000143889,HNRNPLL,0.45345268,-0.64897823,0.463556,0.09878247
3871_HNRNPL_P2_ENSG00000104824,HNRNPL,0.86386937,0.6646934,-0.46689728,-0.42708367
3872_HNRNPL_P1_ENSG00000104824,HNRNPL,0.82139295,-0.2966861,-1.0579803,0.9830501
3873_HNRNPM_P1_ENSG00000099783,HNRNPM,1.128295,-0.35586172,0.17081107,-1.0025015
3874_HNRNPM_P2_ENSG00000099783,HNRNPM,-0.20565751,-0.2875478,-0.14441246,-0.0230506
3875_HNRNPR_P1P2_ENSG00000125944,HNRNPR,0.39523646,-0.29503044,-0.14108796,-0.3428265
3876_HNRNPUL1_P1P2_ENSG00000105323,HNRNPUL1,0.10258688,2.4257386,-0.73578376,-0.13097583
3877_HNRNPUL2_P1P2_ENSG00000214753,HNRNPUL2,-0.03647312,0.38461307,-1.0063648,0.09120859
3878_HNRNPU_P1P2_ENSG00000153187,HNRNPU,-0.22151496,-0.3126373,-1.1067432,-0.6163092
3879_HOMER1_P1P2_ENSG00000152413,HOMER1,-0.30260473,0.2652296,0.046951387,0.061471842
387_AP4S1_P1P2_ENSG00000100478,AP4S1,0.17234643,-0.54920226,-0.028750135,0.09406606
3880_HOMER3_P1P2_ENSG00000051128,HOMER3,-0.52266896,1.0396769,-0.65730464,-0.33017516
3881_HOMEZ_P1P2_ENSG00000215271,HOMEZ,-0.85695845,-0.12059107,-0.2219353,-0.6924204
3882_HOOK1_P1P2_ENSG00000134709,HOOK1,-0.22677577,-0.9758161,-0.4340409,-0.89676875
3883_HOOK2_P1_ENSG00000095066,HOOK2,-0.016167596,-0.28201842,0.035926815,-0.34320718
3884_HOOK2_P2_ENSG00000095066,HOOK2,-0.69811946,0.8831075,0.19559248,-0.41059136
3885_HOOK3_P1P2_ENSG00000168172,HOOK3,-0.42485365,-0.08301579,0.110152856,-0.8067809
3886_HOXA10_P1P2_ENSG00000253293,HOXA10,-0.1711914,0.082156874,-0.25818673,-0.08086418
3887_HOXA11_P1P2_ENSG00000005073,HOXA11,-0.34655076,-0.6659073,0.26380473,-0.46156496
3888_HOXA13_P1P2_ENSG00000106031,HOXA13,-0.06474123,0.7099764,-0.7472109,-0.13471003
3889_HOXA1_P1P2_ENSG00000105991,HOXA1,-0.7812261,-1.0721292,0.24865907,-0.793015
388_AP5B1_P1P2_ENSG00000254470,AP5B1,-0.13169487,0.23079872,-0.82823014,0.05066774
3890_HOXA2_P1P2_ENSG00000105996,HOXA2,-0.35030824,0.14383513,0.13949123,-0.21739802
3891_HOXA3_P2_ENSG00000105997,HOXA3,-0.2886989,-0.18803875,0.4099913,-0.04313438
3892_HOXA3_P1_ENSG00000105997,HOXA3,-0.42504132,-0.22040305,0.13325863,-0.58280826
3893_HOXA4_P1P2_ENSG00000197576,HOXA4,-0.39508462,-0.58549577,-0.03495704,-0.70788234
3894_HOXA5_P1P2_ENSG00000106004,HOXA5,-0.2113249,-0.71701676,0.20274535,-0.73916805
3895_HOXA6_P1P2_ENSG00000106006,HOXA6,0.004086695,-0.44669235,-0.6032197,0.16750197
3896_HOXA7_P1P2_ENSG00000122592,HOXA7,-0.5088923,-0.17338815,0.041290984,-0.22904311
3897_HOXA9_P1P2_ENSG00000078399,HOXA9,-0.0055960487,0.56127626,0.33993328,0.6254482
3898_HOXB13_P1P2_ENSG00000159184,HOXB13,-0.010186988,0.63318944,-0.29921,-0.12500446
3899_HOXB1_P1P2_ENSG00000120094,HOXB1,-1.3819902,-0.7193339,-0.16607077,-1.0731368
389_AP5M1_P1P2_ENSG00000053770,AP5M1,0.23669723,-0.05245977,-0.21407367,0.05270913
38_ABHD10_P1P2_ENSG00000144827,ABHD10,0.5106704,0.04922057,0.09382249,-0.16602649
3900_HOXB2_P1P2_ENSG00000173917,HOXB2,-0.25106722,0.045478392,0.104935564,-0.6635781
3901_HOXB3_P1P2_ENSG00000120093,HOXB3,-0.5840596,-0.25740033,-0.46254656,-0.53784674
3902_HOXB4_P1P2_ENSG00000182742,HOXB4,-0.101793826,0.03347394,-1.1719458,0.13896063
3903_HOXB5_P1P2_ENSG00000120075,HOXB5,-0.51441985,-0.57903665,-0.15416454,0.054791033
3904_HOXB6_P2_ENSG00000108511,HOXB6,-0.4210133,-0.15530214,-0.11682632,-1.1831993
3905_HOXB6_P1_ENSG00000108511,HOXB6,-0.9514841,-0.5358412,-0.31869698,-0.7140541
3906_HOXB7_P1P2_ENSG00000260027,HOXB7,-0.24500178,0.1068946,0.0044946796,0.13019906
3907_HOXB8_P1_ENSG00000120068,HOXB8,-0.7936012,-0.52835166,0.45240042,-1.008933
3908_HOXB8_P2_ENSG00000120068,HOXB8,0.53897274,0.13892944,-0.3066883,0.033357006
3909_HOXB9_P1P2_ENSG00000170689,HOXB9,0.110217124,0.07623077,-0.2739563,-0.26678926
390_AP5S1_P1P2_ENSG00000125843,AP5S1,-0.73002243,0.65057075,-0.06457757,-0.23244508
3910_HOXC10_P1P2_ENSG00000180818,HOXC10,0.34470785,0.008809518,-0.2941143,-0.13459805
3911_HOXC11_P1P2_ENSG00000123388,HOXC11,-0.017881881,-0.5831014,-0.5454051,-0.19473276
3912_HOXC12_P1P2_ENSG00000123407,HOXC12,-0.28927514,-0.39713672,0.39581177,-0.245703
3913_HOXC13_P1P2_ENSG00000123364,HOXC13,-0.08354384,0.22110556,-0.022353634,-0.53651875
3914_HOXC4_ENST00000430889.2_ENSG00000198353,HOXC4,0.26762897,-0.16794801,-0.41829383,0.17344701
3915_HOXC5_P1P2_ENSG00000172789,HOXC5,-0.92871255,-0.30200112,0.5210682,-0.58289987
3917_HOXC8_P1P2_ENSG00000037965,HOXC8,-0.04778612,-0.62622577,-0.24312466,-0.30355516
3918_HOXC9_P1P2_ENSG00000180806,HOXC9,0.08997185,0.17142417,-0.04027689,-0.6836648
3919_HOXD10_P2_ENSG00000128710,HOXD10,-0.038746394,-0.84589475,-0.54622924,0.038546246
391_AP5Z1_P1P2_ENSG00000242802,AP5Z1,-0.2825253,-0.046506654,-0.42223525,-0.3908615
3920_HOXD10_P1_ENSG00000128710,HOXD10,0.19189534,-0.38224953,-0.5404791,-0.17909145
3921_HOXD11_P1P2_ENSG00000128713,HOXD11,-0.695783,-0.5343211,0.21576387,-0.1693084
3922_HOXD12_P1P2_ENSG00000170178,HOXD12,-0.7371365,-0.64220953,-0.11378441,-0.42512965
3923_HOXD13_P1P2_ENSG00000128714,HOXD13,0.31666157,0.24170583,-0.17169282,-0.09563358
3924_HOXD1_P1P2_ENSG00000128645,HOXD1,-0.22550769,-0.4414211,-0.684718,-0.25218973
3925_HOXD3_P1P2_ENSG00000128652,HOXD3,0.194887,-0.21625288,-0.8404104,0.24584052
3926_HOXD4_P1P2_ENSG00000170166,HOXD4,-0.34926498,-0.5580816,0.7761543,-0.13817202
3927_HOXD8_P1P2_ENSG00000175879,HOXD8,-0.6510493,0.535753,0.17494863,0.15406336
3928_HOXD9_P1P2_ENSG00000128709,HOXD9,0.31121853,-0.42905697,-0.4686375,0.030013038
3929_HP1BP3_P1P2_ENSG00000127483,HP1BP3,0.10697252,-0.05119631,-0.5069957,-0.59778625
392_APAF1_P1P2_ENSG00000120868,APAF1,0.25075093,-0.18463911,-0.2144947,-0.07355441
3930_HPCAL1_P1P2_ENSG00000115756,HPCAL1,0.09818691,-0.20823224,0.06341717,-0.6417589
3931_HPRT1_P1P2_ENSG00000165704,HPRT1,0.28960243,-0.08882301,0.322918,-0.18073998
3932_HPS1_P1P2_ENSG00000107521,HPS1,-0.74230826,-0.37719685,-0.2687163,-0.22976667
3933_HPS3_P1P2_ENSG00000163755,HPS3,-0.086674914,-0.22905852,-0.16562462,0.12924968
3934_HPS4_P1P2_ENSG00000100099,HPS4,-0.61450773,-0.88445944,0.53851575,-0.8502147
3935_HPS5_P1P2_ENSG00000110756,HPS5,0.17906755,0.9215499,0.83262485,1.1623931
3936_HPS6_P1P2_ENSG00000166189,HPS6,-0.28023332,0.11331194,0.5929364,0.062705986
3937_HRAS_P1_ENSG00000174775,HRAS,0.35046822,-0.50410587,0.17192219,0.06401489
3938_HRAS_P2_ENSG00000174775,HRAS,-0.1242089,0.19034679,-0.58433104,-0.54226744
3939_HRC_P1P2_ENSG00000130528,HRC,-0.2639094,-0.42465305,0.039120965,-0.35540074
393_APBA2_P1P2_ENSG00000034053,APBA2,0.4033021,-0.0723003,0.03540956,0.01773578
3940_RIDA_P1P2_ENSG00000132541,RIDA,0.5213439,0.118165694,-0.8243654,-0.099760965
3941_HS2ST1_P1P2_ENSG00000153936,HS2ST1,-0.4674948,0.072746664,0.67926306,-0.34861004
3942_HS3ST3A1_P1P2_ENSG00000153976,HS3ST3A1,2.2249126,-0.21370097,0.80087906,0.22536965
3943_HS3ST3B1_P1P2_ENSG00000125430,HS3ST3B1,-0.014369572,-0.6554066,-0.3887949,-0.1253115
3944_HS6ST1_P1P2_ENSG00000136720,HS6ST1,-0.2974615,-0.19779962,-0.026171546,-0.15055218
3945_HSBP1_P1P2_ENSG00000230989,HSBP1,-0.5248272,-0.6878137,0.2662766,-0.06332183
3946_HSCB_P1P2_ENSG00000100209,HSCB,1.8509259,-0.016868757,-0.91910565,1.7469858
3947_HSD11B1L_P1P2_ENSG00000167733,HSD11B1L,-0.37335464,-0.38755625,-0.038149264,-0.5758502
3948_HSD17B10_P1P2_ENSG00000072506,HSD17B10,2.35802,1.1329697,-1.5147494,1.7699826
3949_HSD17B11_P1P2_ENSG00000198189,HSD17B11,-0.3298423,0.019261079,-0.402819,0.23169413
394_APBA3_P1P2_ENSG00000011132,APBA3,0.058267843,0.24261153,-0.26625633,0.22114965
3950_HSD17B12_P1P2_ENSG00000149084,HSD17B12,4.651474,0.080570474,-0.6486392,6.189371
3951_HSD17B1_P1P2_ENSG00000108786,HSD17B1,-0.43219545,-0.054297928,0.52182215,-0.58925325
3952_HSD17B4_P1P2_ENSG00000133835,HSD17B4,-0.16360988,-0.37891135,-0.31840542,-0.46510494
3953_HSD17B7_P1_ENSG00000132196,HSD17B7,-0.18072732,0.028664049,-0.43292835,-0.13310018
3954_HSD17B7_P2_ENSG00000132196,HSD17B7,0.03497274,-0.44302714,0.38748398,-0.36273375
3955_HSD17B8_P1P2_ENSG00000204228,HSD17B8,-0.11824279,-0.24886109,-0.4636727,-0.15126511
3956_HSD3B7_P1P2_ENSG00000099377,HSD3B7,-0.71629703,0.13550119,-0.033808354,-0.23326594
3957_HSDL1_P1P2_ENSG00000103160,HSDL1,-0.4029335,-0.13076183,-0.055885993,0.34716612
3958_HSDL2_P1P2_ENSG00000119471,HSDL2,-0.0059903036,-0.09562266,0.58663476,1.1290501
3959_HSF1_P1P2_ENSG00000185122,HSF1,-0.26218912,-0.3767341,0.16059642,-0.979321
395_APBB3_P1P2_ENSG00000113108,APBB3,-0.1044578,-0.1613885,0.4250469,0.0782085
3960_HSF2_P1P2_ENSG00000025156,HSF2,0.4905887,-1.4511312,0.53175247,-0.07418395
3961_HSF4_P1P2_ENSG00000102878,HSF4,-0.2998687,-0.4682855,0.41165704,-0.4563073
3962_HSF5_P1P2_ENSG00000176160,HSF5,-0.30526006,-0.46418944,0.3465439,0.0007987093
3963_HSFX1_ENST00000370416.4_ENSG00000171116,HSFX1,-0.24640915,-0.018075416,0.021831417,-0.6320493
3965_HSFY1_ENST00000307393.2_ENSG00000172468,HSFY1,-0.18323435,-0.4826311,-0.50602853,-0.31926683
3967_HSP90AA1_P1P2_ENSG00000080824,HSP90AA1,-0.0012298545,-0.41399422,-0.55020016,-0.01439977
3968_HSP90AB1_P1P2_ENSG00000096384,HSP90AB1,-0.78283703,0.25060245,1.2838515,-0.96994376
3969_HSP90B1_P1P2_ENSG00000166598,HSP90B1,-0.3979928,1.8711143,0.29584768,-0.04817343
396_APC_P2_ENSG00000134982,APC,0.5331004,0.8115142,-0.35363853,-0.32592934
3970_HSPA13_P1P2_ENSG00000155304,HSPA13,-0.2178263,4.9433594,-0.68554616,0.2087028
3971_HSPA14_P1P2_ENSG00000284024,HSPA14,-0.3307934,0.15975145,0.51061577,0.040503547
3974_HSPA1B_P1_ENSG00000204388,HSPA1B,-1.1073853,0.06753404,-0.01283452,-0.19869842
3975_HSPA1B_P2_ENSG00000204388,HSPA1B,0.39268667,-0.5612409,-0.63382787,0.00038641758
3976_HSPA4L_P1P2_ENSG00000164070,HSPA4L,-0.21921922,-0.086777076,-0.2165938,-0.63333964
3977_HSPA4_P1P2_ENSG00000170606,HSPA4,0.5424201,0.3248799,0.18439206,0.94778216
3978_HSPA5_P1P2_ENSG00000044574,HSPA5,3.135673,22.384682,-1.3563337,1.041824
3979_HSPA8_P1P2_ENSG00000109971,HSPA8,-0.028132383,-0.9884883,3.085395,-1.791125
397_APC_P1_ENSG00000134982,APC,0.1565747,-0.4432979,-0.7046345,-0.35827398
3980_HSPA9_P1P2_ENSG00000113013,HSPA9,13.261153,6.4683094,-2.444996,7.7681413
3981_HSPB11_P1P2_ENSG00000081870,HSPB11,0.5121502,0.71132475,0.23306875,1.2181398
3982_HSPB1_P1_ENSG00000106211,HSPB1,-0.07573998,0.047877215,-0.82472,0.030774932
3983_HSPB1_P2_ENSG00000106211,HSPB1,-0.42440206,-0.39704254,-0.54868156,0.118579425
3984_HSPBP1_P1P2_ENSG00000133265,HSPBP1,0.039817106,-0.43216985,0.22770092,0.44524583
3985_HSPD1_P1P2_ENSG00000144381,HSPD1,3.615108,1.9229207,-1.2143623,1.1446587
3986_HSPE1_P1P2_ENSG00000115541,HSPE1,17.151878,6.7761207,-3.4921253,5.082716
3987_HSPG2_P1P2_ENSG00000142798,HSPG2,0.021462945,-0.04596687,-0.7277024,-0.05577445
3988_HSPH1_P1P2_ENSG00000120694,HSPH1,0.24438356,-0.8144198,-0.33764187,-0.36318097
3989_HTATIP2_P1P2_ENSG00000109854,HTATIP2,-0.23470077,0.27769735,-0.107413396,0.10577366
398_APEH_P1P2_ENSG00000164062,APEH,1.230538,-0.08038057,0.08024888,-0.65232635
3990_HTATSF1_P1P2_ENSG00000102241,HTATSF1,-0.11562903,0.28396344,-1.2034155,-0.15600815
3991_HTRA2_P1P2_ENSG00000115317,HTRA2,-0.38621944,0.8615065,-0.17592159,-0.4507113
3992_HTT_P1P2_ENSG00000197386,HTT,-0.00079647574,-0.46316588,0.2880159,-0.31842452
3993_HUS1_P1P2_ENSG00000136273,HUS1,-0.7029103,-0.041113127,0.4883194,-0.45210525
3994_HUWE1_P1P2_ENSG00000086758,HUWE1,-0.4428355,-0.46945545,-0.27664188,1.6083187
3995_HYAL2_P1_ENSG00000068001,HYAL2,-0.09413038,-0.036338862,0.27854982,0.1834952
3996_HYAL2_P2_ENSG00000068001,HYAL2,0.012176106,-0.17416728,-0.6263226,0.09634333
3997_HYAL3_P1P2_ENSG00000186792,HYAL3,-0.6616374,-0.9536599,-0.025346125,-1.0317925
3998_HYI_P1P2_ENSG00000178922,HYI,-0.30423895,0.82100177,0.26781687,-0.9513155
3999_HYLS1_P1P2_ENSG00000198331,HYLS1,-0.21464978,-0.8792973,0.5353185,-0.60481334
399_APEX1_P1P2_ENSG00000100823,APEX1,0.14965843,0.2039672,-0.40204987,-0.016439432
39_ABHD11_P1P2_ENSG00000106077,ABHD11,0.005240475,-0.3394935,-0.54493046,-0.74654037
3_AACS_P1P2_ENSG00000081760,AACS,-0.38498688,0.20958397,-0.540826,0.41016695
4000_HYOU1_P1P2_ENSG00000149428,HYOU1,0.12674148,3.9479008,-0.6159067,0.34471413
4001_HYPK_P1P2_ENSG00000242028,HYPK,0.44171774,0.22904302,0.37818298,1.0247716
4002_IAH1_P1P2_ENSG00000134330,IAH1,1.0077595,0.6707889,-1.4348638,0.8319771
4003_IARS2_P1P2_ENSG00000067704,IARS2,10.631495,3.9433997,-3.0878923,4.0155525
4004_IARS_P1P2_ENSG00000196305,IARS,3.6428053,0.9947736,-1.7791767,1.8165637
4005_IBA57_P1P2_ENSG00000181873,IBA57,-0.3318498,-0.24178614,-0.18281595,-0.635595
4006_IBTK_P2_ENSG00000005700,IBTK,-0.35205913,-0.33057413,-0.61956096,-0.93624926
4007_IBTK_P1_ENSG00000005700,IBTK,-0.37773696,0.14608505,-0.098838955,-0.30458558
4008_ICA1_P1P2_ENSG00000003147,ICA1,2.108039,-0.03782405,0.6878537,-0.032072715
4009_ICAM1_P1P2_ENSG00000090339,ICAM1,-0.36936566,-0.22784403,-0.4441888,-0.98657763
400_APEX2_P1P2_ENSG00000169188,APEX2,-0.0621782,-0.8592258,0.08456009,-0.18549769
4010_ICAM2_P1P2_ENSG00000108622,ICAM2,0.3723674,-0.30265167,-0.53830135,0.22468238
4011_ICAM3_P1P2_ENSG00000076662,ICAM3,-0.68414956,-0.2328812,-0.13259485,-0.13550407
4012_ICAM4_P1P2_ENSG00000105371,ICAM4,-0.3373131,-0.3840357,0.3647189,-0.83264434
4013_ICAM5_P1_ENSG00000105376,ICAM5,-0.54953206,0.8034785,-0.54670376,-0.5235542
4014_ICAM5_P2_ENSG00000105376,ICAM5,0.48454386,-0.0909183,-0.09829841,0.45419994
4015_ICK_P1P2_ENSG00000112144,ICK,-0.13959835,-0.74616873,0.18648864,-0.20879671
4016_ICMT_P1P2_ENSG00000116237,ICMT,-0.28782612,0.1182349,-0.23309886,-0.11151985
4017_MRPL58_P1P2_ENSG00000167862,MRPL58,0.43839502,-0.21844997,-1.0875804,0.268184
4018_ID1_P1P2_ENSG00000125968,ID1,-0.1623704,0.30471143,-0.0008575959,0.31780815
4019_ID2_P2_ENSG00000115738,ID2,-0.79968303,-0.31286454,0.07306844,-0.16710956
401_APH1A_P1P2_ENSG00000117362,APH1A,-0.6608773,0.35831076,0.011905122,-0.39831603
4020_ID2_P1_ENSG00000115738,ID2,-0.19579108,0.3788434,-0.5423483,0.53558433
4021_ID3_P1P2_ENSG00000117318,ID3,-0.810073,-0.17240906,-0.66557366,-0.2760774
4022_IDE_P1P2_ENSG00000119912,IDE,-0.36184973,0.17955984,0.24167801,-0.25490555
4023_IDH1_P1P2_ENSG00000138413,IDH1,0.16085301,-0.3295079,-0.8715087,-0.5814022
4024_IDH2_P1P2_ENSG00000182054,IDH2,-1.3609341,0.15279716,0.8894339,0.5161782
4025_IDH3A_P2_ENSG00000166411,IDH3A,-0.04836132,-0.49180827,0.72735745,-0.9137811
4026_IDH3A_P1_ENSG00000166411,IDH3A,0.20040055,0.21055348,1.2856076,0.030303743
4027_IDH3B_P1P2_ENSG00000101365,IDH3B,1.5962461,0.1436631,-0.82674426,0.27748242
4028_IDH3G_P1P2_ENSG00000067829,IDH3G,-0.17512672,-0.10091492,-0.1365983,-0.59431726
4029_IDI1_P1P2_ENSG00000067064,IDI1,-0.6520123,-0.62122697,3.2180743,-0.0033905157
402_APH1B_P1P2_ENSG00000138613,APH1B,0.5975511,-0.21840481,-0.20493452,-0.31748682
4030_IDS_P1P2_ENSG00000010404,IDS,-0.77320516,-0.17630632,-0.48241562,-0.71160465
4031_IDUA_P1P2_ENSG00000127415,IDUA,-0.70282644,0.8402905,-0.36459523,-1.2049276
4032_IER2_P1P2_ENSG00000160888,IER2,-0.6809292,-0.08761574,-0.15407725,-0.34337232
4033_IER3IP1_P1P2_ENSG00000134049,IER3IP1,-0.64062184,5.2423615,0.7375236,-1.9502128
4034_IER3_P1P2_ENSG00000137331,IER3,-0.23563692,0.14086883,-0.5111384,-0.2809542
4035_IER5L_P1P2_ENSG00000188483,IER5L,0.1315376,0.20367111,-0.42083806,0.008808029
4036_IER5_P1P2_ENSG00000162783,IER5,-0.04504882,0.41821232,-0.115266226,-0.07972637
4037_IFI27L1_P1P2_ENSG00000165948,IFI27L1,-0.43116894,-1.3432183,0.3078778,-0.47976947
4038_IFI27L2_P1P2_ENSG00000119632,IFI27L2,-1.0727645,-0.52139556,-0.6070303,-0.36496204
4039_IFI30_P1P2_ENSG00000216490,IFI30,0.056745917,-0.6041748,0.22819977,-0.526138
403_API5_P1P2_ENSG00000166181,API5,-0.41924322,-0.29370144,0.43751642,-0.49014163
4040_IFI35_P1P2_ENSG00000068079,IFI35,-0.13877293,0.7277359,-0.36607128,0.7353075
4041_IFITM1_P1P2_ENSG00000185885,IFITM1,0.02257939,-0.4760045,-0.39844176,-0.06265932
4042_IFITM2_P1P2_ENSG00000185201,IFITM2,0.4277291,-0.68264693,-0.5128204,-0.24575853
4043_IFITM3_P1P2_ENSG00000142089,IFITM3,-0.02057205,-0.14675057,0.256614,-0.9100096
4044_IFNAR1_P1P2_ENSG00000142166,IFNAR1,-0.26140374,-0.50858957,0.6182104,-0.80835754
4045_IFNAR2_P1P2_ENSG00000159110,IFNAR2,0.5126951,0.05515094,-0.32461402,0.33628854
4046_IFNGR1_P1P2_ENSG00000027697,IFNGR1,-0.46378186,-0.17227338,0.1244683,-0.026635963
4047_IFNGR2_P1P2_ENSG00000159128,IFNGR2,-0.106624566,-0.23027985,-0.12986207,-0.19746779
4048_IFRD1_P2_ENSG00000006652,IFRD1,0.9902955,0.55718726,0.027064629,0.14482108
4049_IFRD1_P1_ENSG00000006652,IFRD1,-0.074904785,0.019885955,-0.10675891,-0.20500398
404_APIP_P1P2_ENSG00000149089,APIP,-0.4217497,-0.016653592,-0.5352354,-0.27211326
4050_IFRD2_P1P2_ENSG00000214706,IFRD2,0.23829947,-0.2957115,-0.21927877,-0.5707148
4051_IFT172_P1P2_ENSG00000138002,IFT172,-0.27043203,-0.27603337,-0.051417805,-0.33013353
4052_IFT20_P1P2_ENSG00000109083,IFT20,-0.3578773,-0.41552284,-0.34366247,-0.23149553
4053_IFT27_P1P2_ENSG00000100360,IFT27,-0.09025057,-0.12784201,-0.5640272,0.22602658
4054_IFT43_P1P2_ENSG00000119650,IFT43,-0.5304708,-0.35270634,0.10998732,-0.6731155
4055_IFT46_P1P2_ENSG00000118096,IFT46,-0.93294024,-0.5291632,-0.11088083,-0.3893818
4056_IFT52_P1P2_ENSG00000101052,IFT52,-0.021900577,1.1331549,-0.042790104,0.277529
4057_IFT57_P1P2_ENSG00000114446,IFT57,-0.06346837,-0.21814616,-0.2756691,-0.31758404
4058_IFT80_P1P2_ENSG00000068885,IFT80,0.89443976,0.0847795,0.7138036,1.2459413
4059_IFT81_P1P2_ENSG00000122970,IFT81,-0.39103353,0.21170607,-0.5479353,-0.61935693
405_CENPS_P1P2_ENSG00000175279,CENPS,-0.07522583,-0.44684324,0.11245948,-0.35730344
4060_IFT88_P1P2_ENSG00000032742,IFT88,-0.51018053,0.56856537,0.032255623,-0.14239456
4061_IGBP1_P1P2_ENSG00000089289,IGBP1,-0.54982245,-0.4355947,-0.5991983,1.1222199
4062_IGF1R_P1_ENSG00000140443,IGF1R,-0.27273843,-0.4334948,0.2169317,0.25099656
4063_IGF1R_P2_ENSG00000140443,IGF1R,0.03568294,0.015638858,0.30513057,-0.13737504
4065_IGF2BP1_P1P2_ENSG00000159217,IGF2BP1,0.2380539,-0.043504335,-0.19891672,-0.32683146
4066_IGF2BP2_P1P2_ENSG00000073792,IGF2BP2,-0.006124411,-0.69635344,-0.51166695,-0.36355206
4067_IGF2BP3_P1P2_ENSG00000136231,IGF2BP3,0.2717793,-0.35328484,-0.69415295,-0.4353493
4068_IGF2R_P1P2_ENSG00000197081,IGF2R,0.1830472,0.53967035,-0.49799827,0.8766533
4069_IGFBP2_P1P2_ENSG00000115457,IGFBP2,0.1692059,-0.43967202,-0.7931273,-0.036444813
406_APLP1_P1P2_ENSG00000105290,APLP1,-0.31643048,0.3488039,-0.35213494,0.011003654
4070_IGFBP4_P1P2_ENSG00000141753,IGFBP4,-0.050573792,-0.10213456,-0.0906785,-0.37018964
4071_IGFLR1_P1_ENSG00000126246,IGFLR1,0.7591412,0.36054564,-0.49714977,0.46265003
4072_IGFLR1_P2_ENSG00000126246,IGFLR1,0.06346445,-0.49795747,0.022253197,-0.14501749
4073_IGHMBP2_P1P2_ENSG00000132740,IGHMBP2,0.8793306,-1.1510222,-0.42839983,-0.45138288
4074_IGSF3_P1P2_ENSG00000143061,IGSF3,0.43292692,0.30870634,0.9944883,-0.6987652
4075_IGSF8_P1P2_ENSG00000162729,IGSF8,-0.53399986,-0.2725744,0.25746703,-0.40095115
4076_IKBIP_P1P2_ENSG00000166130,IKBIP,0.09224284,0.44025603,-0.88727957,-0.12084338
4077_ELP1_P1P2_ENSG00000070061,ELP1,0.16196738,1.7475712,-1.3705292,0.43809798
4078_IKBKB_P1P2_ENSG00000104365,IKBKB,0.12728925,-0.3444568,-0.7051276,-0.74099
4079_IKBKE_P1P2_ENSG00000263528,IKBKE,0.1826134,0.12399105,-0.663372,-0.73925644
407_APLP2_P1P2_ENSG00000084234,APLP2,-0.39339098,-0.28633082,0.80236053,-0.45551464
4080_IKBKG_P1P2_ENSG00000269335,IKBKG,0.75185376,-0.20440263,0.1024605,-0.116722465
4081_IKZF1_P1P2_ENSG00000185811,IKZF1,-0.041981436,0.7019494,-0.5300457,-0.046859678
4082_IKZF2_P2_ENSG00000030419,IKZF2,0.34884208,-0.5095368,-0.61576253,0.048167143
4083_IKZF2_P1_ENSG00000030419,IKZF2,0.5844279,0.83235466,-0.7145519,0.7432894
4084_IKZF3_P1P2_ENSG00000161405,IKZF3,-0.54273057,-0.25293836,-0.13879524,0.07044758
4085_IKZF4_P1_ENSG00000123411,IKZF4,0.023247754,-1.0185965,-0.08310565,-1.002993
4086_IKZF4_P2_ENSG00000123411,IKZF4,0.3718904,0.27917612,-0.13386735,0.6024172
4087_IKZF5_P1P2_ENSG00000095574,IKZF5,0.14605209,-0.52632916,-0.3688801,-0.36715913
4088_IK_P1_ENSG00000113141,IK,0.004855432,-0.16005474,-0.94961244,-0.1897122
4089_IK_P2_ENSG00000113141,IK,-0.31821692,-0.2165987,-0.37945458,-0.33520907
408_APMAP_P1P2_ENSG00000101474,APMAP,-0.36177295,-0.2361715,-0.45868856,-0.38378128
4090_IL10RB_P1P2_ENSG00000243646,IL10RB,-0.1532175,-0.43512583,0.39114058,-0.74841815
4091_IL13RA1_P1P2_ENSG00000131724,IL13RA1,-0.49408466,-0.74098504,-0.1168402,-0.48444194
4092_IL15RA_P1P2_ENSG00000134470,IL15RA,-0.8647578,-0.48839638,-0.12124283,-1.1578041
4093_IL17RA_P1P2_ENSG00000177663,IL17RA,-0.26179186,-0.012678152,-0.0133190565,-0.19571497
4094_IL17RC_P1P2_ENSG00000163702,IL17RC,-0.35815787,-0.27990797,0.1563938,-0.92134345
4095_IL23A_P1P2_ENSG00000110944,IL23A,0.52934855,0.499014,-1.1631509,-0.3505936
4096_IL23R_P1P2_ENSG00000162594,IL23R,-0.5655728,0.41467944,0.54603684,-0.58448946
4097_IL27RA_P1P2_ENSG00000104998,IL27RA,-0.10267153,-0.89543134,-0.030675538,-0.799267
4098_IL6ST_P1P2_ENSG00000134352,IL6ST,-0.3780602,-0.18232946,-0.31730393,-0.5848313
4099_ILF2_P1P2_ENSG00000143621,ILF2,1.0128503,0.5566483,1.4258446,-1.163458
409_NAXE_P1P2_ENSG00000163382,NAXE,-0.082330465,0.12804788,-0.46281505,-0.5158169
40_ABHD12_P1P2_ENSG00000100997,ABHD12,-0.3107379,-0.27932358,-0.42843568,-0.2532631
4100_ILF3_P1P2_ENSG00000129351,ILF3,-0.20992057,-2.0682526,2.6485784,-1.1449158
4101_ILKAP_P1P2_ENSG00000132323,ILKAP,-0.23877813,1.1608636,-0.4847513,0.13337968
4102_ILK_P1P2_ENSG00000166333,ILK,-0.13298985,-0.18885884,0.05967442,-0.49892896
4103_ILVBL_P1P2_ENSG00000105135,ILVBL,-0.006400631,-0.17341623,-0.46350312,-0.37860355
4104_IMMP1L_P1P2_ENSG00000148950,IMMP1L,1.2089442,-0.518278,-0.33814093,-0.36379987
4105_IMMP2L_P1P2_ENSG00000184903,IMMP2L,0.051449984,-0.6352565,-0.028155368,-0.40930155
4106_IMMT_P1P2_ENSG00000132305,IMMT,1.0728109,0.49916166,-0.7631321,1.0504179
4107_IMP3_P1P2_ENSG00000177971,IMP3,-1.2303629,-1.0195374,2.2798743,-0.5640406
4108_IMP4_P1P2_ENSG00000136718,IMP4,-0.0023199297,0.50750864,1.1206707,0.76506203
4109_IMPA1_P1P2_ENSG00000133731,IMPA1,-0.48011056,-0.73524964,0.6485634,-0.111909516
410_APOBEC3B_P1P2_ENSG00000179750,APOBEC3B,-0.12624195,0.57564473,-0.36088583,-0.6935208
4110_IMPA2_P1P2_ENSG00000141401,IMPA2,-0.102081865,0.78689754,0.84229237,-0.5209296
4111_IMPACT_P1P2_ENSG00000154059,IMPACT,-0.24179684,-0.15493838,0.22546913,-0.24603043
4112_IMPAD1_P1P2_ENSG00000104331,IMPAD1,-0.5725193,-0.14206702,0.8701376,-0.366926
4113_IMPDH1_P2_ENSG00000106348,IMPDH1,-0.056233756,-0.095836766,-0.23587757,0.13705309
4114_IMPDH1_P1_ENSG00000106348,IMPDH1,-0.0011862854,-1.0027716,-0.40215337,-0.45551735
4115_IMPDH2_P1P2_ENSG00000178035,IMPDH2,-0.9286178,-0.38388646,5.9192867,-0.6073314
4116_INCENP_P1P2_ENSG00000149503,INCENP,0.6905706,-1.0270951,0.76447546,-0.12631293
4117_INF2_P1P2_ENSG00000203485,INF2,2.8514988,0.7164874,-0.033651855,1.2482388
4118_ING1_P1_ENSG00000153487,ING1,-0.13630022,0.076445796,-0.14624889,-0.1352973
4119_ING1_P2_ENSG00000153487,ING1,0.533909,-0.3546032,-0.84316224,-0.1366547
411_APOBEC3C_P1P2_ENSG00000244509,APOBEC3C,-0.37045366,0.1030088,-0.18408768,-0.36814287
4120_ING2_P1P2_ENSG00000168556,ING2,0.19171377,-0.043632828,-0.43907145,-0.25423938
4121_ING3_P1P2_ENSG00000071243,ING3,0.10297132,-1.0523864,-1.4853022,-0.98796743
4122_ING4_P1P2_ENSG00000111653,ING4,0.39447078,-0.39518052,-0.50141823,-0.5304875
4123_ING5_P1P2_ENSG00000168395,ING5,-0.9318219,-0.51874,1.1480583,-1.7114248
4124_INHBE_P1P2_ENSG00000139269,INHBE,-0.85478735,0.21433842,-0.31833822,-0.8045111
4125_INIP_P1P2_ENSG00000148153,INIP,0.043244753,-0.85565597,0.9529713,0.03552219
4126_INO80B_P1P2_ENSG00000115274,INO80B,-0.9448244,0.083159246,-0.3333519,1.9459119
4127_INO80C_P1P2_ENSG00000153391,INO80C,-0.29911292,-0.22122648,0.2725063,1.1215948
4128_INO80D_P1P2_ENSG00000114933,INO80D,0.74797994,3.3795443,-1.3419975,1.1017766
412_APOBEC3G_P1P2_ENSG00000239713,APOBEC3G,-0.14970551,0.079150334,-0.23219697,0.05074545
4130_INO80_P1P2_ENSG00000128908,INO80,-0.35573536,0.93103004,-1.7245387,2.8234234
4131_INPP1_P1P2_ENSG00000151689,INPP1,-0.44040442,-0.47623333,-0.37318096,-0.51860374
4132_INPP4A_P1P2_ENSG00000040933,INPP4A,0.45172882,-0.37159392,-0.11097192,-0.54014766
4133_INPP5A_P1P2_ENSG00000068383,INPP5A,0.05269674,-0.32013208,-0.8809313,0.634578
4134_INPP5B_P2_ENSG00000204084,INPP5B,0.12500441,-0.90323824,0.12219155,-0.31302536
4135_INPP5B_P1_ENSG00000204084,INPP5B,0.08565948,-0.58556587,-0.51654994,0.4220707
4136_INPP5E_P1P2_ENSG00000148384,INPP5E,-0.49341735,-0.33591738,-0.5413042,-0.3631256
4137_INPP5F_ENST00000361976.2_ENSG00000198825,INPP5F,0.07523728,-0.21517484,0.3607825,-0.25826696
4138_INPP5K_P1P2_ENSG00000132376,INPP5K,-0.49119508,0.016121669,0.31791872,-0.4000541
4139_INPPL1_P1P2_ENSG00000165458,INPPL1,-0.0014832842,-1.1037525,6.037923,-3.12621
413_APOBR_P1_ENSG00000184730,APOBR,-0.2645718,0.94273883,-0.041027255,-0.01670291
4140_INSIG1_P1P2_ENSG00000186480,INSIG1,-0.16291867,-0.15550785,2.3383775,-1.1538981
4141_INSIG2_P1P2_ENSG00000125629,INSIG2,-0.7102006,-0.08291081,-0.33968782,-0.72027504
4142_INSM1_P1P2_ENSG00000173404,INSM1,0.08874756,-0.31201565,0.17402586,0.004142244
4143_INSM2_P1P2_ENSG00000168348,INSM2,-0.5445262,-0.4176122,-0.43582305,0.027327873
4144_INTS10_P1P2_ENSG00000104613,INTS10,0.78889525,-0.77742565,3.0187962,0.5757906
4145_INTS12_P1P2_ENSG00000138785,INTS12,-0.76575506,0.3325365,-0.60460377,-0.7853388
4146_INTS1_P1P2_ENSG00000164880,INTS1,-0.580545,-0.4689322,0.6555502,0.55938137
4147_INTS2_P1P2_ENSG00000108506,INTS2,3.736525,4.9687033,1.6298491,14.361543
4148_INTS3_P1P2_ENSG00000143624,INTS3,0.08822343,0.59101963,-2.0353315,2.163183
4149_INTS4_P1P2_ENSG00000149262,INTS4,-0.13369557,0.8616575,-1.0808947,3.1390798
414_APOBR_P2_ENSG00000184730,APOBR,-0.07787484,0.059373643,-0.70967203,0.37718356
4150_INTS5_P1P2_ENSG00000185085,INTS5,0.15370014,3.042046,3.097135,10.762817
4151_INTS6_P1P2_ENSG00000102786,INTS6,0.33319306,0.86911935,0.036792733,0.4003769
4152_INTS7_P1P2_ENSG00000143493,INTS7,1.5023042,1.5907753,2.31519,6.9873123
4153_INTS8_P1P2_ENSG00000164941,INTS8,0.86366516,3.4202669,3.2937832,10.115882
4154_INTS9_P1P2_ENSG00000104299,INTS9,0.3119276,1.4475484,-1.4765017,3.4726346
4155_INTU_P2_ENSG00000164066,INTU,-0.51363915,-0.1580464,-0.4177031,0.0090890555
4156_INTU_P1_ENSG00000164066,INTU,-0.462791,0.15321384,0.27408105,-0.6813499
4157_INVS_P1P2_ENSG00000119509,INVS,1.4804095,0.83724535,-0.13485685,0.67700154
4158_IP6K1_P1P2_ENSG00000176095,IP6K1,5.429633,2.3734162,0.4666246,2.344529
4159_IP6K2_P1P2_ENSG00000068745,IP6K2,0.07197716,-0.123273246,0.20762745,0.09375603
415_APOC1_P1P2_ENSG00000130208,APOC1,0.23886861,-0.3952218,-0.2983191,0.043365207
4160_IPO11_P1P2_ENSG00000086200,IPO11,-0.5460186,0.2392289,-1.0090178,-0.9427351
4161_IPO13_P1P2_ENSG00000117408,IPO13,-0.001732208,2.2868528,-1.4451483,2.321388
4162_IPO4_P1P2_ENSG00000196497,IPO4,-0.21520108,-0.371786,0.15188648,-0.5943199
4163_IPO5_P1P2_ENSG00000065150,IPO5,-0.55360544,-0.9024451,0.025110098,-0.41454735
4164_IPO7_P1P2_ENSG00000205339,IPO7,-0.036987625,1.2490215,0.42030984,-0.40306783
4165_IPO8_P1P2_ENSG00000133704,IPO8,-0.14249007,0.11383054,-0.725656,0.12938268
4166_IPO9_P1P2_ENSG00000198700,IPO9,-0.77413225,-0.042540442,1.2737868,0.6920865
4167_IPPK_P1P2_ENSG00000127080,IPPK,-0.5020204,-0.18513761,-0.15148753,-0.9270484
4168_IPP_P1P2_ENSG00000197429,IPP,-0.33183336,-0.1533051,-0.11343846,-0.0048813648
4169_IQCB1_P1P2_ENSG00000173226,IQCB1,-0.52949405,-0.20045862,-0.56833917,-0.33261767
416_APOE_P1P2_ENSG00000130203,APOE,-0.3970114,0.31880265,-0.62437546,-0.62900054
4170_IQCC_P1P2_ENSG00000160051,IQCC,0.00752118,-0.3715301,-0.4734306,-0.41529912
4171_IQCE_P1P2_ENSG00000106012,IQCE,0.18221098,-0.3103744,-0.0054935217,-0.49840498
4172_IQGAP1_P1P2_ENSG00000140575,IQGAP1,-0.11921107,1.108254,-1.3046161,-0.48608616
4173_IQGAP2_P1P2_ENSG00000145703,IQGAP2,-0.9470322,-0.79586107,0.09338139,-0.829977
4174_IQGAP3_P1P2_ENSG00000183856,IQGAP3,0.41514376,-0.47708574,-0.0074907397,-1.0851893
4175_IQSEC1_P1P2_ENSG00000144711,IQSEC1,-0.037371326,-0.8550295,-0.547267,-0.78868693
4176_IQSEC2_P1_ENSG00000124313,IQSEC2,-0.35969493,-0.30742314,0.18556531,-0.5107291
4177_IQSEC2_P2_ENSG00000124313,IQSEC2,-0.2605644,-0.4959751,-0.68663067,-0.23529468
4178_IRAK1_P2_ENSG00000184216,IRAK1,-0.5145581,-0.26326358,-0.4954482,-0.5526494
4179_IRAK1_P1_ENSG00000184216,IRAK1,-0.1170361,-0.67887187,-0.24221943,-0.7457262
417_APOL2_P1P2_ENSG00000128335,APOL2,0.3003067,0.3178792,-0.889916,0.4044581
4180_IRAK4_P1P2_ENSG00000198001,IRAK4,0.08245012,0.31455284,-0.34430346,0.856603
4181_IREB2_P1P2_ENSG00000136381,IREB2,-0.3239397,0.43222848,-0.80417895,0.52857995
4182_IRF1_P1P2_ENSG00000125347,IRF1,-0.37891132,-0.014286968,-0.69568443,0.35813928
4183_IRF2BP1_P1P2_ENSG00000170604,IRF2BP1,-0.45791706,-0.6360926,-0.73530656,0.7366973
4184_IRF2BP2_P1_ENSG00000168264,IRF2BP2,0.5165999,0.22523083,-0.27792758,0.23017551
4185_IRF2BP2_P2_ENSG00000168264,IRF2BP2,0.37647328,1.1446813,-1.7980032,4.6399717
4186_IRF2BPL_P1P2_ENSG00000119669,IRF2BPL,-0.25188345,0.29324895,-0.27677536,-0.06428578
4187_IRF2_P1P2_ENSG00000168310,IRF2,1.4526976,0.9916278,-1.0731839,0.36821452
4188_IRF3_P1P2_ENSG00000126456,IRF3,0.049885318,0.05793763,-0.09815702,-0.18015052
4189_IRF4_P1_ENSG00000137265,IRF4,0.3451311,0.07917599,-0.8078164,0.48137963
418_APOM_P1P2_ENSG00000204444,APOM,-0.21972996,-0.16828734,0.54194057,-0.3059188
4190_IRF4_P2_ENSG00000137265,IRF4,-1.0363332,-0.33262566,0.5289629,-0.47461927
4191_IRF5_P1_ENSG00000128604,IRF5,0.13366975,0.018853474,-0.7412049,0.12853709
4192_IRF5_P2_ENSG00000128604,IRF5,-0.37755683,-0.40223607,0.41106665,-0.24751672
4193_IRF6_P1P2_ENSG00000117595,IRF6,-0.28231636,0.1577627,-0.77599996,-0.10129306
4194_IRF7_P1P2_ENSG00000185507,IRF7,0.68909574,0.15914513,-0.50507295,-0.049090452
4195_IRF8_P1P2_ENSG00000140968,IRF8,-0.73786074,-0.58552563,-0.67614967,-0.3780107
4196_IRF9_P1P2_ENSG00000213928,IRF9,0.49498922,-0.38065645,-0.45244184,0.15556374
4197_IRGQ_P1P2_ENSG00000167378,IRGQ,-0.30464882,-0.24579908,0.6046505,-0.7873897
4198_IRX1_P1P2_ENSG00000170549,IRX1,-0.5761928,-0.71972185,0.8272618,-0.75762236
4199_IRX2_P1P2_ENSG00000170561,IRX2,-0.21694437,-0.1983033,0.31308162,0.09528562
419_APOOL_P1P2_ENSG00000155008,APOOL,-0.4380416,-0.20449898,-0.73574436,-0.26988667
41_ABHD13_P1P2_ENSG00000139826,ABHD13,0.15529189,0.12192943,-0.35343593,0.33932072
4200_IRX3_P1P2_ENSG00000177508,IRX3,-0.03854477,0.17803355,0.1123401,-0.18352626
4201_IRX4_P1P2_ENSG00000113430,IRX4,0.96042293,-0.548876,-0.02194034,-0.24558821
4202_IRX5_P1P2_ENSG00000176842,IRX5,0.13961126,-0.015438761,0.6726828,-0.20290975
4203_IRX6_P1P2_ENSG00000159387,IRX6,0.6430178,-0.58693194,-0.14429463,0.010213388
4204_ISCA1_P1P2_ENSG00000135070,ISCA1,0.35000402,1.7202401,-0.996006,0.10295734
4205_ISCA2_P1P2_ENSG00000165898,ISCA2,0.938842,-0.07164611,-0.6323602,0.15954807
4206_ISCU_P1P2_ENSG00000136003,ISCU,0.73378366,-0.02207241,-0.39504823,1.1970944
4207_ISG15_P1P2_ENSG00000187608,ISG15,-0.15108885,0.6039499,-0.032808706,-0.30254316
4208_ISG20L2_P1P2_ENSG00000143319,ISG20L2,-0.8294585,-1.6165388,2.2203226,-0.3939834
4209_ISL1_P1_ENSG00000016082,ISL1,0.13052541,0.17751594,-0.25859994,-0.22703451
420_APOO_P1P2_ENSG00000184831,APOO,-0.8413198,0.0434532,-0.68543524,-0.468391
4210_ISL1_P2_ENSG00000016082,ISL1,0.0048510875,-0.18606046,-0.3947477,0.028532356
4211_ISL2_P1P2_ENSG00000159556,ISL2,-0.7898204,-0.6068218,0.3180786,-0.86615366
4212_ISOC1_P1P2_ENSG00000066583,ISOC1,-0.69995034,-0.6455803,0.39596227,-0.8325215
4213_ISOC2_P1_ENSG00000063241,ISOC2,0.121375486,0.041591574,-0.6636696,-0.2414635
4214_ISOC2_P2_ENSG00000063241,ISOC2,-0.5909471,-0.23014764,-0.09667151,-0.3106599
4215_IST1_P1P2_ENSG00000182149,IST1,-0.4375868,-0.08712679,-0.34840244,0.043521572
4216_ISX_P1P2_ENSG00000175329,ISX,0.21427028,0.31489268,-0.327931,0.21818623
4217_ISY1_P1P2_ENSG00000240682,ISY1,-0.28521413,-0.20346214,-1.0805858,-0.7603098
4218_ISYNA1_P1P2_ENSG00000105655,ISYNA1,0.039662663,-0.44753972,-0.28622043,0.013783586
4219_ITCH_P1P2_ENSG00000078747,ITCH,-0.1638776,-0.33962145,-0.18012264,-0.023414591
421_COA8_P1P2_ENSG00000256053,COA8,0.38395768,0.17428179,-0.54725045,0.48057917
4221_ITFG2_P1P2_ENSG00000111203,ITFG2,0.7996499,-0.6698513,2.680824,-0.9025696
4222_ITGA2B_P1P2_ENSG00000005961,ITGA2B,0.2372119,0.031968225,0.024906117,-0.26348144
4223_ITGA5_P1P2_ENSG00000161638,ITGA5,-0.6838451,-0.12867552,0.37645543,-0.1117707
4224_ITGAE_ENST00000263087.4_ENSG00000083457,ITGAE,-0.095552176,-0.64426625,-0.14458202,0.17868456
4225_ITGAV_P1P2_ENSG00000138448,ITGAV,0.4221369,0.14181608,-0.22449343,-0.048099022
4226_ITGB1BP1_P1P2_ENSG00000119185,ITGB1BP1,-0.7275565,-0.16593276,2.320276,0.6488599
4227_ITGB1_P1P2_ENSG00000150093,ITGB1,-0.31416285,-0.44955465,0.40234953,-0.96162313
4228_ITGB3BP_P1P2_ENSG00000142856,ITGB3BP,-0.86040586,-0.632386,0.28962559,-0.3682578
4229_ITGB5_P1P2_ENSG00000082781,ITGB5,0.17866775,-0.0029737384,-0.3615659,0.6246801
422_APPBP2_P1P2_ENSG00000062725,APPBP2,-0.5997327,-0.23883446,-0.7768353,-0.29074833
4230_ITM2A_P1P2_ENSG00000078596,ITM2A,-0.034197837,-0.40297884,0.17901705,0.41446108
4231_ITM2B_P1P2_ENSG00000136156,ITM2B,-0.093675144,0.5870874,0.34525976,0.17849675
4232_ITM2C_P1P2_ENSG00000135916,ITM2C,0.29321763,0.03530505,0.1618249,0.018630233
4233_ITPA_P1P2_ENSG00000125877,ITPA,0.65712565,0.7832699,-1.0101053,-0.6064212
4234_ITPK1_P1P2_ENSG00000100605,ITPK1,1.1535096,-0.3029249,1.1321133,-0.69749075
4235_ITPKA_P1P2_ENSG00000137825,ITPKA,-0.16408506,-0.32179776,-0.19182383,-0.22530912
4236_ITPKC_P1P2_ENSG00000086544,ITPKC,-0.21213531,0.21028303,-1.3284155,-0.60340637
4237_ITPR1_P1P2_ENSG00000150995,ITPR1,0.7410029,-0.6122651,-0.8916543,-0.054815527
4238_ITPR2_P1P2_ENSG00000123104,ITPR2,0.30353245,0.0052941334,-0.29647523,-0.7571728
4239_ITPR3_P1P2_ENSG00000096433,ITPR3,-0.7523786,-0.8446321,0.066793524,-0.49250218
423_APPL1_P1P2_ENSG00000157500,APPL1,-0.19823319,-0.5858114,-0.28462553,-0.28653875
4240_ITPRIP_P1P2_ENSG00000148841,ITPRIP,-0.12234592,-0.6629229,0.22970591,-0.7626353
4241_ITSN1_P1P2_ENSG00000205726,ITSN1,0.069669984,0.056076325,0.58719355,-0.3046533
4242_ITSN2_P1P2_ENSG00000198399,ITSN2,-0.10174584,-0.21042451,-0.28378445,0.044944048
4243_IVNS1ABP_P1P2_ENSG00000116679,IVNS1ABP,-0.30644286,0.11162011,-0.40624842,0.06425005
4244_IWS1_P1P2_ENSG00000163166,IWS1,-0.6951028,-0.3246539,1.5746907,-0.24390462
4245_JAG2_P1P2_ENSG00000184916,JAG2,-0.24218094,-0.0019306412,-0.1903265,-0.030059732
4246_JAGN1_P1P2_ENSG00000171135,JAGN1,0.26232204,-0.0067439997,0.23764895,-0.28327715
4247_JAK1_P1P2_ENSG00000162434,JAK1,-0.9030461,-0.47997364,-0.10233256,-0.6958822
4248_JAK2_P1P2_ENSG00000096968,JAK2,0.17705005,0.29153267,0.29864648,-0.30772305
4249_JARID2_P1P2_ENSG00000008083,JARID2,0.24364163,-0.44987342,0.016001549,0.10624088
424_APRT_P1P2_ENSG00000198931,APRT,0.035087373,0.027800051,-0.060316853,0.08232817
4250_JAZF1_P1P2_ENSG00000153814,JAZF1,-0.60102177,-0.014514623,-0.11942396,0.42972636
4251_JDP2_P1P2_ENSG00000140044,JDP2,-0.10191032,-0.05794318,-0.31290418,-0.14889073
4252_JKAMP_P1P2_ENSG00000050130,JKAMP,0.075363465,-0.3465224,-0.088188656,0.25576636
4253_JMJD1C_P1P2_ENSG00000171988,JMJD1C,-0.79046524,0.81852096,0.06805211,-1.0393915
4254_JMJD4_P1P2_ENSG00000081692,JMJD4,-0.243823,-0.10448691,-0.612136,0.15689814
4255_JMJD6_P1P2_ENSG00000070495,JMJD6,-0.122575395,-0.57966167,0.035365075,-0.9255468
4256_JMJD8_P1P2_ENSG00000161999,JMJD8,0.16715229,-0.3854934,-0.16241048,-0.5808092
4257_JMY_P1P2_ENSG00000152409,JMY,-0.16499949,-0.19779523,-0.653942,-0.43826312
4258_JOSD1_P1P2_ENSG00000100221,JOSD1,-0.32290617,0.07746331,-0.87443036,-0.18716846
4259_JOSD2_P1P2_ENSG00000161677,JOSD2,0.12029714,-0.37437218,-0.79666406,-0.8177608
425_APTX_P2_ENSG00000137074,APTX,-0.13673003,-0.573184,0.13046221,0.05731159
4260_JRKL_P1P2_ENSG00000183340,JRKL,-0.5676521,-0.3425944,-0.12283936,-1.1564338
4261_JRK_P1_ENSG00000234616,JRK,0.18622981,-0.1532557,0.15873967,-0.049159404
4262_JRK_P2_ENSG00000234616,JRK,-0.053570382,0.14897838,-0.34180972,0.41516966
4263_JTB_P1P2_ENSG00000143543,JTB,-0.50849396,-0.28430957,-0.18847515,-0.07772249
4264_JUNB_P1P2_ENSG00000171223,JUNB,0.52597475,0.29935756,-0.28055778,-0.6073372
4265_JUND_P1P2_ENSG00000130522,JUND,-0.40912035,-0.27730915,0.30978358,-0.84477514
4266_JUN_P1P2_ENSG00000177606,JUN,-0.082442015,-0.6689526,-0.20690572,-0.47921035
4267_JUP_P1P2_ENSG00000173801,JUP,-0.24025676,-0.12344331,0.08228418,-1.0227826
4268_KALRN_ENST00000360013.3_ENSG00000160145,KALRN,-0.57825845,0.29143825,0.24232595,-0.21837316
4269_KANK2_P1P2_ENSG00000197256,KANK2,-0.28585973,-0.18632597,-0.7927807,0.020217342
426_APTX_P1_ENSG00000137074,APTX,0.16644154,-0.5824348,0.67828006,-0.3972343
4270_KANSL1_P1P2_ENSG00000120071,KANSL1,0.49936095,1.0257194,0.4456428,-0.6207201
4271_KANSL2_P1P2_ENSG00000139620,KANSL2,0.004417105,-1.1744927,-0.43828595,-0.5500541
4272_KANSL3_P1P2_ENSG00000114982,KANSL3,0.33747116,-0.37543228,-0.29865682,-0.8659235
4273_KARS_P1P2_ENSG00000065427,KARS,3.1854205,1.7979869,-0.77764285,3.4035654
4274_KAT2A_P1P2_ENSG00000108773,KAT2A,-0.08217065,0.81706065,0.33274055,1.0805883
4275_KAT2B_P1P2_ENSG00000114166,KAT2B,-0.8597213,-0.25813937,-0.53712356,0.4712914
4276_KAT5_P1P2_ENSG00000172977,KAT5,0.5489789,-0.34718904,-0.35036108,-0.50953215
4277_KAT6A_P1P2_ENSG00000083168,KAT6A,-0.14579622,0.24772981,0.82958,-0.07550149
4278_KAT6B_P1P2_ENSG00000156650,KAT6B,-0.9064708,-0.5454968,0.29577628,-0.0025126906
4279_KAT7_P1P2_ENSG00000136504,KAT7,-1.256182,-0.47119936,2.9431865,-2.085899
427_AQP10_P1P2_ENSG00000143595,AQP10,-0.0016800094,-0.3015907,0.43494654,0.14632542
4280_KAT8_P2_ENSG00000103510,KAT8,-0.106797785,-0.44498008,-0.27214837,-0.4699124
4281_KAT8_P1_ENSG00000103510,KAT8,-0.38295543,-1.4504883,-0.9155118,-0.7461606
4282_KATNA1_P1P2_ENSG00000186625,KATNA1,-0.27621347,-0.06951995,-0.2321388,0.13232686
4283_KATNAL1_P1P2_ENSG00000102781,KATNAL1,-0.38306797,-0.6501594,-0.8594557,-0.19447541
4284_KATNB1_P1P2_ENSG00000140854,KATNB1,-0.3399009,0.026630659,-0.03170268,-0.37640405
4285_KATNBL1_P1P2_ENSG00000134152,KATNBL1,-0.2608939,1.0095388,-0.02551659,0.8801762
4286_KAZALD1_P1P2_ENSG00000107821,KAZALD1,-0.27214065,-0.47503036,-0.0448361,-0.92835516
4287_KBTBD2_P1P2_ENSG00000170852,KBTBD2,-0.036620844,-0.3311018,0.44116315,-0.08834775
4288_KBTBD3_P1P2_ENSG00000182359,KBTBD3,0.18205073,-0.055062614,-0.30196425,-0.22984092
4289_KBTBD4_ENST00000450908.1_ENSG00000123444,KBTBD4,-0.5348737,-0.14130372,-0.47753903,-0.25603765
428_AQP3_P2_ENSG00000165272,AQP3,-1.2234753,-0.5475146,-0.086546786,-0.15068305
4290_KBTBD6_P1P2_ENSG00000165572,KBTBD6,-0.29847443,-0.33369857,-0.7002011,-0.31806082
4291_KCMF1_P1P2_ENSG00000176407,KCMF1,-0.5477518,-0.018819751,-0.91310686,0.3718283
4292_KCNA10_ENST00000369771.2_ENSG00000143105,KCNA10,-0.13943578,-0.34326836,-0.020656647,-0.49476388
4293_KCNE3_P2_ENSG00000175538,KCNE3,-0.28516185,-0.3644959,0.15739997,-0.036736406
4294_KCNE3_P1_ENSG00000175538,KCNE3,-0.11221624,-0.09808262,-0.030780984,-0.5866517
4295_KCNH2_P2_ENSG00000055118,KCNH2,0.109978825,0.4517579,-0.17966746,0.59776825
4296_KCNH2_P1_ENSG00000055118,KCNH2,-0.056551848,-0.07595862,-0.13353544,-0.13377303
4297_KCNIP3_ENST00000468529.1_ENSG00000115041,KCNIP3,-0.110058315,0.17619139,-0.21608621,-0.09756783
4298_KCNK5_P1P2_ENSG00000164626,KCNK5,-0.058346786,0.32394946,0.44122964,0.12331712
4299_KCNMB3_P1P2_ENSG00000171121,KCNMB3,-0.84443057,0.8509236,0.5008748,-0.3970769
429_AQP3_P1_ENSG00000165272,AQP3,0.07728934,-0.30867606,0.55242324,0.07371067
42_ABHD14A_P1P2_ENSG00000248487,ABHD14A,-0.3376748,0.023440555,-0.34890646,-0.6148741
4300_KCNN4_P1P2_ENSG00000104783,KCNN4,-0.49548647,-0.224008,-0.04402531,-0.30325165
4301_KCTD10_P1P2_ENSG00000110906,KCTD10,-0.50862557,-0.5921575,1.7318878,-0.40082648
4302_KCTD13_P1P2_ENSG00000174943,KCTD13,-0.2776914,-0.22761947,-0.51978374,-0.5425559
4303_KCTD15_P1P2_ENSG00000153885,KCTD15,-0.57228017,-0.32479948,-0.11930644,0.30220035
4304_KCTD20_P1P2_ENSG00000112078,KCTD20,-0.4168459,-0.9200614,0.5061857,-0.89471006
4305_KCTD2_P1P2_ENSG00000180901,KCTD2,-0.3747063,-0.37223312,0.18089886,-0.66187793
4306_KCTD3_P1P2_ENSG00000136636,KCTD3,0.77875787,0.8451416,2.2929573,0.024480542
4307_KCTD5_P1P2_ENSG00000167977,KCTD5,-0.25774533,-0.3135448,-0.47100884,-0.066657245
4308_KCTD6_P1P2_ENSG00000168301,KCTD6,-0.14656107,-0.15091483,-0.24043502,0.46217635
4309_KCTD9_P1P2_ENSG00000104756,KCTD9,-0.21282874,0.0049710204,-0.27188265,-0.29409742
430_AQP7_P1P2_ENSG00000165269,AQP7,-0.08427332,0.05017225,-0.24503626,0.07350368
4310_POGLUT2_P1P2_ENSG00000134901,POGLUT2,-1.346489,-1.6267526,-1.0961539,-1.3252773
4312_POGLUT3_P1P2_ENSG00000178202,POGLUT3,-0.2414462,0.23331824,1.9194602,3.7935553
4314_KDELR1_P1P2_ENSG00000105438,KDELR1,-0.28953028,-0.82133996,2.2784162,-1.7418739
4315_KDELR2_P1P2_ENSG00000136240,KDELR2,0.3816587,0.059317093,-0.5931501,-0.4147542
4316_KDELR3_P1P2_ENSG00000100196,KDELR3,0.577735,0.27226156,-0.92450786,0.9447092
4317_KDM1A_P1P2_ENSG00000004487,KDM1A,3.005971,3.3839426,-0.2531908,13.424908
4318_KDM1B_P1P2_ENSG00000165097,KDM1B,0.1016262,-0.29349688,0.63037634,-1.5943244
4319_KDM2A_P1P2_ENSG00000173120,KDM2A,-0.23205216,0.037285667,-0.51125914,-0.15292253
4320_KDM2B_ENST00000377069.4_ENSG00000089094,KDM2B,-0.1652356,-0.45222658,-0.30692315,-0.3715121
4321_KDM2B_ENST00000377071.4_ENSG00000089094,KDM2B,-0.14620484,-0.46720305,-0.078334734,-0.098066986
4322_KDM3A_P1P2_ENSG00000115548,KDM3A,0.043771666,-0.26793033,-1.0507274,-0.1185491
4323_KDM3B_P1P2_ENSG00000120733,KDM3B,0.39818808,-0.6353893,0.31316036,-0.09132127
4324_KDM4A_P1P2_ENSG00000066135,KDM4A,-0.33950776,0.6839053,-0.4068723,-0.46124378
4325_KDM4B_P1P2_ENSG00000127663,KDM4B,-0.5351972,-0.68979484,-0.2918125,-0.032889172
4326_KDM4C_P1P2_ENSG00000107077,KDM4C,-0.54654205,-0.01063593,-0.032870285,-0.14290813
4327_KDM5A_P1P2_ENSG00000073614,KDM5A,-0.29174963,-0.07464101,-0.63065404,-0.2956063
4328_KDM5B_P1P2_ENSG00000117139,KDM5B,-0.31813303,-0.54831016,0.10253255,-0.6150844
4329_KDM5C_P1P2_ENSG00000126012,KDM5C,-0.30083767,-0.568645,4.0012302,-0.54147756
432_ARAF_P1P2_ENSG00000078061,ARAF,-0.01265082,0.16905645,-0.36754736,-0.71030915
4330_KDM6A_P1P2_ENSG00000147050,KDM6A,0.14039794,0.1651921,-1.4075323,-0.52300966
4331_KDM8_P1P2_ENSG00000155666,KDM8,0.0032519808,0.055257574,-0.6282547,1.0519655
4332_KDSR_P1P2_ENSG00000119537,KDSR,0.7448764,2.4916635,-1.0169374,0.636056
4333_KEAP1_P1P2_ENSG00000079999,KEAP1,1.3915104,-0.7080236,-0.14010493,0.29054803
4334_KEL_P2_ENSG00000197993,KEL,0.16872966,-0.8676212,-0.5275048,-0.71069336
4335_KEL_P1_ENSG00000197993,KEL,0.23128454,0.12236137,-0.963563,1.6192178
4336_KHDC1_ENST00000257765.5_ENSG00000135314,KHDC1,0.10867376,0.17822886,0.20437865,0.73165196
4337_KHDRBS1_P1P2_ENSG00000121774,KHDRBS1,0.53320885,-0.538133,-0.6383102,-0.66718006
4338_KHK_P1P2_ENSG00000138030,KHK,0.23941699,-0.68561345,0.24722645,-0.6771155
4339_KHNYN_P1P2_ENSG00000100441,KHNYN,-0.05994251,-0.87276137,0.4942005,-0.3580039
433_ARAP1_P1_ENSG00000186635,ARAP1,0.38380194,-0.0022248053,0.114039116,0.24112138
4340_KHSRP_P1P2_ENSG00000088247,KHSRP,-0.908191,-0.0137532735,1.3458742,-0.75665045
4341_KIAA0100_P1P2_ENSG00000007202,KIAA0100,0.3643368,0.26669726,-0.7941558,1.1207225
4342_PCLAF_P1P2_ENSG00000166803,PCLAF,-0.5075161,0.41299063,0.64692837,-0.42171717
4343_DELE1_P1P2_ENSG00000081791,DELE1,-0.5096796,0.26571417,0.12823558,-0.43521187
4344_WASHC5_P1P2_ENSG00000164961,WASHC5,-0.47629216,-0.6250604,0.28677323,-0.41571096
4345_KIAA0232_P1P2_ENSG00000170871,KIAA0232,-0.20395742,-0.5077529,-0.54244626,-0.03681908
4346_KIAA0319L_P1P2_ENSG00000142687,KIAA0319L,0.0765298,-0.14704931,-0.22627951,0.25744674
4347_KIAA0355_P1P2_ENSG00000166398,KIAA0355,-0.56397337,0.17120692,0.080607295,-0.3116037
4348_ECPAS_P1P2_ENSG00000136813,ECPAS,0.111252,-0.32263058,0.35157356,-0.31142342
4349_PRORP_P1P2_ENSG00000100890,PRORP,1.9813803,0.46064958,-1.6116493,1.0213373
434_ARAP1_P2_ENSG00000186635,ARAP1,0.05976543,-0.28629014,-0.47476208,-0.0718909
4350_KIAA0513_P1P2_ENSG00000135709,KIAA0513,-0.60835016,-0.24511997,-0.22194394,-0.28114748
4351_KIAA0586_P1P2_ENSG00000100578,KIAA0586,0.6557678,-0.418111,-0.34912238,-0.31274796
4352_KIAA0895L_P1P2_ENSG00000196123,KIAA0895L,0.14903022,0.3314492,-0.29903713,0.34827226
4353_KHDC4_P1P2_ENSG00000132680,KHDC4,0.6098814,0.3969496,0.2786427,-0.6095445
4354_TMEM131L_P1P2_ENSG00000121210,TMEM131L,-0.50945985,0.80140805,-0.6118818,0.59372145
4355_KIAA0930_P2_ENSG00000100364,KIAA0930,-0.42405793,-0.23119892,-0.047318622,-0.6667715
4356_KIAA0930_P1_ENSG00000100364,KIAA0930,-0.09383453,-0.3646228,-0.13983326,0.33174124
4357_ICE1_P1P2_ENSG00000164151,ICE1,0.088239074,0.25675568,-0.953127,0.017526634
4358_WASHC4_P1P2_ENSG00000136051,WASHC4,0.6630136,-0.08772455,0.35375822,-0.5346093
4359_KIAA1109_P1P2_ENSG00000138688,KIAA1109,-0.06668357,-0.7100374,0.53533465,-0.88271344
435_ARCN1_P1P2_ENSG00000095139,ARCN1,0.047763016,0.09454228,0.050205003,0.069175005
4360_KIAA1143_P1P2_ENSG00000163807,KIAA1143,-0.33674562,-0.057530247,-0.14280191,-0.50563866
4361_KIAA1191_P1P2_ENSG00000122203,KIAA1191,-0.03220925,-0.33434945,0.52501124,-0.61342466
4362_KIAA1324L_P1P2_ENSG00000164659,KIAA1324L,-0.85920477,0.29744506,-0.32500303,0.054010645
4363_VIRMA_P1P2_ENSG00000164944,VIRMA,-0.59452224,1.1725817,0.580711,0.3138411
4364_KIAA1522_P2_ENSG00000162522,KIAA1522,0.5403792,-0.076637074,-0.039500732,-0.35028526
4365_KIAA1522_P1_ENSG00000162522,KIAA1522,-0.42790788,-0.5494263,-0.31623653,-0.33331746
4366_CIP2A_P1P2_ENSG00000163507,CIP2A,-0.78209764,-0.66587186,-0.30231276,-0.8368061
4367_RESF1_P1P2_ENSG00000174718,RESF1,-0.5007059,-0.65076053,0.15801463,-0.121782735
4368_KIAA1586_P1P2_ENSG00000168116,KIAA1586,0.023820348,-0.48115167,-0.19863923,-0.5792456
4369_LNPK_P1P2_ENSG00000144320,LNPK,0.042861823,-0.5144511,-0.06925217,-0.41033876
436_AREG_P1P2_ENSG00000109321,AREG,-0.104290694,0.23705684,-0.68375456,0.18234697
4370_MFSD4B_P1P2_ENSG00000173214,MFSD4B,-0.67925674,-0.016253147,-0.22785747,-1.0054147
4372_KIAA2013_P1P2_ENSG00000116685,KIAA2013,-0.70259136,0.19512491,-0.08954305,-0.038370926
4373_KIDINS220_P1P2_ENSG00000134313,KIDINS220,0.7567464,1.4609505,-0.46510935,-0.60312605
4374_KIF11_P1P2_ENSG00000138160,KIF11,-0.15449198,-0.48050246,0.008810934,-0.53097296
4375_KIF13A_P1P2_ENSG00000137177,KIF13A,-0.73229146,0.13762209,-0.0696645,-0.11953592
4376_KIF14_P1P2_ENSG00000118193,KIF14,-0.4351045,-0.59136564,0.29911825,-0.27708367
4377_KIF15_P1P2_ENSG00000163808,KIF15,0.32194713,-0.28208566,-0.3319995,-1.3688762
4378_KIF16B_P1P2_ENSG00000089177,KIF16B,-0.32922193,-0.017277986,0.366919,-0.5502783
4379_KIF18A_P1P2_ENSG00000121621,KIF18A,0.20085658,-0.055488832,0.48973906,-0.736325
437_AREL1_P1P2_ENSG00000119682,AREL1,0.25305873,-0.30102608,-0.45374203,0.31317937
4380_KIF18B_P1P2_ENSG00000186185,KIF18B,-0.6357814,-1.1373217,0.12388926,-1.3845772
4381_KIF1A_P1P2_ENSG00000130294,KIF1A,-0.29169923,-1.0377651,0.17378718,-0.38368168
4382_KIF1B_P1P2_ENSG00000054523,KIF1B,-0.56911767,0.101121895,-0.57704264,-0.085576594
4383_KIF1C_P1P2_ENSG00000129250,KIF1C,-0.4779914,-0.31745338,0.11041031,-0.6984004
4384_KIF20A_P1P2_ENSG00000112984,KIF20A,0.14875306,-1.0514029,6.6093698,-0.7295123
4385_KIF20B_P1P2_ENSG00000138182,KIF20B,-0.8566254,-0.44550204,0.48512638,0.17229512
4386_KIF21A_P1P2_ENSG00000139116,KIF21A,-0.36189374,0.24528125,0.13060012,-0.23731433
4387_KIF22_P2_ENSG00000079616,KIF22,0.02499529,0.022202455,0.7513673,-0.65828073
4388_KIF22_P1_ENSG00000079616,KIF22,-0.7510544,-0.4717972,0.085893996,0.20216064
4389_KIF23_P1P2_ENSG00000137807,KIF23,0.099965684,-0.6742101,-0.40799183,-0.16191259
438_ARF1_P1P2_ENSG00000143761,ARF1,-0.15727939,-0.1852803,-0.67174965,-0.24862999
4390_KIF2A_P1P2_ENSG00000068796,KIF2A,0.14654389,-0.07664733,-0.7974646,-0.007331826
4391_KIF2C_P1P2_ENSG00000142945,KIF2C,0.0029101053,-0.6609399,-0.45283476,-0.4059455
4392_KIF3A_P1P2_ENSG00000131437,KIF3A,-0.6688847,-0.45726404,0.056426194,-0.46820343
4393_KIF3B_P1P2_ENSG00000101350,KIF3B,0.37479934,-0.6258914,-0.71157444,0.21014428
4394_KIF4A_P1P2_ENSG00000090889,KIF4A,-0.4665377,-0.19531187,-0.659642,-0.55023783
4395_KIF5B_P1P2_ENSG00000170759,KIF5B,-0.31646472,-0.008495044,0.20365308,-0.30112895
4396_KIF9_P1P2_ENSG00000088727,KIF9,-0.04619195,-0.28925732,0.29196057,-0.25328198
4397_KIFAP3_P1P2_ENSG00000075945,KIFAP3,0.7521917,-0.37130257,-0.16642208,-0.18092681
4398_KIFC1_P1P2_ENSG00000237649,KIFC1,-0.09319582,-0.3197108,-0.44324803,-0.17159538
4399_KIFC2_P1P2_ENSG00000167702,KIFC2,-0.103969425,-0.038899828,0.35502744,-0.7884203
439_ARF3_P1P2_ENSG00000134287,ARF3,-0.4706898,-0.45072436,-0.5116279,-0.119687475
43_ABHD14B_P2_ENSG00000114779,ABHD14B,-0.044436127,-0.0014513013,-0.05846974,-0.29820943
4400_KIFC3_P1P2_ENSG00000140859,KIFC3,-0.045187514,-0.80271715,-0.016372822,-0.9443682
4401_KIN_P1P2_ENSG00000151657,KIN,0.07996662,0.02510872,-1.131827,0.65846395
4402_KISS1R_P1P2_ENSG00000116014,KISS1R,0.15715007,-0.62327397,-0.25970113,-0.61294687
4403_KIT_P1P2_ENSG00000157404,KIT,-0.08701584,0.3706798,-0.014124432,-0.11841621
4404_KLC1_P1P2_ENSG00000126214,KLC1,0.009749385,-0.81191385,0.03553645,-0.45532295
4405_KLC2_P1P2_ENSG00000174996,KLC2,0.12162751,-0.54466254,-0.19106038,-0.22903094
4406_KLC4_P1P2_ENSG00000137171,KLC4,0.29358718,-0.022587435,-0.25102323,-0.24042596
4407_KLF10_P2_ENSG00000155090,KLF10,-0.47980013,-0.20845841,-0.33504552,-0.256347
4408_KLF10_P1_ENSG00000155090,KLF10,-0.31388992,0.11527636,-0.07228849,-0.27956453
4409_KLF11_P1P2_ENSG00000172059,KLF11,0.10826643,0.13763984,-0.34579685,-0.56877774
440_ARF4_P1P2_ENSG00000168374,ARF4,0.2500867,-0.30968624,-0.48934662,-0.06136154
4410_KLF12_P1P2_ENSG00000118922,KLF12,0.43430573,-0.0313556,-0.47423065,0.18527588
4411_KLF13_P1P2_ENSG00000169926,KLF13,-0.053729042,-0.34147164,0.06444907,-0.14439519
4412_KLF14_P1P2_ENSG00000266265,KLF14,-0.69312406,-0.6132538,-0.22583897,0.041775342
4413_KLF15_P1P2_ENSG00000163884,KLF15,-0.92565155,-0.20379174,-0.12327877,-0.23475201
4414_KLF16_P1P2_ENSG00000129911,KLF16,0.5049172,0.086765915,0.30189157,0.12332496
4415_KLF17_ENST00000372299.3_ENSG00000171872,KLF17,-0.21961807,0.12187885,-0.21272455,-0.85936135
4416_KLF1_P1P2_ENSG00000105610,KLF1,-0.06547835,0.33841208,-1.2819953,0.6500157
4417_KLF2_P1P2_ENSG00000127528,KLF2,-0.4794681,-0.24610852,-0.6991826,-0.17750044
4418_KLF3_P1P2_ENSG00000109787,KLF3,-0.11805759,0.058687735,0.64249635,-0.104223676
4419_KLF4_P2_ENSG00000136826,KLF4,-0.5711185,-0.68963546,0.031833727,-0.97212714
441_ARF5_P1_ENSG00000004059,ARF5,-0.24344301,0.71328926,0.7627413,-0.64096904
4420_KLF4_P1_ENSG00000136826,KLF4,-0.20678028,-0.56886196,-0.42165482,-0.12648398
4421_KLF5_P1P2_ENSG00000102554,KLF5,0.938175,0.22126748,-0.4860368,0.49961013
4422_KLF6_P1P2_ENSG00000067082,KLF6,-0.24908955,-0.042574313,-0.08627323,-0.27162257
4423_KLF7_P1P2_ENSG00000118263,KLF7,-0.49437895,-0.11199289,-0.2706126,-0.33671325
4424_KLF8_P1P2_ENSG00000102349,KLF8,3.0956976,2.2503712,-0.20343146,2.7513096
4425_KLF9_P1P2_ENSG00000119138,KLF9,-0.127175,0.2528767,-0.37882304,-0.12560071
4426_KLHDC10_P1P2_ENSG00000128607,KLHDC10,-0.46986726,0.02258212,0.13274355,-0.40354168
4427_KLHDC2_P1P2_ENSG00000165516,KLHDC2,0.11944325,-0.3510069,-0.14447287,-0.6506499
4428_KLHDC3_P1_ENSG00000124702,KLHDC3,0.0046124426,-0.74607265,0.07151169,-0.67782253
4429_KLHDC3_P2_ENSG00000124702,KLHDC3,-0.64996016,-0.5866492,0.11912149,-0.18761618
442_ARF5_P2_ENSG00000004059,ARF5,-0.11635199,0.099090055,0.24085195,0.014014587
4430_KLHDC4_P1P2_ENSG00000104731,KLHDC4,0.19238985,-0.25446013,-0.2640938,-0.5007989
4431_KLHDC8B_P1P2_ENSG00000185909,KLHDC8B,-0.045244843,-0.55393064,0.023626825,-0.21972062
4432_KLHL11_P1P2_ENSG00000178502,KLHL11,-0.09784524,0.19811381,0.2913027,-0.4607058
4433_KLHL12_P1P2_ENSG00000117153,KLHL12,2.4051213,-1.0405993,-1.4077303,1.503648
4434_KLHL17_P1P2_ENSG00000187961,KLHL17,0.34538645,0.0024007708,0.23417352,-0.30816758
4435_KLHL18_P1P2_ENSG00000114648,KLHL18,-0.58010465,0.23561072,-0.009436577,0.012834399
4436_KLHL20_P1P2_ENSG00000076321,KLHL20,-0.4235208,-0.090364836,-0.3514553,-0.19943793
4437_KLHL21_P1P2_ENSG00000162413,KLHL21,-0.5342888,0.12185264,0.10140711,-0.33713883
4438_KLHL22_P1P2_ENSG00000099910,KLHL22,-0.40576667,0.1117909,0.15580428,0.09205948
4439_KLHL23_P1_ENSG00000213160,KLHL23,-0.28111035,0.103208445,-0.8564541,0.15398459
443_ARF6_P2_ENSG00000165527,ARF6,-0.6398713,-0.8065839,0.14269368,-0.38598308
4440_KLHL23_P2_ENSG00000213160,KLHL23,-0.38731137,-0.43079248,0.218964,-0.16417058
4441_KLHL24_P1P2_ENSG00000114796,KLHL24,-0.13168602,0.26687726,-0.60383356,-0.21275645
4442_KLHL36_P1_ENSG00000135686,KLHL36,-0.35714042,-0.4807965,0.70854676,-0.4527236
4443_KLHL36_P2_ENSG00000135686,KLHL36,-0.24385501,0.2637033,-0.41543844,-0.17524502
4444_KLHL42_P1P2_ENSG00000087448,KLHL42,0.4977577,-1.0123897,-0.07014555,-0.39536482
4445_KLHL5_P1P2_ENSG00000109790,KLHL5,-0.17899871,-0.08130803,-0.58134496,0.051816713
4446_KLHL7_P1P2_ENSG00000122550,KLHL7,0.18941003,0.5779155,-0.28289598,0.04407432
4447_KLHL8_P1P2_ENSG00000145332,KLHL8,-0.43741265,-0.2528071,0.5173001,-0.4986225
4448_KMT2A_P1P2_ENSG00000118058,KMT2A,-0.07734325,0.096385695,0.3295402,-0.5206089
4449_KMT2B_P1_ENSG00000272333,KMT2B,-0.58843344,-0.28599703,-0.2849718,-0.4009218
444_ARF6_P1_ENSG00000165527,ARF6,-0.6812047,-0.066051416,0.015971208,-1.1623857
4450_KMT2B_P2_ENSG00000272333,KMT2B,0.20270778,-1.2534904,0.078086376,-0.23643218
4451_KMT2C_P1P2_ENSG00000055609,KMT2C,-0.11641958,-0.039059453,-0.09803678,-0.40773767
4452_KMT2D_P1P2_ENSG00000167548,KMT2D,-0.08486607,0.10477097,-0.4618405,0.3417073
4453_KMT2E_P1P2_ENSG00000005483,KMT2E,0.34219486,0.33249366,-0.22525688,-0.31097987
4454_KNOP1_P1P2_ENSG00000103550,KNOP1,0.4114014,0.066924505,-0.14555462,-0.31139988
4455_KNSTRN_P1P2_ENSG00000128944,KNSTRN,-0.5289868,-0.71957946,0.78085977,-1.4006504
4456_KNTC1_P1P2_ENSG00000184445,KNTC1,0.032571703,0.7680244,0.7023828,-0.05852851
4457_KPNA1_P1_ENSG00000114030,KPNA1,-0.21687987,-0.46948108,0.053749606,-0.5542017
4458_KPNA1_P2_ENSG00000114030,KPNA1,-0.28564322,-0.54714113,1.316175,-0.70550364
4459_KPNA2_P1P2_ENSG00000182481,KPNA2,-0.103566766,-1.1974208,1.1607106,-1.1725625
445_ARFGAP1_P1P2_ENSG00000101199,ARFGAP1,0.040694363,-0.3575204,-0.20689958,0.15880185
4460_KPNA3_P1P2_ENSG00000102753,KPNA3,-0.09399819,0.19392005,-0.512967,0.29335433
4461_KPNA4_P1P2_ENSG00000186432,KPNA4,-0.2231891,0.5574977,-0.16909471,-0.41826546
4462_KPNA5_P1P2_ENSG00000196911,KPNA5,0.2860717,-0.3757579,0.11377136,-0.25840527
4463_KPNA6_P1P2_ENSG00000025800,KPNA6,-0.43889996,0.43319052,-0.15018527,0.9497255
4464_KPNB1_P1P2_ENSG00000108424,KPNB1,-0.35755837,-0.14292422,0.011652246,0.8767403
4465_KPTN_P1P2_ENSG00000118162,KPTN,0.9225921,0.5114808,0.3128888,0.5738434
4466_KRAS_P1P2_ENSG00000133703,KRAS,-0.34658554,-0.6357581,0.29866344,-0.5124093
4467_KRBA1_P1P2_ENSG00000133619,KRBA1,0.061757583,0.067757815,-0.31529954,0.002799747
4468_KRCC1_P1P2_ENSG00000172086,KRCC1,0.2672182,-0.83991104,-0.22839168,-0.056323837
4469_KREMEN2_P1P2_ENSG00000131650,KREMEN2,-0.42006847,0.218158,-0.5479688,-0.13814382
446_ARFGAP2_P1P2_ENSG00000149182,ARFGAP2,-0.15844043,0.20333394,-0.41029423,1.0265855
4470_KRI1_P1P2_ENSG00000129347,KRI1,-0.3948502,0.7252474,2.8355122,-0.4723575
4471_KRIT1_P1P2_ENSG00000001631,KRIT1,0.079155535,-0.5567559,0.17505,0.08525648
4472_KRR1_P1P2_ENSG00000111615,KRR1,0.08761496,0.40139005,1.1204172,0.6691222
4473_KRT10_P2_ENSG00000186395,KRT10,0.3957832,-0.009993643,-0.25704873,-0.22026937
4474_KRT10_P1_ENSG00000186395,KRT10,0.10521103,0.48193735,-0.3428699,-0.65348035
4475_KRT17_P1P2_ENSG00000128422,KRT17,0.2680978,-0.74354005,-0.093664885,-0.39523944
4476_KRT18_P1P2_ENSG00000111057,KRT18,-0.26279888,0.14083292,-0.26281577,-0.3557069
4477_KRT19_P1P2_ENSG00000171345,KRT19,-0.44770014,1.4181827,-0.3608168,-0.29939508
4478_KRT8_P1_ENSG00000170421,KRT8,-0.2954631,-0.57416236,-0.08220481,-0.32169062
4479_KRT8_P2_ENSG00000170421,KRT8,-0.23100455,0.04660415,-0.1001098,-0.24951227
447_ARFGAP3_P1P2_ENSG00000242247,ARFGAP3,0.115102425,0.7370156,-0.07119937,-0.169677
4480_KRTAP4-2_P1P2_ENSG00000244537,KRTAP4-2,-0.041842986,0.56634706,-0.11248963,-0.44310084
4481_KRTAP4-7_ENST00000391417.4_ENSG00000240871,KRTAP4-7,-0.20651853,-0.107492335,-0.1353906,-0.330996
4482_KRTCAP2_P1P2_ENSG00000163463,KRTCAP2,-0.03813046,0.08195389,-0.47018105,0.13852076
4483_KSR1_P1P2_ENSG00000141068,KSR1,-0.15635087,-0.46648765,-0.42847097,-0.44083682
4484_KTI12_P1P2_ENSG00000198841,KTI12,-0.10245871,0.17722613,-0.84974444,-0.95534945
4485_KTN1_P2_ENSG00000126777,KTN1,0.085736275,-0.21898483,-0.5967038,0.14277972
4486_KTN1_P1_ENSG00000126777,KTN1,-0.100382,-0.27814463,-0.35608494,-0.0020611426
4487_KXD1_P1P2_ENSG00000105700,KXD1,-0.25962663,-0.87230843,1.1294929,-0.5049629
4488_L2HGDH_P1P2_ENSG00000087299,L2HGDH,0.247872,-0.097471826,1.0622672,-0.64946395
4489_L3HYPDH_P1P2_ENSG00000126790,L3HYPDH,0.60906446,0.16162637,-0.08514016,-0.31645396
448_ARFGEF1_P1P2_ENSG00000066777,ARFGEF1,0.46208578,-0.10276176,-0.09193068,-0.8045894
4490_L3MBTL1_P2_ENSG00000185513,L3MBTL1,-0.35266107,-0.1963693,-0.08330439,-0.5577523
4491_L3MBTL1_P1_ENSG00000185513,L3MBTL1,-0.07859413,-0.40887222,-0.11012952,-0.1309381
4492_L3MBTL2_P1P2_ENSG00000100395,L3MBTL2,-0.98779774,-1.0153962,2.30154,0.067266524
4493_L3MBTL3_P1P2_ENSG00000198945,L3MBTL3,0.124717325,-0.57633436,-0.29262632,-0.12529777
4494_L3MBTL4_P1P2_ENSG00000154655,L3MBTL4,0.016559316,0.24505071,-0.41006646,0.13737926
4495_LACTB2_P1P2_ENSG00000147592,LACTB2,-0.00027813087,-0.45326304,-0.13502999,-0.79098195
4496_LACTB_P1P2_ENSG00000103642,LACTB,-0.35078725,0.24016277,-1.0449958,-0.28645882
4497_LAGE3_P1P2_ENSG00000196976,LAGE3,-1.5064089,-0.5313913,0.6071416,0.14379248
4498_LAMA5_P1P2_ENSG00000130702,LAMA5,-0.1937854,-0.2484957,-0.4978386,-0.3443489
4499_LAMB1_P1P2_ENSG00000091136,LAMB1,-0.23364308,0.8434772,0.5198152,1.0026338
44_ABHD14B_P1_ENSG00000114779,ABHD14B,-0.06329872,-0.088090084,-0.1554689,-0.23231605
4500_LAMB2_P1P2_ENSG00000172037,LAMB2,-0.1312147,0.043141276,0.10648461,-0.5530627
4501_LAMP1_P1P2_ENSG00000185896,LAMP1,-0.6238867,-0.42107457,-0.5677057,-0.40116182
4502_LAMP2_P1P2_ENSG00000005893,LAMP2,-0.44261956,-0.38670105,-0.16355793,-0.22024459
4504_LAMTOR1_P1P2_ENSG00000149357,LAMTOR1,0.05456967,-0.96779007,-0.6489861,0.8003041
4506_LAMTOR2_P1P2_ENSG00000116586,LAMTOR2,0.20184034,-0.7782087,0.5707021,-0.12223642
4507_LAMTOR3_P1P2_ENSG00000109270,LAMTOR3,0.7118102,-0.8846595,-1.4993911,2.2963634
4508_LAMTOR4_P1P2_ENSG00000188186,LAMTOR4,0.6859018,-0.33139086,-0.94580406,0.5113399
4509_LAMTOR5_P1P2_ENSG00000134248,LAMTOR5,0.09195863,-0.5262535,-1.0129606,0.39839828
450_ARFIP1_P1P2_ENSG00000164144,ARFIP1,0.09321222,0.1906774,-0.3078133,-0.08890939
4510_LANCL1_P1P2_ENSG00000115365,LANCL1,-0.1792287,-0.5174876,-0.59630466,-0.17252852
4511_LANCL2_P1P2_ENSG00000132434,LANCL2,-0.4784279,-0.45908377,-0.21153761,-0.5877342
4512_LAP3_P1P2_ENSG00000002549,LAP3,0.69517726,0.21454696,-0.07478335,0.10942148
4513_LAPTM4A_P1P2_ENSG00000068697,LAPTM4A,-0.45493436,-0.1527906,-0.0689028,-0.45717812
4514_LAPTM4B_P1P2_ENSG00000104341,LAPTM4B,-0.1775575,0.055664767,-0.37356406,0.21498702
4515_LAPTM5_P1P2_ENSG00000162511,LAPTM5,0.32861874,-0.21584252,-0.53224933,0.01759412
4516_LARP1B_P1P2_ENSG00000138709,LARP1B,-0.3388518,-0.4503484,-0.08822881,-0.43217763
4517_LARP1_ENST00000336314.4_ENSG00000155506,LARP1,0.45786282,-0.21110237,-0.20980422,-0.28582987
4518_LARP4B_ENST00000316157.3_ENSG00000107929,LARP4B,0.9956375,0.1987533,0.16261367,-0.07419973
4519_LARP4_P1P2_ENSG00000161813,LARP4,0.34515387,0.019162267,0.20160697,-0.20625843
451_ARFIP2_P1P2_ENSG00000132254,ARFIP2,-0.7997689,-1.691361,2.9423056,-0.96435183
4520_LARP7_P1P2_ENSG00000174720,LARP7,0.050621767,0.24203058,0.7354599,-0.32923615
4521_LARS2_P1P2_ENSG00000011376,LARS2,-0.2064927,-0.7979912,-0.6033909,-0.07801096
4522_LARS_P1P2_ENSG00000133706,LARS,6.7610354,2.1403098,-2.943219,3.1211543
4523_LAS1L_P1P2_ENSG00000001497,LAS1L,-0.6623007,-1.7325431,0.9037686,-1.05189
4524_LASP1_P1P2_ENSG00000002834,LASP1,-0.17667198,-0.5661106,0.10262442,-0.7172219
4525_LATS1_P1P2_ENSG00000131023,LATS1,-0.09409794,-0.4539892,-0.10985351,-0.25073737
4526_LBH_P1P2_ENSG00000213626,LBH,0.38123313,0.43606278,-0.32181475,-0.45385993
4527_LBR_P1P2_ENSG00000143815,LBR,0.24252646,-0.518259,-0.288112,-0.35242763
4528_LBX1_P1P2_ENSG00000138136,LBX1,-0.7761764,-0.57494277,-0.11910581,-0.11078857
4529_LBX2_P1P2_ENSG00000179528,LBX2,-0.15903115,-0.21335593,-0.5186138,-0.109371945
452_ARFRP1_P1P2_ENSG00000101246,ARFRP1,-0.42716643,-0.2383636,0.25712547,-0.13579291
4530_LCE1C_P1P2_ENSG00000197084,LCE1C,0.050499167,-0.5262311,-0.06682108,-0.5247899
4531_LCE1E_P1P2_ENSG00000186226,LCE1E,0.15203461,-0.16888258,-0.45485273,0.20771539
4532_LCLAT1_P1P2_ENSG00000172954,LCLAT1,0.8154579,-0.70128024,-0.6805441,1.1756332
4533_LCMT1_P1P2_ENSG00000205629,LCMT1,0.056063294,-0.31139785,-0.019341774,-0.16556214
4534_LCMT2_P1P2_ENSG00000168806,LCMT2,-0.722395,-0.8925177,-0.17456195,-0.27735513
4535_LCN10_P1P2_ENSG00000187922,LCN10,-0.18541555,-0.84277666,-0.27998766,-0.23240992
4536_LCORL_P1P2_ENSG00000178177,LCORL,0.56100595,0.8145008,-1.1252638,0.4931481
4537_LCOR_P1P2_ENSG00000196233,LCOR,2.012301,0.99781233,-0.81661296,0.41520923
4538_LCP1_P1P2_ENSG00000136167,LCP1,-0.500221,-0.38601804,-0.18656251,-0.28927967
4539_LCP2_P1P2_ENSG00000043462,LCP2,-0.47212657,-0.020444544,-0.6731107,0.7894474
453_ARG2_P1P2_ENSG00000081181,ARG2,-0.01446363,-0.47556886,0.035818126,-0.45238137
4540_LDB1_P2_ENSG00000198728,LDB1,2.6302712,2.3467293,-2.1129107,16.659801
4541_LDB1_P1_ENSG00000198728,LDB1,-0.5880941,-0.79798853,-0.048008427,-0.1659611
4542_LDHA_P1P2_ENSG00000134333,LDHA,-0.3894977,-0.081469014,-0.32416183,-0.68656594
4543_LDHB_P1P2_ENSG00000111716,LDHB,-0.5442762,-0.48772195,0.3250819,-0.44846424
4544_LDLRAP1_P1_ENSG00000157978,LDLRAP1,-0.6181386,0.27837485,0.24134973,0.6116879
4545_LDLRAP1_P2_ENSG00000157978,LDLRAP1,-1.1744658,-0.40984008,-0.106507875,-0.65460587
4546_LDLR_P1P2_ENSG00000130164,LDLR,-0.17837913,0.29663485,-0.24687575,0.32167193
4547_LEF1_P2_ENSG00000138795,LEF1,-0.014643579,-0.4833355,-0.8130539,2.874569
4548_LEF1_P1_ENSG00000138795,LEF1,0.18727736,-0.5817071,-0.14536661,0.20903121
4549_LEMD2_P1P2_ENSG00000161904,LEMD2,-0.8599075,-0.3240954,-0.29771617,-0.14158103
454_ARGFX_P1P2_ENSG00000186103,ARGFX,-0.07237864,-0.2987261,0.3319261,-0.19050366
4550_LEMD3_P1P2_ENSG00000174106,LEMD3,0.05161716,-1.1591163,0.16136537,-0.72878724
4551_LENG1_P1P2_ENSG00000105617,LENG1,-0.24993922,-0.29072276,-0.18917723,-0.29919964
4552_LENG8_P1P2_ENSG00000167615,LENG8,-0.12094217,0.07448228,0.6236601,-0.9196922
4553_LEO1_P1P2_ENSG00000166477,LEO1,-1.4895657,-2.397137,1.658173,-0.41099885
4554_LEPROTL1_P1P2_ENSG00000104660,LEPROTL1,-0.2675147,2.9934695,1.3589448,-0.24742769
4555_LEPROT_P1P2_ENSG00000213625,LEPROT,0.11005534,0.015405477,-0.491298,-0.46353853
4556_LEPR_P1P2_ENSG00000116678,LEPR,-0.5660758,0.86486304,-0.24049315,0.018854715
4557_LETM1_P1P2_ENSG00000168924,LETM1,7.2606435,2.1639462,-1.6900426,1.4413654
4558_LETMD1_P1P2_ENSG00000050426,LETMD1,0.049254186,-0.14301957,-0.69639117,-0.16058594
4559_LEUTX_ENST00000396841.4_ENSG00000213921,LEUTX,-0.71769387,-0.10526677,-0.1405357,-0.78544575
455_ARGLU1_P1P2_ENSG00000134884,ARGLU1,0.20222506,-1.2784778,0.7752725,-1.690776
4560_LGALS1_P1_ENSG00000100097,LGALS1,0.25665784,-0.71419686,-0.056381267,-0.40770212
4561_LGALS1_P2_ENSG00000100097,LGALS1,-0.71202296,-0.25070956,0.2400036,-0.25793737
4562_LGALS8_P1P2_ENSG00000116977,LGALS8,-0.2068061,-0.045281794,0.02234214,0.050824452
4563_LGALSL_P1P2_ENSG00000119862,LGALSL,-0.12787913,-0.039800845,0.078582555,-0.33882973
4564_LGMN_P1P2_ENSG00000100600,LGMN,-0.14038655,-0.38892746,-0.4747142,-0.10840321
4565_LGR4_P1P2_ENSG00000205213,LGR4,0.43243787,0.64588094,-0.73465663,0.43076167
4566_LHPP_P1P2_ENSG00000107902,LHPP,0.17174576,0.21056364,-0.3659937,0.07599983
4567_LHX1_P1P2_ENSG00000273706,LHX1,-0.4499021,0.022541676,-0.49633878,-0.5141848
4568_LHX2_P1P2_ENSG00000106689,LHX2,-0.007918171,-0.36349118,-0.010386991,-0.04744709
4569_LHX3_P1_ENSG00000107187,LHX3,0.09691047,-0.5566074,0.34391493,-0.3886193
456_ARHGAP11A_P1P2_ENSG00000198826,ARHGAP11A,-0.10677334,-0.6437897,0.49699584,-0.8090938
4570_LHX3_P2_ENSG00000107187,LHX3,0.1742475,-0.31555384,0.3548484,-0.3092134
4571_LHX4_P1P2_ENSG00000121454,LHX4,0.40055427,0.010792333,-0.91158974,-0.35711697
4572_LHX5_P1P2_ENSG00000089116,LHX5,0.23429783,-0.20549968,-0.0699209,-0.55118674
4573_LHX6_P1_ENSG00000106852,LHX6,0.46217778,0.534197,0.23663062,-0.42015672
4574_LHX6_P2_ENSG00000106852,LHX6,0.8669915,-0.21484032,-1.4290391,-0.7229423
4575_LHX8_P1P2_ENSG00000162624,LHX8,0.10170349,-0.069560476,-0.15323746,0.0023563835
4576_LHX9_P1P2_ENSG00000143355,LHX9,-0.10923178,-0.027048381,-0.9013654,0.012408065
4577_LIAS_P1P2_ENSG00000121897,LIAS,0.22283514,-1.8423071,1.0253963,-0.8281044
4579_LIG3_P1P2_ENSG00000005156,LIG3,-0.21685751,-0.6903825,0.8749816,-0.17570683
457_ARHGAP11B_P1P2_ENSG00000284906,ARHGAP11B,-0.12771161,-0.6802959,-0.08366992,-0.49079546
4580_LIMA1_P2_ENSG00000050405,LIMA1,-0.11156891,-0.30211747,-0.75757223,0.2870328
4581_LIMA1_P1_ENSG00000050405,LIMA1,0.95644236,0.1878331,-1.0095687,-0.4062533
4582_LIMD1_P1P2_ENSG00000144791,LIMD1,-0.22283198,-0.35578784,-0.16727026,-0.70788944
4583_LIMD2_P1P2_ENSG00000136490,LIMD2,-0.9817948,0.0759308,0.67720187,-1.2994541
4584_LIME1_P1_ENSG00000203896,LIME1,-0.4864155,-0.636364,0.23689567,-0.2686697
4585_LIME1_P2_ENSG00000203896,LIME1,2.7560785,1.3341913,-1.4041275,1.4482077
4586_LIMK1_P1_ENSG00000106683,LIMK1,-0.17113969,-0.20530973,-0.011547898,-0.14969803
4587_LIMK1_P2_ENSG00000106683,LIMK1,0.6207493,-0.17863627,0.33899212,0.038883526
4588_LIMK2_P1P2_ENSG00000182541,LIMK2,0.030725585,-0.28334424,-0.31967843,0.011537075
4589_LIMS1_P1P2_ENSG00000169756,LIMS1,-0.19274394,-0.055147737,-0.09721893,-0.21159698
458_ARHGAP12_P1P2_ENSG00000165322,ARHGAP12,0.34204617,-0.4944773,-0.14636841,0.18890464
4590_LIN28A_P1P2_ENSG00000131914,LIN28A,0.03490656,-0.0980359,-0.56925017,-0.13496958
4591_LIN28B_P1P2_ENSG00000187772,LIN28B,0.1438846,-0.15237062,-0.46669367,0.14995277
4592_LIN37_P1P2_ENSG00000267796,LIN37,-0.0058411905,0.87528586,7.607282e-05,-0.39276424
4594_LIN54_P2_ENSG00000189308,LIN54,0.13724717,0.13852055,-0.051734522,0.08939091
4595_LIN54_P1_ENSG00000189308,LIN54,-0.19098783,0.15873703,0.17988843,0.32730934
4596_LIN7B_P1P2_ENSG00000104863,LIN7B,0.2929411,0.9636872,-0.83958364,1.087741
4597_LIN7C_P1P2_ENSG00000148943,LIN7C,0.06845099,0.56747437,-0.165856,-0.2461796
4598_LIN9_P1P2_ENSG00000183814,LIN9,-0.5814704,-0.083048545,-0.7381902,4.340234
4599_LIPH_P1P2_ENSG00000163898,LIPH,-0.010234902,0.31426308,-0.33135766,0.12574555
459_ARHGAP17_P1P2_ENSG00000140750,ARHGAP17,-0.022001887,0.34147987,-0.104403704,0.6150632
45_ABHD16A_P1P2_ENSG00000204427,ABHD16A,0.037688293,-0.45589545,-0.05426383,-0.08679903
4600_LIPT1_P1P2_ENSG00000144182,LIPT1,0.12570824,-1.2087816,0.1757513,-0.01099458
4601_LITAF_P1P2_ENSG00000189067,LITAF,-0.58697474,0.30941987,-0.44780692,-0.5946979
4602_LIX1L_P1P2_ENSG00000271601,LIX1L,0.17389739,-0.17937575,0.12878506,0.12512767
4603_LLGL1_P1P2_ENSG00000131899,LLGL1,0.16515864,0.17659593,0.3375735,0.23220627
4604_LLGL2_P1_ENSG00000073350,LLGL2,-0.47528213,0.16944206,-0.9381537,-0.012687339
4605_LLGL2_P2_ENSG00000073350,LLGL2,0.69088006,-0.7157544,1.9814957,0.350625
4606_LLPH_P1P2_ENSG00000139233,LLPH,-0.4554884,-0.5184937,-0.06762039,-0.5724251
4607_LMAN1_P1P2_ENSG00000074695,LMAN1,-0.8422926,-0.39258653,-0.18670343,-0.25690576
4608_LMAN2L_P1P2_ENSG00000114988,LMAN2L,-0.5084616,-0.39099327,-0.1043732,0.95892775
4609_LMAN2_P1P2_ENSG00000169223,LMAN2,0.26513103,-1.0028938,-0.090310805,-0.15763175
460_ARHGAP18_P1P2_ENSG00000146376,ARHGAP18,-0.21194674,0.28105792,-0.59560496,-0.53278506
4610_LMBR1L_P1P2_ENSG00000139636,LMBR1L,-0.6089243,-0.82482904,-0.74875903,-0.32965425
4611_LMBR1_P1P2_ENSG00000105983,LMBR1,-0.23625818,-0.7717078,-0.32809114,-0.19563887
4612_LMBRD1_P1P2_ENSG00000168216,LMBRD1,-0.30934072,-0.68418026,0.14860468,-0.22348025
4613_LMBRD2_P1P2_ENSG00000164187,LMBRD2,0.78648096,0.29174066,-0.29798368,0.06997538
4614_LMF2_P1_ENSG00000100258,LMF2,-0.63480514,-0.12475304,-0.64009887,0.51600236
4615_LMF2_P2_ENSG00000100258,LMF2,0.69678116,-0.67698175,-0.12993059,-0.26503223
4616_LMNA_P1P2_ENSG00000160789,LMNA,-0.65789294,-0.22161713,-0.3744763,-0.5245004
4617_LMNB1_P1P2_ENSG00000113368,LMNB1,-0.2657098,0.36438248,-0.079058446,0.15739736
4618_LMNB2_P1P2_ENSG00000176619,LMNB2,-0.9106156,0.50669456,-0.2604652,-0.29123506
4619_LMO2_P1P2_ENSG00000135363,LMO2,0.6583538,0.55983907,-1.0424149,3.2290022
461_ARHGAP19_P1P2_ENSG00000213390,ARHGAP19,0.5009003,-0.4455382,-0.018118728,-0.13723065
4620_LMO4_P1P2_ENSG00000143013,LMO4,1.365135,1.5781614,-1.4440476,1.9038008
4621_LMX1A_P1P2_ENSG00000162761,LMX1A,-0.37829307,-0.7684314,-0.043688297,0.13604142
4622_LMX1B_P1P2_ENSG00000136944,LMX1B,0.10362866,0.88097155,0.55561966,-0.9936285
4623_LNPEP_P1P2_ENSG00000113441,LNPEP,-0.3847857,-0.9942481,-1.3090432,-0.38893887
4624_LONP1_P1P2_ENSG00000196365,LONP1,5.3116546,1.7137796,-2.0422933,1.5068822
4625_LONP2_P1_ENSG00000102910,LONP2,0.1281607,0.2844677,-0.044986017,0.46923435
4626_LONP2_P2_ENSG00000102910,LONP2,-0.84526455,-0.606587,-0.13538705,-0.83012855
4627_LONRF3_P1P2_ENSG00000175556,LONRF3,-0.0706836,-0.5125664,0.010608932,-0.34011188
4628_LPA_P1P2_ENSG00000198670,LPA,-0.10844392,-0.42386064,0.006781415,-0.4986494
4629_LPCAT1_P2_ENSG00000153395,LPCAT1,0.078693174,-0.27979112,-0.07075202,0.30152234
462_ARHGAP1_P1P2_ENSG00000175220,ARHGAP1,-0.060305126,-0.22198658,0.5514027,-0.51672965
4630_LPCAT1_P1_ENSG00000153395,LPCAT1,-0.70248145,0.021116821,-0.37387794,-0.3057062
4631_LPCAT2_P1P2_ENSG00000087253,LPCAT2,1.1196601,-0.37658507,1.0304376,-0.056845024
4632_LPCAT3_P1P2_ENSG00000111684,LPCAT3,-0.07129932,1.0055227,-0.5699097,0.101690315
4633_LPCAT4_P1P2_ENSG00000176454,LPCAT4,0.5415734,-0.22350079,-0.5929609,-0.34697172
4634_LPGAT1_P1P2_ENSG00000123684,LPGAT1,0.3263106,-0.37093475,-0.19196644,-0.21743622
4635_LPIN1_P1P2_ENSG00000134324,LPIN1,1.1770139,-0.3106043,0.32133186,-0.13875866
4636_LPIN2_P1P2_ENSG00000101577,LPIN2,0.028909177,0.0066586896,-0.5589945,0.12678078
4637_LPL_P1P2_ENSG00000175445,LPL,0.07763327,-0.36874938,0.5095188,-0.14995879
4638_LRBA_P1P2_ENSG00000198589,LRBA,-0.3904654,0.7531463,-0.8047159,-0.22953914
4639_LRCH3_P1P2_ENSG00000186001,LRCH3,0.47187915,1.5453345,-0.0791504,-0.023451809
463_ARHGAP21_P1P2_ENSG00000107863,ARHGAP21,-0.1181029,-0.35098913,0.43272236,-0.55616206
4640_LRCH4_P2_ENSG00000077454,LRCH4,0.05233034,1.2508886,0.11856858,0.16728501
4641_LRCH4_P1_ENSG00000077454,LRCH4,-0.6292778,-0.27456233,-0.14613716,-0.562632
4642_LRFN1_P1P2_ENSG00000128011,LRFN1,-0.49394986,-0.16260831,-0.44207582,-0.5313951
4643_LRFN4_P1P2_ENSG00000173621,LRFN4,-0.23535614,-0.27213216,0.006521934,-0.6377182
4644_LRG1_P1P2_ENSG00000171236,LRG1,0.22495362,-0.13354275,-0.35492116,0.1722276
4645_LRIF1_P1P2_ENSG00000121931,LRIF1,3.7788825,2.3520715,-1.486771,4.0286145
4646_LRIG2_P1P2_ENSG00000198799,LRIG2,-0.34231365,-1.2042525,0.8730728,-0.81979305
4647_LRP10_P1P2_ENSG00000197324,LRP10,-0.017429795,0.61310524,-0.32138345,-0.25324842
4648_LRP12_P1P2_ENSG00000147650,LRP12,-0.4037404,-0.7923194,0.057440966,-0.08023835
4649_LRP5_P1P2_ENSG00000162337,LRP5,0.041110564,0.03568694,1.3276304,-0.18013999
464_ARHGAP22_P1P2_ENSG00000128805,ARHGAP22,0.9395308,3.6416175,-0.64572054,0.11482354
4650_LRP6_P1P2_ENSG00000070018,LRP6,-0.45620188,-0.5497669,-0.50907737,-0.099763855
4652_LRPAP1_P1P2_ENSG00000163956,LRPAP1,-0.662582,1.0316869,-0.23282614,-0.28961894
4653_LRPPRC_P1P2_ENSG00000138095,LRPPRC,3.001294,1.5604154,-0.26914957,1.8750522
4654_LRR1_P1P2_ENSG00000165501,LRR1,-0.6501007,-0.43514186,0.7519656,-0.12279144
4655_LRRC14_P1_ENSG00000160959,LRRC14,-0.35321546,-0.5251097,-0.042321824,-0.41241613
4656_LRRC14_P2_ENSG00000160959,LRRC14,-0.03207793,0.20633128,-0.40477815,-0.05196725
4658_LRRC20_P1P2_ENSG00000172731,LRRC20,-0.2271833,-0.33887258,-0.20270462,-0.3998688
4659_LRRC23_P1P2_ENSG00000010626,LRRC23,-0.64451647,-0.24911992,0.09595458,-0.6872606
465_ARHGAP24_P1P2_ENSG00000138639,ARHGAP24,-0.06095292,-0.58399516,-0.10438799,-0.30109552
4660_LRRC28_P1P2_ENSG00000168904,LRRC28,0.21188463,0.06141708,-0.00046451215,-0.18716823
4661_LRRC37A3_P1P2_ENSG00000176809,LRRC37A3,-0.39714214,0.4495154,-0.16246654,-0.14372021
4662_LRRC37B_P1P2_ENSG00000185158,LRRC37B,-0.49646956,-0.1304444,0.3916541,0.07938259
4663_LRRC40_P1P2_ENSG00000066557,LRRC40,0.005826547,-0.33628684,-0.4378106,-0.3789879
4664_LRRC41_P1P2_ENSG00000132128,LRRC41,-0.04027717,-0.00035021766,-0.22603872,-0.4830438
4665_LRRC42_P1P2_ENSG00000116212,LRRC42,-0.3547618,1.0190244,-0.6327557,-0.3248362
4666_LRRC45_P1P2_ENSG00000169683,LRRC45,0.14859426,-0.25088802,-0.23285945,-0.05470284
4667_LRRC47_P2_ENSG00000130764,LRRC47,-0.1910463,-0.28661144,-0.6166038,-0.3624478
4668_LRRC47_P1_ENSG00000130764,LRRC47,-0.04395903,0.43470767,-0.14374661,-0.8287396
4669_LRRC57_P1P2_ENSG00000180979,LRRC57,-0.5901045,-0.40257677,-1.0277326,-0.665155
466_ARHGAP25_P1P2_ENSG00000163219,ARHGAP25,-0.1932231,-0.45340025,-0.09142396,-0.441103
4670_LRRC58_P1P2_ENSG00000163428,LRRC58,-0.8184535,-0.28441545,0.25575966,-0.5098102
4671_LRRC59_P1_ENSG00000108829,LRRC59,-0.80797285,0.2585653,0.6528854,-0.3249839
4672_LRRC59_P2_ENSG00000108829,LRRC59,0.22451773,0.26729077,-0.3450516,-0.5312727
4673_LRRC61_P1P2_ENSG00000127399,LRRC61,-0.5491836,-0.64369893,0.037929915,-1.2928408
4674_LRRC8A_P1P2_ENSG00000136802,LRRC8A,-0.29361063,0.13513508,-0.61283153,-0.07635377
4675_LRRC8B_P1P2_ENSG00000197147,LRRC8B,0.47136372,0.48152998,-0.4875197,-0.03853539
4676_LRRC8C_P1P2_ENSG00000171488,LRRC8C,-0.66621137,-0.22500412,0.26816326,-0.18525152
4677_LRRC8D_P1_ENSG00000171492,LRRC8D,-0.04781948,-0.64677596,-0.9667729,-0.32136282
4678_LRRC8D_P2_ENSG00000171492,LRRC8D,-0.17617698,0.3241179,-0.44656652,0.3225393
4679_LRRCC1_P1P2_ENSG00000133739,LRRCC1,-0.22861546,0.20975459,0.20030253,0.17351685
467_ARHGAP35_ENST00000404338.3_ENSG00000160007,ARHGAP35,0.06257217,0.36006317,-0.108986735,-0.26100883
4680_LRRFIP1_P1P2_ENSG00000124831,LRRFIP1,0.18480746,0.26605532,-0.172103,-0.1954879
4681_LRRFIP2_P1P2_ENSG00000093167,LRRFIP2,-0.14809343,-0.51646084,0.48467022,-0.13193631
4682_LRSAM1_P1P2_ENSG00000148356,LRSAM1,6.8105907,2.1502843,-1.2521925,3.6757357
4683_LRWD1_P1P2_ENSG00000161036,LRWD1,-0.93140364,-0.7924403,-0.0123558175,-1.3582734
4684_LSG1_P1P2_ENSG00000041802,LSG1,0.052874874,-0.10529632,0.6991222,0.6737294
4685_LSM10_P1P2_ENSG00000181817,LSM10,-0.46490005,-0.69172,3.0149903,0.5329451
4686_LSM11_P1P2_ENSG00000155858,LSM11,-0.8077606,-0.93977594,5.070965,0.28818122
4687_LSM12_P1P2_ENSG00000161654,LSM12,-0.7123088,-0.5815734,-0.07948574,0.70017475
4688_LSM14A_P1P2_ENSG00000257103,LSM14A,-0.012663533,-0.17140596,0.46077904,0.11545704
4689_LSM14B_P1P2_ENSG00000149657,LSM14B,-0.08431734,0.04715511,0.19931132,-1.0177437
468_ARHGAP4_P2_ENSG00000089820,ARHGAP4,-0.44552892,-0.08112335,-0.2194765,-0.14475392
4690_LSM1_P1P2_ENSG00000175324,LSM1,-0.36126935,0.7502519,-0.30394527,-0.71238583
4691_LSM2_P1P2_ENSG00000204392,LSM2,0.33627328,0.65513766,-0.9233495,3.0799313
4692_LSM3_P1P2_ENSG00000170860,LSM3,0.56677014,0.44562915,-0.032469172,2.834542
4693_LSM4_P1P2_ENSG00000130520,LSM4,-0.043941226,2.6876926,-0.3203176,0.7095347
4694_LSM5_P2_ENSG00000106355,LSM5,0.59558856,-0.11027427,-1.4337658,0.9808273
4695_LSM5_P1_ENSG00000106355,LSM5,0.3704876,2.3212976,-1.3313018,2.7024033
4696_LSM6_P1P2_ENSG00000164167,LSM6,0.74865276,1.5257032,-2.7820852,6.693217
4697_LSM7_P1P2_ENSG00000130332,LSM7,0.17246945,0.48559833,-1.3176928,2.435803
4698_LSR_P1P2_ENSG00000105699,LSR,-0.9361928,-1.1455698,0.73837525,-0.25844014
4699_LSS_P1P2_ENSG00000160285,LSS,-0.5577648,0.29234073,0.24015744,0.37067938
469_ARHGAP4_P1_ENSG00000089820,ARHGAP4,-0.3709492,0.24155197,-1.0203872,0.90265805
46_ABHD17A_P1P2_ENSG00000129968,ABHD17A,-0.33848682,-0.26828375,-0.24020252,-0.13920167
4700_LST1_P1_ENSG00000204482,LST1,0.1713002,-0.04614279,0.27627498,0.054589953
4701_LST1_P2_ENSG00000204482,LST1,-0.078326866,0.33414873,-0.35560584,0.7764162
4702_LTA4H_P1P2_ENSG00000111144,LTA4H,-1.4371086,-0.19417764,-0.23109297,-0.716345
4703_LTB4R2_P1P2_ENSG00000213906,LTB4R2,-0.44230905,-0.17291354,-0.08499825,-0.24937402
4704_LTB4R_P1P2_ENSG00000213903,LTB4R,0.21856979,-0.2531133,-0.03548758,-0.12384671
4705_LTBP1_P1P2_ENSG00000049323,LTBP1,-0.25869614,-0.075960845,0.34471074,-0.3077124
4706_LTBP3_P1P2_ENSG00000168056,LTBP3,-0.22162315,-0.031113757,-0.38310072,-0.041079585
4707_LTBP4_P2_ENSG00000090006,LTBP4,-0.2845333,-0.45480415,0.8734351,-0.08527849
4708_LTBP4_P1_ENSG00000090006,LTBP4,-0.35376376,0.038398538,-0.19946162,-0.37571713
4709_LTBR_P1P2_ENSG00000111321,LTBR,-1.1218005,-0.2968663,0.13771255,-0.7430199
470_ARHGAP5_P1P2_ENSG00000100852,ARHGAP5,-0.31787637,-0.32774717,0.009742456,0.0050365524
4710_LTB_P1P2_ENSG00000227507,LTB,0.5719746,0.3595524,0.3689564,-0.29379457
4711_LTF_P1P2_ENSG00000012223,LTF,0.09752961,0.8512639,0.060587667,-0.5740275
4712_LTN1_P1P2_ENSG00000198862,LTN1,-0.36315817,0.16891992,-0.05120253,-0.78768134
4713_LTV1_P1P2_ENSG00000135521,LTV1,-0.2565403,-0.79824877,0.6415521,0.17169717
4714_LUC7L2_P2_ENSG00000146963,LUC7L2,-0.40456226,0.043411233,-0.5100731,0.36705256
4715_LUC7L2_P1_ENSG00000146963,LUC7L2,0.34607235,0.6037045,-0.70138097,0.3941599
4716_LUC7L3_P1P2_ENSG00000108848,LUC7L3,-0.37015164,2.305741,0.26493648,0.43210816
4717_LUC7L_P1P2_ENSG00000007392,LUC7L,0.04519869,-0.08687739,-1.1885026,1.7984872
4718_LURAP1_P1P2_ENSG00000171357,LURAP1,-0.39469165,0.06029194,-0.63583916,-0.14163311
4719_LUZP1_P1P2_ENSG00000169641,LUZP1,-0.15174551,0.40359512,-0.13787688,0.06478505
471_ARHGAP6_P1P2_ENSG00000047648,ARHGAP6,0.017083576,-0.4451185,4.446472,0.28082058
4720_LY6E_P1P2_ENSG00000160932,LY6E,-0.3536748,-0.24026674,-0.15318385,-0.3371042
4721_LYAR_P1P2_ENSG00000145220,LYAR,-0.41490358,-0.19430867,-0.20015094,-0.060088824
4722_LYL1_P1P2_ENSG00000104903,LYL1,0.45583934,1.0799061,-0.17763807,3.9728303
4723_LYN_P1P2_ENSG00000254087,LYN,-0.3671506,-0.65691984,-0.34580338,-0.04228335
4724_LYPLA1_P1P2_ENSG00000120992,LYPLA1,-0.41628373,0.81927025,-0.14020287,-0.4334235
4725_LYPLA2_P1P2_ENSG00000011009,LYPLA2,-1.3832515,-0.023936924,-0.6406063,0.06989147
4726_LYPLAL1_P1P2_ENSG00000143353,LYPLAL1,0.41737807,-0.6421776,-0.15094724,-0.7160816
4727_LYRM1_P1P2_ENSG00000102897,LYRM1,-0.49823478,-0.59085363,-0.025981756,-0.20999093
4728_LYRM2_P1P2_ENSG00000083099,LYRM2,-0.23093133,-0.085671216,0.11127597,-0.24624033
4729_LYRM4_P1P2_ENSG00000214113,LYRM4,-0.50024426,-0.6779564,0.3475936,-1.2952548
472_ARHGDIA_P1P2_ENSG00000141522,ARHGDIA,0.01940984,0.74967265,-0.31197217,0.63279426
4730_ETFRF1_P1P2_ENSG00000205707,ETFRF1,-0.53445184,-0.8493991,0.038340934,-0.6900948
4731_LYRM7_P1P2_ENSG00000186687,LYRM7,-0.61161643,-0.52040833,-0.46767184,-0.45492083
4732_LYSMD2_P1P2_ENSG00000140280,LYSMD2,-1.2077478,-0.64688873,0.5777564,-0.6328381
4733_LYSMD3_P1P2_ENSG00000176018,LYSMD3,0.26326475,-0.13319956,-0.18190019,-0.21062742
4734_LYZ_P1P2_ENSG00000090382,LYZ,-0.11671645,-0.19106114,0.5978462,-0.3812341
4735_LZIC_P1P2_ENSG00000162441,LZIC,-1.0759878,-0.29202378,0.24882749,-0.40000075
4736_LZTFL1_P1P2_ENSG00000163818,LZTFL1,0.66748196,-0.0593665,-0.46398878,0.42405644
4737_LZTR1_P1P2_ENSG00000099949,LZTR1,1.1180133,1.4630797,-1.8308399,3.841621
4738_LZTS2_P2_ENSG00000107816,LZTS2,0.615489,-0.25770023,-0.69423753,-0.17251244
4739_LZTS2_P1_ENSG00000107816,LZTS2,0.078896455,-0.14985843,-0.053485725,-0.5655421
473_ARHGDIB_P1P2_ENSG00000111348,ARHGDIB,0.22125804,-0.044604655,0.13802862,0.2611807
4740_M6PR_P1P2_ENSG00000003056,M6PR,-0.30919328,0.6158057,-0.48077318,0.21992901
4741_MACC1_P1P2_ENSG00000183742,MACC1,0.3005141,0.8668785,0.14094485,-0.34423536
4742_MACF1_P1P2_ENSG00000127603,MACF1,0.41685304,0.18787985,-0.97487515,-0.28773952
4743_MACROD1_P1P2_ENSG00000133315,MACROD1,0.19021203,-0.27736458,-0.18898979,-0.14281029
4744_MAD1L1_P1P2_ENSG00000002822,MAD1L1,0.06004873,-0.53659785,-0.012442603,-0.12792473
4745_MAD2L1BP_P1P2_ENSG00000124688,MAD2L1BP,-0.762829,0.014340562,-0.07331263,-0.57916355
4746_MAD2L1_P1P2_ENSG00000164109,MAD2L1,2.8181868,1.662115,-0.54010904,3.2251644
4747_MAD2L2_P1P2_ENSG00000116670,MAD2L2,-0.18327138,0.2815768,-0.087293044,-0.31464636
4748_MADD_P1P2_ENSG00000110514,MADD,-0.17085865,-0.6019331,0.21862698,0.04310107
4749_MAEA_P2_ENSG00000090316,MAEA,-0.18073931,0.1304852,-0.19388601,-0.2789377
474_ARHGEF10_P1P2_ENSG00000104728,ARHGEF10,-0.6146104,-0.54711294,-0.29501677,-0.43647078
4750_MAEA_P1_ENSG00000090316,MAEA,-0.58376414,0.33027652,0.5470622,1.0001565
4751_MAF1_P1P2_ENSG00000179632,MAF1,-0.40004423,-0.67235464,0.22620466,-0.42384985
4752_MAFA_P1P2_ENSG00000182759,MAFA,1.9691703,0.6427107,-1.7893409,2.0653796
4753_MAFB_P1P2_ENSG00000204103,MAFB,1.0020696,-0.1308584,-0.7167143,1.3900212
4754_MAFF_P1P2_ENSG00000185022,MAFF,0.07017328,0.3627489,-0.76964676,-0.15919046
4755_MAFG_P1P2_ENSG00000197063,MAFG,-0.0630595,0.5713153,-0.008719913,-0.056164257
4756_MAFK_P1P2_ENSG00000198517,MAFK,0.8924604,-0.17609161,-0.4329267,-0.63250047
4757_MAF_P1P2_ENSG00000178573,MAF,-0.21181971,-0.64602506,0.32306546,-1.0572393
4759_MAGEA1_P1P2_ENSG00000198681,MAGEA1,-0.6654483,-0.38944113,0.6214784,-0.7999448
475_ARHGEF11_P1P2_ENSG00000132694,ARHGEF11,-0.09154857,-0.376292,-0.43614718,-0.6799872
"4760_MAGEA2_ENST00000370284.1,ENST00000393872.3,ENST00000393876.1,ENST00000543232.1_ENSG00000268606",MAGEA2,0.43515852,0.36049053,-0.49347493,-0.10338748
"4761_MAGEA3_ENST00000370278.3,ENST00000393902.3_ENSG00000221867",MAGEA3,0.18908055,-0.83921844,-0.52749676,-0.041719776
4762_MAGEA6_P1P2_ENSG00000197172,MAGEA6,-1.0178826,-0.35634392,0.6641854,-0.31001937
4763_MAGEA9B_ENST00000243314.5_ENSG00000267978,MAGEA9B,-0.43908775,-0.69037163,-0.5653105,0.20935209
4764_MAGEB1_P2_ENSG00000214107,MAGEB1,0.91504705,-0.53652513,-0.996099,0.245986
4765_MAGEB1_P1_ENSG00000214107,MAGEB1,-0.1313701,0.2796589,0.058645036,-0.21685605
4766_MAGEB2_P1P2_ENSG00000099399,MAGEB2,0.28060824,0.08326649,-0.69156665,-0.7510061
4767_MAGEC1_P1P2_ENSG00000155495,MAGEC1,-0.57788384,0.122496314,-0.28226492,-0.27760375
4768_MAGEC2_P1P2_ENSG00000046774,MAGEC2,-0.015961356,-0.035590254,-0.33135244,-0.43347722
4769_MAGED1_P1_ENSG00000179222,MAGED1,-0.1516652,-0.3519417,-0.18338555,-0.05494599
476_ARHGEF12_P1P2_ENSG00000196914,ARHGEF12,-0.05789321,-0.62902284,-0.27059376,-0.53053814
4770_MAGED1_P2_ENSG00000179222,MAGED1,0.27884942,-0.6917752,0.14135607,-0.7117644
4771_MAGED2_P1_ENSG00000102316,MAGED2,-0.034878347,-0.170627,-0.2231977,-0.13123009
4772_MAGED2_P2_ENSG00000102316,MAGED2,0.10469532,-0.25897667,-0.0006380361,0.22718744
4773_MAGEF1_P1P2_ENSG00000177383,MAGEF1,-0.21959302,-0.13959277,-0.5723201,-0.3361577
4774_MAGEH1_P1P2_ENSG00000187601,MAGEH1,-0.07206562,0.15394557,-0.0030920177,-0.251133
4775_MAGI1_P1P2_ENSG00000151276,MAGI1,-0.14999506,-0.6930409,-0.4550434,-0.3776304
4776_MAGI3_P1P2_ENSG00000081026,MAGI3,0.38360432,0.29777652,-0.1245195,-0.07833377
4777_MAGOHB_P1P2_ENSG00000111196,MAGOHB,0.5844633,1.1377715,0.07581822,0.31995338
4778_MAGOH_P1P2_ENSG00000162385,MAGOH,-0.07379489,0.37179407,-0.4672777,0.58509123
4779_MAGT1_P1P2_ENSG00000102158,MAGT1,0.23220763,0.15919207,-0.61562806,0.048315953
477_ARHGEF18_P1P2_ENSG00000104880,ARHGEF18,-0.29622966,-0.0010631582,0.019827757,-0.034755614
4780_MAK16_P1P2_ENSG00000198042,MAK16,-0.75432116,-1.0466658,1.1556213,-0.51850045
4781_MALSU1_P1P2_ENSG00000156928,MALSU1,1.1213709,-0.47252163,-1.000089,-0.5351561
4782_MAML1_P1P2_ENSG00000161021,MAML1,0.21458149,-0.6183007,0.36352238,-0.5531936
4783_MAN1A1_P1P2_ENSG00000111885,MAN1A1,0.40040502,-0.46331766,-0.10086269,0.08159579
4784_MAN1A2_P1P2_ENSG00000198162,MAN1A2,-0.11885672,0.01908671,1.2875978,0.8051225
4785_MAN1B1_P1P2_ENSG00000177239,MAN1B1,-0.089480445,0.3164664,0.081767745,0.0706911
4786_MAN2A1_P1P2_ENSG00000112893,MAN2A1,0.14035444,-0.14985777,0.12994242,-0.12836997
4787_MAN2A2_P1P2_ENSG00000196547,MAN2A2,0.20242898,-0.13455746,-0.5655399,-0.75270754
4788_MAN2B1_P2_ENSG00000104774,MAN2B1,0.1302116,-0.42904052,0.21939221,0.4142984
4789_MAN2B1_P1_ENSG00000104774,MAN2B1,-0.1291085,-0.30969873,0.08009811,-0.42924458
478_ARHGEF1_P1_ENSG00000076928,ARHGEF1,-0.21570091,-0.31803885,-0.20638151,-0.09630196
4790_MAN2C1_P1P2_ENSG00000140400,MAN2C1,-0.27147225,-0.5845005,-0.05638213,-0.51846695
4791_MANBAL_P1P2_ENSG00000101363,MANBAL,0.27834123,-0.42960584,-0.52361476,-0.6472037
4792_MANBA_P1P2_ENSG00000109323,MANBA,-0.67073476,-0.28812295,-0.46830648,-0.51962304
4793_MANEAL_P1P2_ENSG00000185090,MANEAL,-0.4452308,-0.17933737,-0.5014804,-0.7507129
4794_MANEA_P1P2_ENSG00000172469,MANEA,-0.79935354,-0.6877302,-0.63955134,-0.99505585
4795_MANF_P1P2_ENSG00000145050,MANF,-0.082945466,1.4193134,-0.42504606,-0.3326502
4796_MAP1A_P1P2_ENSG00000166963,MAP1A,-0.24026625,-0.47102118,-0.25612697,0.090182126
4797_MAP1B_P1P2_ENSG00000131711,MAP1B,0.097498275,0.5821799,-0.54884547,-0.17612827
4798_MAP1LC3B_P1P2_ENSG00000140941,MAP1LC3B,-0.5806712,-0.47148713,-0.27873012,0.14239371
4799_MAP1S_P1P2_ENSG00000130479,MAP1S,-0.5051226,-0.30456203,-0.33629128,-0.4619056
479_ARHGEF1_P2_ENSG00000076928,ARHGEF1,-0.10986289,-0.3167666,0.629277,-0.43524507
47_ABHD17B_P1P2_ENSG00000107362,ABHD17B,-0.17021032,-0.20253167,-0.4565241,0.43702045
4800_MAP2K1_P1P2_ENSG00000169032,MAP2K1,-0.21721119,-0.4750831,0.059108406,-0.22552054
4801_MAP2K2_P1P2_ENSG00000126934,MAP2K2,-0.6321754,-0.43368366,-0.06777202,-0.4287261
4802_MAP2K3_P1P2_ENSG00000034152,MAP2K3,-0.1982506,-0.5183957,-0.32854262,0.20798016
4803_MAP2K4_P1P2_ENSG00000065559,MAP2K4,-0.85227084,-0.042007085,-0.029887924,0.037554156
4804_MAP2K5_P1P2_ENSG00000137764,MAP2K5,-0.0024673932,-0.08267383,0.099410385,-0.6657489
4805_MAP2K7_P1P2_ENSG00000076984,MAP2K7,-0.61850184,0.15343273,2.1601536,2.1013427
4806_MAP3K11_P1_ENSG00000173327,MAP3K11,-0.14674926,-0.56215835,-0.4481122,-0.26035357
4807_MAP3K11_P2_ENSG00000173327,MAP3K11,-0.15360643,-0.24499281,0.48706087,-0.5103671
4808_MAP3K1_P1P2_ENSG00000095015,MAP3K1,-0.47279647,-0.49489725,-0.314089,-0.31509277
4809_MAP3K2_P1P2_ENSG00000169967,MAP3K2,0.19856527,-0.13961725,-0.71476805,0.032863155
480_ARHGEF25_P1P2_ENSG00000240771,ARHGEF25,-0.5904934,-0.14247961,-0.2250023,-0.3511211
4810_MAP3K3_P1P2_ENSG00000198909,MAP3K3,-0.3532535,0.29852572,-0.32991925,-0.00882951
4811_MAP3K4_P1P2_ENSG00000085511,MAP3K4,-0.2097442,-0.63849115,0.8982319,-0.03312161
4812_MAP3K5_P1P2_ENSG00000197442,MAP3K5,-0.7407174,0.58252835,-0.5841237,-0.36831525
4813_MAP3K6_P1P2_ENSG00000142733,MAP3K6,0.27303466,-0.93367594,0.26072252,0.7278396
4814_MAP3K7_P1P2_ENSG00000135341,MAP3K7,-0.74389094,0.23909879,-0.16065748,0.2539959
4815_MAP3K8_P1P2_ENSG00000107968,MAP3K8,-0.46286625,-0.87908125,-0.16192885,-0.42944604
4816_MAP4K1_P1P2_ENSG00000104814,MAP4K1,-0.39468795,0.3369551,0.506408,-0.14501226
4817_MAP4K2_P1P2_ENSG00000168067,MAP4K2,0.038683664,-0.13599424,-0.67290384,-0.15582776
4818_MAP4K3_P1P2_ENSG00000011566,MAP4K3,0.1907979,-0.1019458,0.44312268,-0.030276058
4819_MAP4K4_P1P2_ENSG00000071054,MAP4K4,-0.18020804,-0.21392024,-0.24057044,-0.24874638
481_ARHGEF2_P1P2_ENSG00000116584,ARHGEF2,-0.50387776,0.0072487164,-0.9835107,-0.68176675
4820_MAP4K5_P1P2_ENSG00000012983,MAP4K5,-0.6425952,0.0859539,0.4731656,0.6143356
4821_MAP4_P1P2_ENSG00000047849,MAP4,-0.11610723,0.93475264,-0.75982225,-0.78529966
4822_MAP7D1_P1P2_ENSG00000116871,MAP7D1,-0.54440826,0.8075873,-1.3497403,-1.028459
4823_MAP7D3_P1P2_ENSG00000129680,MAP7D3,-0.065028735,-0.216451,-0.41224307,-0.012761946
4824_MAPK11_P1P2_ENSG00000185386,MAPK11,-0.046740055,0.15697925,0.46235788,-0.20773643
4825_MAPK12_P1P2_ENSG00000188130,MAPK12,0.024599606,-0.7867713,-0.633377,-0.5731384
4826_MAPK14_P1P2_ENSG00000112062,MAPK14,-0.12838854,-0.40432882,-0.31325206,0.6531522
4827_MAPK1IP1L_P1P2_ENSG00000168175,MAPK1IP1L,0.113445714,-0.4782163,-0.28017342,-0.668133
4828_MAPK1_P1P2_ENSG00000100030,MAPK1,-0.092319764,-0.36199686,0.13390769,-1.4436042
4829_MAPK3_P1P2_ENSG00000102882,MAPK3,-0.7257859,0.39396626,0.09509261,-0.48118114
482_ARHGEF39_P1P2_ENSG00000137135,ARHGEF39,-0.416023,-0.3217682,0.11949716,-0.38318694
4830_MAPK6_P1P2_ENSG00000069956,MAPK6,-0.30017516,0.28185135,-0.2041434,0.6229448
4831_MAPK8IP3_P1P2_ENSG00000138834,MAPK8IP3,-0.795293,-0.3097259,-0.1879076,-0.5539503
4832_MAPK8_P1P2_ENSG00000107643,MAPK8,0.09791654,-0.43165255,-0.16054413,-0.2232075
4833_MAPK9_P1P2_ENSG00000050748,MAPK9,-0.4728367,-0.14800137,0.33199123,-0.9402212
4834_MAPKAP1_P2_ENSG00000119487,MAPKAP1,1.3368767,0.40330333,-0.47008955,0.8661196
4835_MAPKAP1_P1_ENSG00000119487,MAPKAP1,-1.314647,-0.7036096,0.21747227,-1.2169861
4836_MAPKAPK2_P1P2_ENSG00000162889,MAPKAPK2,0.616339,0.6861781,-0.021107996,0.2545588
4837_MAPKAPK3_P1P2_ENSG00000114738,MAPKAPK3,-0.45407814,-0.3031927,0.30357397,-0.3269029
4838_MAPKAPK5_P1P2_ENSG00000089022,MAPKAPK5,-0.14767654,-0.31034225,0.16292824,-0.44786647
4839_MAPRE1_P1P2_ENSG00000101367,MAPRE1,-0.10434591,1.0102863,-0.059679575,-0.5226748
483_ARHGEF6_P1P2_ENSG00000129675,ARHGEF6,-0.6505778,-0.3921103,0.29282176,-0.035109553
4840_MAPRE2_P2_ENSG00000166974,MAPRE2,-0.054501913,-0.948274,-0.15432562,-0.14011712
4841_MAPRE2_P1_ENSG00000166974,MAPRE2,-0.7375727,-0.51424724,-0.26753908,-0.31214562
4842_MAPRE3_P1P2_ENSG00000084764,MAPRE3,-0.025961354,0.69017315,0.107977614,1.0831765
4843_MAPT_P1P2_ENSG00000186868,MAPT,-0.32917246,0.4162203,-0.04260343,-0.5752441
4844_MARCH3_P1P2_ENSG00000173926,MARCH3,-0.49528375,0.75161517,2.4697728,1.0423456
4845_MARCH5_P1P2_ENSG00000198060,MARCH5,-0.41390225,0.14086938,-0.0127675375,-0.058568828
4846_MARCH6_P1P2_ENSG00000145495,MARCH6,0.09034685,-0.2211635,0.031011734,1.019939
4847_MARCH7_P1P2_ENSG00000136536,MARCH7,1.4974114,0.007013007,-1.2377083,0.66282433
4848_MARCH8_P1P2_ENSG00000165406,MARCH8,0.15683426,0.39817345,-0.7874479,0.17862482
4849_MARCH9_P1P2_ENSG00000139266,MARCH9,-0.02934325,-1.4787458,-1.1536517,-0.3783495
484_ARHGEF7_ENST00000370623.3_ENSG00000102606,ARHGEF7,-0.021674123,-0.47843584,0.16501844,0.005225597
4850_MARCKSL1_P1P2_ENSG00000175130,MARCKSL1,0.007096008,-1.0022354,-0.41491848,-1.0979964
4851_MARK2_P2_ENSG00000072518,MARK2,-0.034490854,-0.14880104,0.35336396,-0.12717925
4852_MARK2_P1_ENSG00000072518,MARK2,-0.63875693,1.5203605,0.07296472,1.1130992
4853_MARK3_P2_ENSG00000075413,MARK3,0.67008674,-0.47303364,-0.6059966,-0.62570757
4854_MARK3_P1_ENSG00000075413,MARK3,-0.23004612,0.4723429,0.16948879,-0.12734109
4855_MARK4_P1P2_ENSG00000007047,MARK4,-0.050828602,0.954314,-0.015728997,-0.17503689
4856_MARS2_P1P2_ENSG00000247626,MARS2,0.6805147,-0.81879413,-0.15871035,0.08180988
4857_MARS_P1P2_ENSG00000166986,MARS,4.981244,2.5936391,-1.997514,2.2516387
4858_MAST1_P2_ENSG00000105613,MAST1,-0.3101063,0.43940163,-0.4934318,-0.08658103
4859_MAST1_P1_ENSG00000105613,MAST1,-0.28621063,-0.5508905,1.2218492,0.05761332
485_ARHGEF9_P1P2_ENSG00000131089,ARHGEF9,-0.20211856,-0.59557366,-0.5185931,0.38106543
4860_MAST2_P1P2_ENSG00000086015,MAST2,0.3058013,0.52351975,-0.29162914,1.0459375
"4861_MAST4_ENST00000403625.2,ENST00000404260.3_ENSG00000069020",MAST4,-0.014819707,-0.22351523,-0.66150784,0.34156778
4862_MASTL_P1P2_ENSG00000120539,MASTL,0.5869053,0.35577258,0.37644246,-0.20673446
4863_MAT2A_P1P2_ENSG00000168906,MAT2A,-0.14027126,-0.92028207,2.9219198,1.4645838
4864_MAT2B_P2_ENSG00000038274,MAT2B,-0.19563842,-0.3600801,-0.45848653,-0.022155546
4865_MAT2B_P1_ENSG00000038274,MAT2B,0.33142477,1.5575331,-1.0168672,0.44203278
4866_MATK_P1P2_ENSG00000007264,MATK,-0.5939552,-0.5420819,0.320022,0.14873675
4867_MATR3_P1P2_ENSG00000280987,MATR3,-1.1473392,-0.05952438,-0.55051327,-0.36301386
4868_MAU2_P1P2_ENSG00000129933,MAU2,0.53738815,3.626999,2.2433276,2.7529845
4869_MAVS_P1_ENSG00000088888,MAVS,-0.30429026,0.41480848,-1.2268032,6.0240293
486_ARID1A_P1P2_ENSG00000117713,ARID1A,-0.13892418,-0.97724247,0.42081788,-1.2732307
4870_MAVS_P2_ENSG00000088888,MAVS,-0.3791046,-0.3660694,-0.32722282,0.007253284
4871_MAX_P1P2_ENSG00000125952,MAX,0.5769699,-0.63946027,9.954126,0.6350581
4872_MAZ_P1P2_ENSG00000103495,MAZ,0.044346396,-0.54097575,0.00028173433,-0.35560736
4873_MBD1_P1P2_ENSG00000141644,MBD1,0.427783,-0.79562587,-0.34187147,-0.5764784
4874_MBD2_P1P2_ENSG00000134046,MBD2,-0.52989584,-0.34460482,-0.30806074,-0.83056563
4875_MBD3_P1P2_ENSG00000071655,MBD3,-0.2955761,-0.09544725,0.3432755,1.5310496
4876_MBD4_P1P2_ENSG00000129071,MBD4,-0.85630596,1.0706841,-0.4407015,0.009722871
4877_MBD5_P1P2_ENSG00000204406,MBD5,0.1352238,0.27995056,1.0612198,1.5711248
4878_MBD6_P1P2_ENSG00000166987,MBD6,-0.38154784,0.48341992,-0.62010056,0.074938245
4879_MBIP_P1P2_ENSG00000151332,MBIP,0.45933983,0.099545486,-0.0009159429,0.20100397
487_ARID1B_P1_ENSG00000049618,ARID1B,0.35162935,-0.35922524,0.37033746,-0.47946906
4880_MBLAC2_P1P2_ENSG00000176055,MBLAC2,0.35090044,-0.4526803,-0.10028767,-0.20718192
4881_MBNL1_P1P2_ENSG00000152601,MBNL1,0.71026534,0.18381977,-0.07684309,0.29676154
4882_MBNL2_P1P2_ENSG00000139793,MBNL2,-0.23120192,-0.13288538,-0.43808883,0.12311627
4883_MBOAT1_P1P2_ENSG00000172197,MBOAT1,-0.019228745,-1.0489702,0.661507,-1.0445483
4884_MBOAT2_P1P2_ENSG00000143797,MBOAT2,0.06827548,-0.74167144,0.33618438,-0.6566197
4885_MBOAT7_P1P2_ENSG00000125505,MBOAT7,0.087197095,-0.54725915,0.12820955,-0.13630001
4886_MBTD1_P1P2_ENSG00000011258,MBTD1,-0.19326949,-0.25270912,-0.46043503,-0.6946558
4887_MBTPS1_P1P2_ENSG00000140943,MBTPS1,0.53258485,-0.42252734,-1.0610931,1.5435203
4888_MBTPS2_P1P2_ENSG00000012174,MBTPS2,1.3882443,-0.27089158,-2.6047566,3.1454155
4889_MCAM_P1P2_ENSG00000076706,MCAM,-0.1207666,0.50851613,-0.624325,-0.5271501
488_ARID1B_P2_ENSG00000049618,ARID1B,-0.10980576,-0.41612178,0.04235509,-0.807134
4890_MCAT_P1P2_ENSG00000100294,MCAT,0.56567335,-0.37650052,-0.12910986,-0.49974424
4891_MCCC1_P1P2_ENSG00000078070,MCCC1,0.28884467,-0.2680066,-0.22282921,-0.51435643
4892_MCCC2_P1P2_ENSG00000131844,MCCC2,0.07533555,-0.1346127,0.28886566,0.31724995
4893_MCEE_P1P2_ENSG00000124370,MCEE,-0.19384043,0.8485485,0.42250296,-0.933776
4894_MCFD2_P1_ENSG00000180398,MCFD2,-0.2546318,-0.49127623,0.24601161,0.13583675
4895_MCFD2_P2_ENSG00000180398,MCFD2,-0.57722014,0.23091921,-0.3688766,-0.36295927
4896_MCL1_P1P2_ENSG00000143384,MCL1,-0.52475613,-0.1532718,-0.33109504,-0.8460094
4897_MCM10_P1P2_ENSG00000065328,MCM10,-0.6691068,-0.8937292,6.057153,-0.14473975
4898_MCM2_P1P2_ENSG00000073111,MCM2,-0.6304479,-0.583783,7.4337335,-0.11924911
4899_MCM3AP_P1P2_ENSG00000160294,MCM3AP,-0.97004676,-0.47797215,4.501515,-0.45268273
489_ARID2_P1P2_ENSG00000189079,ARID2,-0.16420893,-0.6175701,1.0110565,0.07449801
48_ABHD2_P1P2_ENSG00000140526,ABHD2,-0.37804404,-0.5016476,0.22485872,-0.5036317
4900_MCM3_P1P2_ENSG00000112118,MCM3,-0.21187527,-0.63128036,5.5533648,-0.16791269
4901_MCM4_P1P2_ENSG00000104738,MCM4,-0.5718315,-2.1367621,5.670901,-0.6057394
4902_MCM5_P1P2_ENSG00000100297,MCM5,-0.23923998,-0.8560523,3.5782096,-0.7746669
4903_MCM6_P1P2_ENSG00000076003,MCM6,-0.54069877,-1.1450287,6.252913,-0.7499976
4904_MCM7_P1P2_ENSG00000166508,MCM7,0.10030686,-0.21582177,2.6826522,-0.2863114
4905_MCM8_P1P2_ENSG00000125885,MCM8,0.07758212,-0.8968529,0.07820132,0.08445458
4906_MCM9_P1P2_ENSG00000111877,MCM9,-0.51830196,-0.0699832,-0.38710937,-0.23685966
4907_MCMBP_P1P2_ENSG00000197771,MCMBP,0.15230122,0.33433762,-0.8309611,-1.0347959
4909_MCPH1_P1P2_ENSG00000147316,MCPH1,-1.366938,0.30444,2.249487,-0.46958235
490_ARID3A_P1P2_ENSG00000116017,ARID3A,-0.2375027,0.31952104,1.8950846,2.4976866
4910_MCRS1_P1P2_ENSG00000187778,MCRS1,-0.18230903,0.07361292,-0.94677037,0.4247405
4911_MCTS1_P1P2_ENSG00000232119,MCTS1,0.2047081,-0.32637638,-0.41153502,-0.7396607
4912_MCUR1_P1P2_ENSG00000050393,MCUR1,-0.22998074,-1.1470586,1.7678633,-0.902311
4913_MCU_P1P2_ENSG00000156026,MCU,2.113207,0.43100217,-1.597653,2.222052
4914_MDC1_P1P2_ENSG00000137337,MDC1,-0.29457784,-0.659747,0.11962902,0.010074023
4915_MDH1_P1P2_ENSG00000014641,MDH1,-0.29862472,-1.1072359,0.25800565,-0.43540058
4916_MDH2_P1P2_ENSG00000146701,MDH2,-0.25213102,-0.41332635,0.039782852,-0.19156286
4917_MDK_P1P2_ENSG00000110492,MDK,0.7192048,0.0052974136,-0.25687602,-0.23850666
4918_MDM1_P1P2_ENSG00000111554,MDM1,-0.30050752,0.2994908,-0.5669566,0.13874944
4919_MDM2_P1P2_ENSG00000135679,MDM2,-0.29347113,-0.82841235,-0.018892081,0.24251871
491_ARID3B_P1P2_ENSG00000179361,ARID3B,-0.022379456,0.17278533,-0.57854116,0.67329794
4920_MDM4_P1P2_ENSG00000198625,MDM4,0.39895406,0.33176777,-0.35038555,-0.42053443
4921_MDN1_P1P2_ENSG00000112159,MDN1,0.9220421,-1.7825433,0.80686945,0.9451881
4922_MDP1_P1P2_ENSG00000213920,MDP1,0.050667733,-0.112554654,0.36498997,-0.24419923
4923_ME1_P1P2_ENSG00000065833,ME1,-0.46701849,-0.3470204,-0.0060855923,-0.052622173
4924_ME2_P1P2_ENSG00000082212,ME2,0.2714332,-0.08032112,-0.22023477,-0.111918174
4925_MEA1_P1P2_ENSG00000124733,MEA1,-0.062072072,-0.3116595,-0.21719708,-0.5206652
4926_MEAF6_P1P2_ENSG00000163875,MEAF6,-1.7169939,-2.288251,8.068278,-3.8637824
4927_MECOM_P1P2_ENSG00000085276,MECOM,-0.16567634,-0.09863318,-0.008062598,-0.1327907
4928_MECP2_P1P2_ENSG00000169057,MECP2,-0.39160222,0.29221404,-0.5050613,-0.035662614
4929_MECR_P1P2_ENSG00000116353,MECR,-0.481165,0.3940845,0.09451311,-0.32669574
492_ARID3C_P1P2_ENSG00000205143,ARID3C,-0.21640708,-0.04219346,-0.113797,-0.124757156
4930_MED10_P1P2_ENSG00000133398,MED10,-0.42160705,1.0317293,0.8604477,3.8727193
4931_MED11_P1P2_ENSG00000161920,MED11,-0.27156392,1.343319,2.6451008,3.0483644
4932_MED12_P1P2_ENSG00000184634,MED12,1.4484664,5.584184,0.5341836,13.9938545
4933_MED13L_P1P2_ENSG00000123066,MED13L,-0.02794307,-0.48286545,0.884213,0.92682785
4934_MED13_P1P2_ENSG00000108510,MED13,0.23838858,0.008966521,0.0787997,0.94121975
4935_MED14_P1P2_ENSG00000180182,MED14,-0.0030362469,0.6893667,1.7668974,4.2938247
4936_MED15_P2_ENSG00000099917,MED15,0.018377073,-0.6549627,-0.46503493,-0.016805317
4937_MED15_P1_ENSG00000099917,MED15,0.12610625,-0.7247666,1.7280316,1.3800422
4938_MED16_P1P2_ENSG00000175221,MED16,0.27458677,1.5569029,3.3044922,1.0981026
4939_MED17_P1P2_ENSG00000042429,MED17,-0.2708527,2.1083431,0.27623564,4.0643067
493_ARID4A_P1P2_ENSG00000032219,ARID4A,-0.53342927,0.42956153,-0.36018687,-0.052573524
4940_MED18_P1P2_ENSG00000130772,MED18,-0.29808924,1.3091333,1.2209892,5.617747
4941_MED19_P1P2_ENSG00000156603,MED19,0.59397936,0.980533,2.7821107,7.3154626
4942_MED1_P1P2_ENSG00000125686,MED1,-0.43567073,0.50341827,0.5816167,2.3787599
4943_MED20_P1P2_ENSG00000124641,MED20,-1.1132821,1.099786,1.1687192,3.1556969
4944_MED21_P1P2_ENSG00000152944,MED21,-1.2421715,1.513616,1.2481852,6.4684577
4945_MED22_P1P2_ENSG00000148297,MED22,-0.39506218,0.13240737,1.2196176,3.0847254
4947_MED24_P1P2_ENSG00000008838,MED24,-0.70776564,1.088814,1.9712433,2.262264
4948_MED25_P1P2_ENSG00000104973,MED25,-0.40179282,0.22459954,0.7502232,0.12074335
4949_MED26_P1P2_ENSG00000105085,MED26,-0.19281708,-0.40076914,-0.24282308,-0.17390461
494_ARID4B_P1P2_ENSG00000054267,ARID4B,0.3492927,0.37885606,1.0059148,-0.1942669
4950_MED27_P1P2_ENSG00000160563,MED27,0.83692837,0.44237897,-0.110727705,2.5746953
4951_MED28_P1P2_ENSG00000118579,MED28,0.42349243,0.80608714,1.6643003,4.0089655
4952_MED29_P1P2_ENSG00000063322,MED29,0.23333134,1.3236274,-0.033939503,3.542348
4953_MED30_P1P2_ENSG00000164758,MED30,0.38495472,4.4406667,0.7830678,9.549451
4954_MED31_P1P2_ENSG00000108590,MED31,-0.37713572,1.8337904,1.1169426,0.66305906
4955_MED4_P1P2_ENSG00000136146,MED4,0.20696726,-0.15964486,0.8028061,2.1013677
4956_MED6_P1P2_ENSG00000133997,MED6,0.4654964,2.1706047,0.70356315,5.3431306
4957_MED7_P1P2_ENSG00000155868,MED7,-0.04323387,1.7712263,0.4332951,4.517414
4958_MED8_P1P2_ENSG00000159479,MED8,-0.189682,1.0666888,0.12753896,2.4268508
4959_MED9_P1P2_ENSG00000141026,MED9,-0.8648888,3.5347147,0.5264005,8.206272
495_ARID5A_P1P2_ENSG00000196843,ARID5A,-0.03996069,0.5629363,-0.47366777,-0.3368358
4960_MEF2A_P1P2_ENSG00000068305,MEF2A,-0.6348562,-1.0350031,3.6933339,1.062648
4961_MEF2B_P1P2_ENSG00000213999,MEF2B,0.23856318,-0.34657562,-0.25559494,-0.42195228
4962_MEF2C_P1P2_ENSG00000081189,MEF2C,-0.3464107,-0.2676426,-0.2705668,-0.29725647
4963_MEF2D_P1P2_ENSG00000116604,MEF2D,0.24063724,0.04718545,-0.06445383,-0.22357333
4964_MEGF8_P1P2_ENSG00000105429,MEGF8,-0.7666301,0.00065094186,-0.06284039,-0.17470042
4965_MEIOB_P1P2_ENSG00000162039,MEIOB,-0.2552164,-0.34223327,0.09102818,-0.6252218
4966_MEIS1_P1P2_ENSG00000143995,MEIS1,-0.40643626,-0.16676863,0.3028417,-0.38519564
4967_MEIS2_P1P2_ENSG00000134138,MEIS2,-0.41718334,0.14357184,-0.38813746,-0.3467827
4968_MEIS3_P2_ENSG00000105419,MEIS3,-0.22062774,0.5501097,0.26571912,-0.08402979
4969_MEIS3_P1_ENSG00000105419,MEIS3,-1.5405,-0.67275476,-0.4129177,-0.32904264
496_ARID5B_ENST00000279873.7_ENSG00000150347,ARID5B,-0.29939577,-0.2991698,1.5918915,-0.35612148
4970_MELK_P1P2_ENSG00000165304,MELK,-0.15708306,0.009016073,-0.5244401,0.1332309
4971_MEMO1_P2_ENSG00000162959,MEMO1,-0.23579562,-0.22030178,-0.116775416,-0.48545074
4972_MEMO1_P1_ENSG00000162959,MEMO1,-0.37573394,0.4212298,-0.8956488,-0.20497327
4973_MEN1_P1P2_ENSG00000133895,MEN1,-0.29870835,1.0452528,1.5323905,-0.07666834
4974_MEOX1_P1P2_ENSG00000005102,MEOX1,-0.56648606,-0.07448654,-0.43778285,-0.36529878
4975_MEOX2_P1P2_ENSG00000106511,MEOX2,0.4390921,-0.34719172,-0.060387325,-0.24544518
4976_MEPCE_P1P2_ENSG00000146834,MEPCE,-0.36539263,-0.3688299,0.48789033,-0.14535682
4977_TLNRD1_P1P2_ENSG00000140406,TLNRD1,-0.03136292,-0.21934445,-0.524453,-0.23904672
4978_MESD_P1P2_ENSG00000117899,MESD,0.24965788,0.51254195,-0.67167014,0.004127052
4979_MESP1_P1P2_ENSG00000166823,MESP1,-0.30743858,-0.025956888,-0.33447975,-0.14512374
497_ARIH1_P1P2_ENSG00000166233,ARIH1,0.1712327,-0.7993677,1.9092134,1.4134554
4980_MESP2_P1P2_ENSG00000188095,MESP2,-0.31402838,-0.43375975,0.31495327,-0.41599408
4981_MEST_P2_ENSG00000106484,MEST,-0.7422934,-0.057210136,-0.023304364,-0.34614375
4982_MEST_P1_ENSG00000106484,MEST,-0.070376694,-0.42654637,-0.09117307,-0.26103586
4983_METAP1D_P1P2_ENSG00000172878,METAP1D,0.035250407,0.07861727,-0.70009303,0.37635916
4984_METAP1_P1P2_ENSG00000164024,METAP1,-0.19123286,-0.24698113,-1.2667011,-0.41370878
4985_METAP2_P1P2_ENSG00000111142,METAP2,3.4068031,2.0977256,-2.5191967,7.3777833
4986_METRNL_P1P2_ENSG00000176845,METRNL,0.22665946,0.34014,0.8456841,0.0154859945
4987_METRN_P1P2_ENSG00000103260,METRN,-0.7518819,-0.3884407,-0.36120653,-0.502163
4988_EEF1AKMT2_P1P2_ENSG00000203791,EEF1AKMT2,-0.41028413,0.88268447,-0.1962335,-0.14572613
4989_CSKMT_P1P2_ENSG00000214756,CSKMT,0.29281148,-0.6923042,-0.1310918,0.016110994
498_ARIH2_P1P2_ENSG00000177479,ARIH2,-0.6811334,0.20896032,0.035456117,-0.52497226
4990_EEF1AKNMT_P1P2_ENSG00000010165,EEF1AKNMT,0.24884169,0.61464745,0.3752265,-0.3614328
4991_METTL14_P1P2_ENSG00000145388,METTL14,-1.2852135,1.1798563,1.3135978,-0.039936528
4992_METTL15_P2_ENSG00000169519,METTL15,-0.16937944,0.31720075,-0.15371256,-0.053919725
4993_METTL15_P1_ENSG00000169519,METTL15,0.47867316,0.23234518,-0.7400706,1.0996338
4994_METTL16_P1P2_ENSG00000127804,METTL16,1.4675535,0.4179508,2.1348,5.198612
4995_METTL17_P1P2_ENSG00000165792,METTL17,0.62427616,-1.2296052,-0.13381624,-0.5258709
4996_METTL18_P1P2_ENSG00000171806,METTL18,1.1806148,0.64784473,0.5138491,-0.22792278
4997_METTL1_P1P2_ENSG00000037897,METTL1,0.6706851,0.42209017,-0.24116302,-0.37705666
4998_METTL21A_P1P2_ENSG00000144401,METTL21A,1.338439,0.47052473,0.6852254,2.0997944
4999_METTL22_P1P2_ENSG00000067365,METTL22,-0.2416353,0.07870144,-0.69123,-0.021508463
499_ARL11_P1P2_ENSG00000152213,ARL11,0.2662661,0.16826938,-0.2566117,1.1111373
49_ABHD3_P1P2_ENSG00000158201,ABHD3,0.23031428,-1.444602,0.011362822,-0.071261205
4_PRXL2C_P1P2_ENSG00000158122,PRXL2C,0.0041205487,0.6705821,-0.44898382,-0.2986023
5000_METTL23_P1P2_ENSG00000181038,METTL23,0.24169156,-0.5348968,-0.5812159,0.033435687
5001_METTL2A_P1P2_ENSG00000087995,METTL2A,-0.027943986,-0.4267624,-0.21548751,-0.073719725
5002_METTL2B_P2_ENSG00000165055,METTL2B,-0.11040795,-0.41820344,-0.15207526,-0.16785765
5003_METTL2B_P1_ENSG00000165055,METTL2B,-0.29209107,0.47675446,-0.012132815,-0.5038561
5004_METTL3_P1P2_ENSG00000165819,METTL3,-1.1064062,1.5010542,0.6924795,-0.09394058
5006_METTL5_P1P2_ENSG00000138382,METTL5,-0.1518558,0.17642398,-0.6509874,-0.32303414
5007_METTL6_P1P2_ENSG00000206562,METTL6,0.24828902,-0.39739376,0.57051474,0.20799193
5008_METTL7A_P1P2_ENSG00000185432,METTL7A,-0.75600487,-0.38668662,-0.1580137,-0.34796903
5009_METTL8_P1P2_ENSG00000123600,METTL8,0.89073,-0.033778746,-0.60639685,0.42871448
500_ARL13B_P1P2_ENSG00000169379,ARL13B,-0.08375646,0.048381172,-0.43645144,-0.10175336
5010_METTL9_P1P2_ENSG00000197006,METTL9,-0.31781697,0.10725584,0.024797056,-0.38998383
5011_MEX3A_P1P2_ENSG00000254726,MEX3A,-0.22463673,-0.27561337,-0.81566155,0.024424974
5012_MEX3B_P1_ENSG00000183496,MEX3B,0.3014383,0.12697208,-1.3961648,0.27311686
5013_MEX3B_P2_ENSG00000183496,MEX3B,0.005674638,-0.029552165,-0.37078005,0.17630276
5014_MEX3C_P1P2_ENSG00000176624,MEX3C,0.34234315,-0.15179282,-0.19460344,0.06598399
5015_MEX3D_P1P2_ENSG00000181588,MEX3D,-0.30602768,0.3062575,-0.7801867,-0.014759079
5016_MFAP1_P1P2_ENSG00000140259,MFAP1,-0.32337353,-0.2163209,0.14520249,2.257776
5017_MFAP3_P1P2_ENSG00000037749,MFAP3,-0.12915249,-0.26684082,0.82275593,0.030511567
5018_MFF_P1P2_ENSG00000168958,MFF,-0.33941966,-0.26641387,0.082413435,-0.45865104
5019_MFGE8_P1P2_ENSG00000140545,MFGE8,-0.4981343,-0.46710232,-0.13491592,-0.7278051
501_ARL14EP_P1P2_ENSG00000152219,ARL14EP,-0.3554596,0.018875059,-0.01952139,-1.0973246
5020_MFHAS1_P1P2_ENSG00000147324,MFHAS1,0.013896687,0.102012075,-0.16503362,-0.105480544
5021_MFN1_P1P2_ENSG00000171109,MFN1,-0.31087217,1.3656367,0.7093792,2.0075805
5022_MFN2_P1_ENSG00000116688,MFN2,1.9345872,0.34097707,-1.0282476,1.941801
5023_MFN2_P2_ENSG00000116688,MFN2,0.11096042,-0.579403,-0.03582569,-0.3399817
5024_MFSD10_P1P2_ENSG00000109736,MFSD10,0.29511142,-0.3102162,0.20615529,-0.041711994
5025_MFSD11_P1P2_ENSG00000092931,MFSD11,-0.28512117,1.1889774,-0.32417005,0.3333621
5026_MFSD12_P1P2_ENSG00000161091,MFSD12,-0.33261976,-0.09313189,0.32950878,-0.5582206
5027_MFSD1_P1P2_ENSG00000118855,MFSD1,-0.63254565,-0.40950328,-0.38223162,-0.4448524
5028_MFSD2B_P1P2_ENSG00000205639,MFSD2B,-0.9406572,-0.7807336,0.8836007,-1.0019467
5029_MFSD3_P1P2_ENSG00000167700,MFSD3,0.15510406,1.0375569,0.0030382217,-0.17910685
502_ARL15_P1P2_ENSG00000185305,ARL15,0.43786186,-0.04634639,-0.7448691,0.59900147
5030_MFSD5_P1P2_ENSG00000182544,MFSD5,-0.06264071,-0.23275055,-0.45626226,-0.12480956
5031_MFSD6_P1P2_ENSG00000151690,MFSD6,0.28258443,-0.1865455,-0.20232324,1.9261
5032_MFSD8_P1P2_ENSG00000164073,MFSD8,-0.28861967,-0.10271982,-0.52106017,-0.44745624
5033_MFSD9_P1P2_ENSG00000135953,MFSD9,0.3348546,0.036302093,0.31329262,-0.41439778
5034_MGAT1_P1_ENSG00000131446,MGAT1,-0.06716793,0.066270955,0.11772037,-0.38280758
5035_MGAT1_P2_ENSG00000131446,MGAT1,-0.3872577,0.4215595,-0.58043814,-0.4439517
5036_MGAT2_P1P2_ENSG00000168282,MGAT2,-0.6832442,-0.70892453,-0.81969863,-0.8754134
5037_MGAT3_P1P2_ENSG00000128268,MGAT3,-0.5671157,-0.02257105,0.32014385,-0.28157258
5038_MGAT4B_P1P2_ENSG00000161013,MGAT4B,0.12673254,1.2132274,0.96867186,2.422673
5039_MGAT5_P1P2_ENSG00000152127,MGAT5,-0.12574828,-0.5237867,-0.39956614,-0.2689353
503_ARL16_P1P2_ENSG00000214087,ARL16,-0.6727742,-0.25762144,-0.23296274,-0.16649419
5040_MGA_P1P2_ENSG00000174197,MGA,-0.21980014,0.2540192,-0.011216068,-0.027268687
5041_OGA_P1P2_ENSG00000198408,OGA,0.18373586,-1.1175056,0.02025054,0.38862693
5042_MGME1_P1P2_ENSG00000125871,MGME1,-0.39237332,-0.08469971,-0.50898206,-0.5193804
5043_MGRN1_P1P2_ENSG00000102858,MGRN1,-0.5818044,0.29344165,0.66205025,-0.38979873
5044_MGST1_P1P2_ENSG00000008394,MGST1,-0.1338741,0.49582338,-0.45680743,-0.7052732
5045_MGST2_P1P2_ENSG00000085871,MGST2,0.059803005,-0.35554567,-0.16420183,-0.5312564
5046_MGST3_P1P2_ENSG00000143198,MGST3,-0.16070922,-0.7118917,0.14739409,-0.6683285
5047_MIA2_P1P2_ENSG00000150527,MIA2,-1.0853883,-0.1694983,1.5879992,-0.6167713
5048_MIA3_P2_ENSG00000154305,MIA3,-0.03039568,0.48719254,0.20921594,-0.15614466
5049_MIA3_P1_ENSG00000154305,MIA3,-0.33402243,-0.16361274,-0.06354296,-0.43664446
"504_ARL17A_ENST00000329240.4,ENST00000336125.5,ENST00000445552.2_ENSG00000185829",ARL17A,0.10161991,0.31953222,-0.41425595,0.07560118
5050_MIB1_P1P2_ENSG00000101752,MIB1,-0.9451897,0.011579001,0.1442754,-0.32231537
5051_MIB2_P1P2_ENSG00000197530,MIB2,0.21640955,-0.6476879,-0.2110715,-0.3080093
5052_MICAL1_P1P2_ENSG00000135596,MICAL1,-0.45689785,0.56754047,-0.77660877,-0.04373279
5053_MICAL2_P1P2_ENSG00000133816,MICAL2,-0.0071029677,-0.94117653,0.79133433,-0.6518658
5055_MICAL3_P2_ENSG00000243156,MICAL3,0.45000738,-0.3934768,-0.013435471,-0.24026343
5056_MICALL1_P1P2_ENSG00000100139,MICALL1,-0.3295122,-0.45736146,0.7860986,-0.10283815
5057_MICALL2_P1P2_ENSG00000164877,MICALL2,-0.16016354,-0.37359902,-0.33104122,-0.19249223
5058_MICA_P1P2_ENSG00000204520,MICA,0.2489195,1.8713416,-1.2019086,2.0069287
5059_MICB_P2_ENSG00000204516,MICB,-0.51767343,1.1843171,-0.29213503,0.36218318
505_ARL1_P1P2_ENSG00000120805,ARL1,0.5635192,-0.10461645,-0.41198182,2.3968287
5060_MICB_P1_ENSG00000204516,MICB,-1.0141817,-0.19349311,-0.22810963,-0.64012563
5061_MICU1_P1P2_ENSG00000107745,MICU1,0.6431565,0.44307858,-0.22654703,-0.52707297
5062_MICU2_P1P2_ENSG00000165487,MICU2,-0.40824413,-0.20269753,-0.19731952,-0.25945735
5063_MID1IP1_P1P2_ENSG00000165175,MID1IP1,-0.111028664,-0.19369559,-0.30387348,-0.6188604
5064_MIDN_P1_ENSG00000167470,MIDN,-0.37615225,-0.2832476,0.22481728,-0.07284639
5065_MIDN_P2_ENSG00000167470,MIDN,-0.3253274,0.12624277,-0.017812394,0.37785256
5066_MIEF1_P1P2_ENSG00000100335,MIEF1,0.63393897,-0.3520799,-0.3902751,-0.83998257
5067_MIEN1_P1P2_ENSG00000141741,MIEN1,-0.21402448,0.24440879,0.003658707,-0.107355915
5068_MIER1_P1_ENSG00000198160,MIER1,1.8127311,1.5465574,-0.8234388,1.3605076
5069_MIER1_P2_ENSG00000198160,MIER1,-0.838733,-0.26963174,0.25729182,0.28729135
506_ARL2BP_P1P2_ENSG00000102931,ARL2BP,-0.22885576,-0.51131666,0.09006641,-0.12865208
5070_MIER2_P1P2_ENSG00000105556,MIER2,0.32352152,0.051064655,-0.54015017,-0.14697282
5071_MIER3_P1P2_ENSG00000155545,MIER3,0.390819,0.24164681,-0.76912326,-0.40144935
5072_MIF4GD_P1P2_ENSG00000125457,MIF4GD,-0.55461836,-0.18566707,-0.019190818,-0.085717924
5073_MIF_P1P2_ENSG00000240972,MIF,-0.2666913,0.025213124,0.29601017,-0.66743535
5074_MIIP_P1P2_ENSG00000116691,MIIP,1.699789,0.8407959,3.195306,2.1887503
5075_RIOX2_P1P2_ENSG00000170854,RIOX2,-0.45017365,0.9430679,-0.13919054,-0.061483614
5076_MINK1_P1P2_ENSG00000141503,MINK1,-0.16325925,-0.9309246,1.185697,0.6189862
5077_MICOS10_P1P2_ENSG00000173436,MICOS10,2.5758119,1.9642476,-0.22800124,1.325049
5078_MINPP1_P1P2_ENSG00000107789,MINPP1,0.25541002,0.013975554,-0.21754497,0.51240087
5079_MIOS_P1P2_ENSG00000164654,MIOS,-1.0461825,-1.8884156,0.543883,-1.0408274
507_ARL2_P1P2_ENSG00000213465,ARL2,2.2213342,-1.1919528,1.7026758,1.7176414
5080_MIPEP_P1P2_ENSG00000027001,MIPEP,-0.17484824,-0.36359647,0.20390888,-0.30681443
5081_MIPOL1_P1P2_ENSG00000151338,MIPOL1,0.3280624,-0.46385884,-0.24421865,-0.5481267
5082_MIS12_P1P2_ENSG00000167842,MIS12,1.0361338,5.0333114,0.43171355,1.3000677
5083_MIS18A_P1P2_ENSG00000159055,MIS18A,-0.3196942,1.1486409,-0.015639178,0.36816615
5084_MIS18BP1_P1P2_ENSG00000129534,MIS18BP1,-0.40291494,1.1145765,0.41713044,-0.70845217
5085_MITD1_P1P2_ENSG00000158411,MITD1,-0.13549955,-0.2218205,0.15949927,-0.616168
5086_MITF_P1_ENSG00000187098,MITF,-0.5558867,-0.52456325,0.7164862,-0.79255754
5087_MITF_P2_ENSG00000187098,MITF,-0.41969806,-0.53581107,-0.43046373,-0.69004434
5088_MIXL1_P1P2_ENSG00000185155,MIXL1,-0.33204913,-0.091667034,-0.30010104,-0.35997605
5089_NIFK_P1P2_ENSG00000155438,NIFK,0.6905381,1.3400884,1.4910152,-0.13547374
508_ARL3_P1P2_ENSG00000138175,ARL3,0.06105804,-0.16878223,-0.20251445,-0.21861754
5090_MKI67_P1P2_ENSG00000148773,MKI67,-0.038383357,0.21345615,-0.033301212,-0.4026565
5091_MKKS_P1P2_ENSG00000125863,MKKS,-0.4555616,0.043515697,0.35787532,-0.20157981
5092_MRTFA_P1P2_ENSG00000196588,MRTFA,-0.5503588,-0.13352273,0.42560357,-0.18152903
5093_MKLN1_P1P2_ENSG00000128585,MKLN1,0.20788749,0.36867663,-1.243819,-0.21527368
5094_MKNK1_P1_ENSG00000079277,MKNK1,-0.16850859,-0.22582954,0.3371233,-0.43107584
5095_MKNK1_P2_ENSG00000079277,MKNK1,0.06492022,0.12635447,0.32005078,-0.13725778
5096_MKNK2_P2_ENSG00000099875,MKNK2,-0.39429426,-0.22551593,0.15130238,-0.09583264
5097_MKNK2_P1_ENSG00000099875,MKNK2,-0.13742745,-0.11220301,-0.3291948,-0.21224934
5098_MKRN1_P1P2_ENSG00000133606,MKRN1,0.4120362,0.16489789,0.2654996,-0.18191133
5099_MKRN2_P1P2_ENSG00000075975,MKRN2,-0.2137946,-0.12707429,-0.40968254,0.22073326
509_ARL4A_P1P2_ENSG00000122644,ARL4A,-0.15197325,0.37940207,-0.25728786,0.5019607
50_ABHD5_P1P2_ENSG00000011198,ABHD5,-0.23863861,-0.17582537,-0.054846566,-0.39093083
5100_MKRN3_P1P2_ENSG00000179455,MKRN3,-0.7940829,-0.556259,-0.5133967,-1.5037657
5101_MKS1_P1P2_ENSG00000011143,MKS1,-0.33316332,-0.45672098,0.47608063,-0.092224665
5102_MKX_P2_ENSG00000150051,MKX,-0.61023444,-0.4867328,-0.03610616,-0.30751646
5103_MKX_P1_ENSG00000150051,MKX,-0.6580825,-0.708908,-0.3008813,-0.99684536
5104_MLEC_P2_ENSG00000110917,MLEC,-0.24673972,-0.596313,-0.13971862,0.28847587
5105_MLEC_P1_ENSG00000110917,MLEC,-0.2428556,0.68821454,-0.99194,0.49772203
5106_MLF1_P1P2_ENSG00000178053,MLF1,0.3374184,-0.09787097,-0.2954335,-0.046074267
5107_MLF2_P1P2_ENSG00000089693,MLF2,0.24133472,1.2007481,1.819713,1.2837951
5108_MLH1_P1P2_ENSG00000076242,MLH1,0.07362096,-0.43561295,-0.18093741,-0.34369826
5109_MLH3_P1P2_ENSG00000119684,MLH3,-0.9701536,-0.08345638,0.38302577,0.07040267
510_ARL4D_P1P2_ENSG00000175906,ARL4D,-0.6221649,-0.24406382,0.096255235,-0.4974204
5110_MLLT10_P1P2_ENSG00000078403,MLLT10,-0.2713008,-0.10649039,0.51330584,-0.30402738
5111_MLLT11_P1P2_ENSG00000213190,MLLT11,-0.68576914,-0.5957432,-0.5423274,-0.27841175
5112_MLLT1_P1P2_ENSG00000130382,MLLT1,0.3360859,1.7600412,1.0524769,1.3359537
5113_MLLT3_P1P2_ENSG00000171843,MLLT3,-0.22570646,-0.50541604,-0.36772278,-0.76813245
5114_MLLT6_P1P2_ENSG00000275023,MLLT6,-0.48486134,0.57006377,0.42116144,-2.5671546
5115_MLST8_P1P2_ENSG00000167965,MLST8,-0.89540833,-0.6407101,0.06139143,-1.3290424
5116_MLXIPL_P1P2_ENSG00000009950,MLXIPL,-0.32667264,-0.4515396,-0.57668716,-0.56665224
5117_MLXIP_P1P2_ENSG00000175727,MLXIP,0.30008426,-0.74829715,-0.08011439,0.011627677
5118_MLX_P1P2_ENSG00000108788,MLX,-0.58579147,0.06661229,0.03146612,-0.11625881
5119_MLYCD_P1P2_ENSG00000103150,MLYCD,-0.57234526,-0.47272006,-0.39677766,-0.28847697
511_ARL5A_P1P2_ENSG00000162980,ARL5A,-0.8860511,-1.1852138,0.03179013,-0.61271197
5120_MMAB_P1P2_ENSG00000139428,MMAB,0.6387687,0.95785564,0.15877141,0.61333245
5121_MMACHC_P1P2_ENSG00000132763,MMACHC,0.09078141,0.2386404,-0.075817145,0.3345908
5122_MMADHC_P1P2_ENSG00000168288,MMADHC,-0.5522123,-0.01808281,0.0016425614,-0.04222224
5123_MMGT1_P1P2_ENSG00000169446,MMGT1,0.09859887,-0.5416,-0.0010520897,-0.38866884
5124_MMP15_P1P2_ENSG00000102996,MMP15,0.004831435,-0.08878859,-0.44163787,-0.533906
5125_MMP17_P1P2_ENSG00000198598,MMP17,0.42634562,0.3338538,-0.8577304,2.8932693
5126_MMS19_P1P2_ENSG00000155229,MMS19,-0.58200014,-0.9314203,0.19949599,-0.16244127
5127_MMS22L_P1P2_ENSG00000146263,MMS22L,0.09404297,-0.163512,6.785079,-0.77238363
5128_MNAT1_P1P2_ENSG00000020426,MNAT1,-0.2686012,0.4553489,0.4171441,1.9792855
5129_MND1_P1P2_ENSG00000121211,MND1,0.346058,0.089645386,-0.2876439,0.3816972
512_ARL5B_P1P2_ENSG00000165997,ARL5B,-0.20277104,0.13651873,0.052655812,0.27045542
5130_MNT_P1P2_ENSG00000070444,MNT,0.46177632,1.6227989,-0.5956833,1.9001979
5131_MNX1_P1P2_ENSG00000130675,MNX1,0.27000555,-0.23933929,-0.5300036,0.54376537
5132_MOB1A_P1P2_ENSG00000114978,MOB1A,-0.6692052,-0.3307623,0.30900258,-0.72581303
5133_MOB1B_P1P2_ENSG00000173542,MOB1B,-0.003495011,-0.24524108,0.07547019,-0.65350115
5134_MOB2_P1P2_ENSG00000182208,MOB2,-0.36672264,-0.89927244,-0.5867259,-0.28157538
5135_MOB3A_P2_ENSG00000172081,MOB3A,0.18900742,-0.1084775,0.35693565,-0.2965322
5136_MOB3A_P1_ENSG00000172081,MOB3A,0.022998106,-0.6381963,0.3121027,0.4213092
5137_MOB3B_P1P2_ENSG00000120162,MOB3B,-0.17674564,-0.26823303,-0.24328075,-0.06413237
5138_MOB4_P1P2_ENSG00000115540,MOB4,-0.8969971,-1.029885,2.8251565,-2.3244007
5139_MOCOS_P1P2_ENSG00000075643,MOCOS,0.1953682,0.36850336,-0.1242873,0.99671155
513_ARL6IP1_P1_ENSG00000170540,ARL6IP1,0.46452755,-0.6276417,0.02056475,-0.075006664
5140_MOCS1_P1P2_ENSG00000124615,MOCS1,-0.21638754,-0.76048625,0.6093043,0.10054536
5141_MOCS2_P1P2_ENSG00000164172,MOCS2,-0.19162957,-0.45566082,-0.28913924,-0.45102957
5142_MOCS3_P1P2_ENSG00000124217,MOCS3,-0.23448856,0.07343398,-0.18136035,-0.56088626
5143_MOGS_P1P2_ENSG00000115275,MOGS,-0.13902469,0.9509782,-0.8514947,0.15464784
5144_MOG_P1P2_ENSG00000204655,MOG,-0.07702064,-0.28677696,0.019096436,-0.5312442
5145_MOK_P1P2_ENSG00000080823,MOK,-0.06822995,-0.7627474,-0.4030358,-0.34635484
5146_MON1A_P1P2_ENSG00000164077,MON1A,0.46741357,2.2573237,-1.0618649,2.8107078
5147_MON1B_P1P2_ENSG00000103111,MON1B,0.29930872,-0.27221456,-0.087448046,0.22908886
5148_MON2_P1P2_ENSG00000061987,MON2,0.253648,0.35581142,-0.6055073,0.12839635
5149_MORC2_P1P2_ENSG00000133422,MORC2,-0.4016324,-0.20339926,-0.45703304,-0.28390607
514_ARL6IP1_P2_ENSG00000170540,ARL6IP1,0.21728511,-0.75831145,-0.23356047,-0.41453537
5150_MORC3_P1P2_ENSG00000159256,MORC3,-0.981946,-0.033541676,-0.18260312,-0.5195985
5151_MORF4L1_P1P2_ENSG00000185787,MORF4L1,-0.10734398,0.4591726,0.26199976,-0.5408328
5152_MORF4L2_P1_ENSG00000123562,MORF4L2,-0.37690818,-0.13919902,-0.4450094,-0.06102394
5153_MORF4L2_P2_ENSG00000123562,MORF4L2,0.8763602,1.0732108,0.07988386,0.2526253
5154_MORN1_P1P2_ENSG00000116151,MORN1,0.106122024,-0.25483,-0.14057381,-0.29954997
5155_MORN2_P1P2_ENSG00000188010,MORN2,-0.4527222,0.48387408,-0.54478717,0.104640394
5156_MORN4_P1P2_ENSG00000171160,MORN4,-0.25903183,-0.65688354,-0.48466128,-0.052703988
5157_MOSPD3_P1P2_ENSG00000106330,MOSPD3,0.23868516,-0.07561444,0.17459464,0.1942092
5158_MOV10_P1P2_ENSG00000155363,MOV10,-0.49853268,-0.21377203,-0.85417944,0.37093627
5159_MPC1_P1P2_ENSG00000060762,MPC1,-0.71492994,0.24168251,-0.09787837,-0.047622807
515_ARL6IP4_P1P2_ENSG00000182196,ARL6IP4,0.09178586,1.5541172,0.023551347,-0.48842907
5160_MPC2_P1P2_ENSG00000143158,MPC2,0.31132466,-0.30268463,-0.026499351,-0.22211386
5161_MPDU1_P1P2_ENSG00000129255,MPDU1,-1.475898,0.28182065,0.23154557,-1.0628878
5162_MPG_P1P2_ENSG00000103152,MPG,0.18781637,1.6014192,-0.4540504,1.0029638
5163_MPHOSPH10_P1P2_ENSG00000124383,MPHOSPH10,1.1305903,-0.01067819,1.2270871,0.20215943
5164_MPHOSPH6_P1P2_ENSG00000135698,MPHOSPH6,0.30532348,-0.17928827,0.54427093,-0.3659452
5166_MPHOSPH8_P1_ENSG00000196199,MPHOSPH8,0.08918533,0.1066922,-0.029585674,-0.13541126
5167_MPHOSPH9_P1P2_ENSG00000051825,MPHOSPH9,0.17260519,0.023026742,0.42865077,-0.6310074
5168_MPI_P1P2_ENSG00000178802,MPI,-0.18376876,-0.26846525,0.16169518,-0.15422103
5169_MPLKIP_P1P2_ENSG00000168303,MPLKIP,-0.21614379,-0.43097317,-0.10350165,-0.017092144
516_ARL6IP5_P1P2_ENSG00000144746,ARL6IP5,-0.12537447,-0.19551364,-0.28349197,0.33608553
5170_MPND_P1P2_ENSG00000008382,MPND,0.996448,0.025399148,-1.3936697,-1.1543179
5171_MPP1_P1P2_ENSG00000130830,MPP1,-0.4260347,0.2686009,-0.76191455,0.07236473
5172_MPP3_P1P2_ENSG00000161647,MPP3,-0.33675557,-0.09996744,0.10939307,-0.06149335
5173_MPP5_P1P2_ENSG00000072415,MPP5,-0.4057081,-0.14093557,0.29662433,-0.012536718
5174_MPP6_P1P2_ENSG00000105926,MPP6,0.40365016,-0.7949483,-0.59827894,-0.078658834
5175_MPPE1_P1P2_ENSG00000154889,MPPE1,-0.2140803,0.1805977,-0.4168966,-0.082661964
5176_MPRIP_P1P2_ENSG00000133030,MPRIP,-0.22573434,-0.18742704,0.047099985,-0.03466817
5177_MPST_P1P2_ENSG00000128309,MPST,-0.4706659,-0.33823743,2.755071,-0.4168543
5178_MPV17L2_P1P2_ENSG00000254858,MPV17L2,0.27295747,-0.081029944,0.059641626,0.27972206
5179_MPV17_P1P2_ENSG00000115204,MPV17,-0.63062227,0.13823153,-0.24474594,-0.46416128
517_ARL6IP6_P1P2_ENSG00000177917,ARL6IP6,-0.010469021,0.69694906,0.77034193,-0.6900643
5180_MPZL1_P1P2_ENSG00000197965,MPZL1,-0.06695338,-0.22967842,-0.43270332,-0.16138367
5182_MPZ_P1_ENSG00000158887,MPZ,-0.08980502,-0.25621077,-0.6354763,-0.72509414
5183_MR1_P1P2_ENSG00000153029,MR1,-0.06203156,-0.37633637,-0.19567825,-0.048470624
5184_MRAP2_P1P2_ENSG00000135324,MRAP2,-0.3278524,0.4615325,-0.29716292,-0.5788547
5185_MRAS_P1P2_ENSG00000158186,MRAS,-0.8430448,-0.86139005,-0.20551576,0.074362524
5186_MRC2_P1P2_ENSG00000011028,MRC2,-0.5947477,-0.751382,0.088826515,-0.45936662
5187_MRE11_P1P2_ENSG00000020922,MRE11,-0.022674212,-0.3271727,0.081899114,0.31926453
5188_MRFAP1L1_P1P2_ENSG00000178988,MRFAP1L1,-0.6484886,0.1618492,-1.0442715,0.27561438
5189_MRFAP1_P1P2_ENSG00000179010,MRFAP1,0.22356045,-0.16502097,0.19337714,-0.2028122
518_ARL8A_P1P2_ENSG00000143862,ARL8A,0.038051568,-0.42764288,0.06581983,-0.0657146
5190_MRGBP_P1P2_ENSG00000101189,MRGBP,1.6627946,0.997575,1.9117798,1.2646873
5191_MRI1_P1P2_ENSG00000037757,MRI1,-0.07370483,1.3966469,-0.14283472,0.10350719
5192_MRM1_P1P2_ENSG00000278619,MRM1,0.15223621,-0.36216077,0.5144948,0.51479864
5193_MRPL10_P1P2_ENSG00000159111,MRPL10,2.1954658,-0.3380494,-1.2463219,0.37346298
5194_MRPL11_P1P2_ENSG00000174547,MRPL11,1.8223208,-0.51780427,-1.6011496,-0.5257316
5196_MRPL13_P1P2_ENSG00000172172,MRPL13,0.5021272,-0.792055,-0.9330654,0.22606942
5197_MRPL14_P1P2_ENSG00000180992,MRPL14,0.4835439,-0.5139368,-1.1076528,-0.26207694
5198_MRPL15_P1P2_ENSG00000137547,MRPL15,2.320092,0.46168467,-0.944655,0.28818685
5199_MRPL16_P1P2_ENSG00000166902,MRPL16,2.1194599,-0.6422215,-1.8631133,0.65923756
519_ARL8B_P1P2_ENSG00000134108,ARL8B,-0.31091443,-0.41649145,-0.8678251,-0.1543865
51_ABHD6_P1P2_ENSG00000163686,ABHD6,0.44440967,-0.03684156,0.13903892,-0.40899172
5200_MRPL17_P1P2_ENSG00000158042,MRPL17,1.7991678,-0.8064798,-0.4214535,-0.41189945
5201_MRPL18_P1P2_ENSG00000112110,MRPL18,1.6994123,0.11391883,-1.8772988,0.41188815
5202_MRPL19_P1P2_ENSG00000115364,MRPL19,2.6821868,-0.9366223,-1.653789,0.34700325
5203_MRPL1_P1P2_ENSG00000169288,MRPL1,-0.072875746,-0.47331703,-0.6942138,-0.22364235
5204_MRPL20_P1P2_ENSG00000242485,MRPL20,1.4595072,0.28532502,-1.4565444,1.0640249
5205_MRPL21_P1P2_ENSG00000197345,MRPL21,3.6352715,-0.044816423,-1.5407704,0.6166583
5206_MRPL22_P1P2_ENSG00000082515,MRPL22,0.8604057,-0.23401248,-1.4437579,-0.06942868
5207_MRPL23_P1P2_ENSG00000214026,MRPL23,0.8512778,-0.113002494,-0.93565285,0.34474653
5208_MRPL24_P1P2_ENSG00000143314,MRPL24,1.4608881,-0.5314287,-1.4409475,0.35702246
5209_MRPL27_P1P2_ENSG00000108826,MRPL27,2.4872453,0.21513501,-1.9655213,0.6984824
520_ARMC10_P1P2_ENSG00000170632,ARMC10,-0.24856085,-0.28710213,-0.6059055,-0.2023416
5210_MRPL28_P1P2_ENSG00000086504,MRPL28,1.0499817,0.0041370844,0.014750425,-0.30627093
5211_MRPL2_P1P2_ENSG00000112651,MRPL2,1.5600156,-0.83690053,-0.72649205,-0.4026883
5212_MRPL30_P2_ENSG00000185414,MRPL30,0.15046926,-1.1597813,-0.7339242,-0.06164285
5213_MRPL30_P1_ENSG00000185414,MRPL30,2.2018363,-0.8925385,-0.28621483,-0.24155304
5214_MRPL32_P1P2_ENSG00000106591,MRPL32,0.33891165,-0.26615015,-0.5670489,-0.52902913
5215_MRPL33_P1P2_ENSG00000243147,MRPL33,1.7116926,-0.15205893,-1.3276752,-0.0611573
5216_MRPL34_P1P2_ENSG00000130312,MRPL34,0.9774658,-0.3885781,-1.1266996,-0.10459726
5217_MRPL35_P1P2_ENSG00000132313,MRPL35,2.0854664,-0.49769256,-1.8307253,0.118354715
5218_MRPL36_P1P2_ENSG00000171421,MRPL36,1.9907213,-0.05836389,-1.548973,-0.067695126
5219_MRPL37_P1P2_ENSG00000116221,MRPL37,1.7081633,-1.1293395,-1.4573741,-0.16692881
521_ARMC1_P1P2_ENSG00000104442,ARMC1,-0.6583615,-0.60190016,-0.5803275,-0.50858074
5220_MRPL38_P1P2_ENSG00000204316,MRPL38,0.9587466,1.1203668,-0.1806425,-0.6633059
5221_MRPL39_P1P2_ENSG00000154719,MRPL39,2.2071352,-0.8356719,-1.7112286,0.13785218
5222_MRPL3_P1P2_ENSG00000114686,MRPL3,1.9444718,-0.32965395,-1.5665864,0.61418355
5223_MRPL40_P1P2_ENSG00000185608,MRPL40,0.23586294,-0.5493431,-0.3977375,-0.67400867
5224_MRPL41_P1P2_ENSG00000182154,MRPL41,2.7478833,0.46399176,-1.6073275,0.4156135
5225_MRPL42_P1P2_ENSG00000198015,MRPL42,1.2943748,-0.72030455,-1.0264599,-0.43206635
5226_MRPL43_P1P2_ENSG00000055950,MRPL43,2.7756722,0.7044353,-2.1022615,0.49868453
5227_MRPL44_P1P2_ENSG00000135900,MRPL44,1.5505468,-0.7299701,-1.6102496,0.34596598
5228_MRPL45_P1P2_ENSG00000278845,MRPL45,0.23671445,0.121742524,-0.5959441,-0.31594688
5229_MRPL46_P1P2_ENSG00000259494,MRPL46,3.3259017,-0.20845765,-1.4555326,0.92003673
522_ARMC5_P1P2_ENSG00000140691,ARMC5,0.56956273,0.18147844,-0.51902217,0.42784154
5230_MRPL47_P1P2_ENSG00000136522,MRPL47,0.17644387,-0.12479794,0.6945895,0.07428209
5231_MRPL48_P1P2_ENSG00000175581,MRPL48,0.01585004,-0.57340384,-0.951891,-0.5387014
5232_MRPL49_P1P2_ENSG00000149792,MRPL49,2.0587149,-0.7625794,-0.94479775,0.14492701
5233_MRPL4_P1P2_ENSG00000105364,MRPL4,1.1722468,-0.41074446,-0.9267481,0.112623066
5234_MRPL50_P1P2_ENSG00000136897,MRPL50,1.230262,-0.43009874,-0.38796955,0.29038134
5235_MRPL51_P1P2_ENSG00000111639,MRPL51,1.3792465,-0.8133811,-0.24692169,-0.078010336
5236_MRPL52_P1P2_ENSG00000172590,MRPL52,0.7429917,-0.3775436,-0.14444773,-0.017238429
5237_MRPL53_P1P2_ENSG00000204822,MRPL53,0.9635023,-0.2755123,-0.6638257,-0.11731378
5238_MRPL54_P1P2_ENSG00000183617,MRPL54,0.54044014,-0.26627365,-0.80269974,-0.4261991
5239_MRPL55_P1P2_ENSG00000162910,MRPL55,1.378163,-0.7902911,-1.2544487,-0.6677482
523_ARMC6_P1P2_ENSG00000105676,ARMC6,-0.5543129,-0.44795278,-0.3040459,-0.41502446
5240_MRPL9_P1P2_ENSG00000143436,MRPL9,0.31182954,-0.34283012,-0.75133777,-0.15558922
5241_MRPS10_P1P2_ENSG00000048544,MRPS10,1.8761159,0.21134764,0.121088274,1.0422693
5242_MRPS11_P1P2_ENSG00000181991,MRPS11,2.7746499,0.5194334,-1.5175954,0.8785607
5243_MRPS12_P1P2_ENSG00000128626,MRPS12,1.8987318,-0.6383868,1.0434213,0.30062205
5244_MRPS14_P1P2_ENSG00000120333,MRPS14,2.543766,0.2911672,-0.6156183,0.47273457
5245_MRPS15_P1P2_ENSG00000116898,MRPS15,0.75412196,0.07175147,-0.7204925,0.6766472
5246_MRPS16_P1P2_ENSG00000182180,MRPS16,0.26854455,0.5264985,0.12069089,0.42261553
5247_MRPS17_P1P2_ENSG00000239789,MRPS17,1.934451,0.49606243,-1.1279954,0.85873693
5248_MRPS18A_P1P2_ENSG00000096080,MRPS18A,2.3452485,-0.34798726,-1.5374691,0.18356544
5249_MRPS18B_P1P2_ENSG00000204568,MRPS18B,0.58478165,0.012818315,-0.8538924,0.41940302
524_ARMC7_P1P2_ENSG00000125449,ARMC7,1.098727,-0.28104773,-0.424035,0.96891165
5250_MRPS18C_P1P2_ENSG00000163319,MRPS18C,1.8998173,0.22835703,-0.9838747,0.11791216
5251_MRPS21_P1P2_ENSG00000266472,MRPS21,2.6850352,0.08763571,-1.1132497,0.86122656
5252_MRPS22_P1P2_ENSG00000175110,MRPS22,2.1068704,0.4371561,-1.5128398,0.6372496
5253_MRPS23_P1P2_ENSG00000181610,MRPS23,1.5111192,0.016377116,-0.9424509,0.4548303
5254_MRPS24_P1P2_ENSG00000062582,MRPS24,1.4215134,-0.38285297,-1.6121397,0.53097934
5255_MRPS25_P1P2_ENSG00000131368,MRPS25,1.5176677,0.7069484,-0.6055129,0.9877581
5256_MRPS26_P1P2_ENSG00000125901,MRPS26,1.0738746,0.3006192,-0.82641834,0.86356163
5257_MRPS27_P1P2_ENSG00000113048,MRPS27,1.433736,0.46649003,-1.2953397,0.2869561
5258_MRPS28_P1P2_ENSG00000147586,MRPS28,2.2501445,0.42472667,-0.67940927,0.7537348
5259_MRPS2_P1P2_ENSG00000122140,MRPS2,1.6841129,-0.032052744,-0.90368646,0.6409951
525_ARMC8_P1P2_ENSG00000114098,ARMC8,0.44034183,-0.46240374,0.2720216,0.21763709
5260_MRPS30_P1P2_ENSG00000112996,MRPS30,2.3480563,-0.42160195,-1.337042,0.023453962
5261_MRPS31_P1P2_ENSG00000102738,MRPS31,1.35714,-0.22274123,-0.72319466,0.2852979
5262_MRPS33_P1P2_ENSG00000090263,MRPS33,2.1844258,0.3463775,-0.86044824,0.2437448
5263_MRPS34_P1P2_ENSG00000074071,MRPS34,0.19501023,-1.0293068,1.7297925,0.0071553877
5264_MRPS35_P1P2_ENSG00000061794,MRPS35,2.697827,0.38172704,-1.2599051,0.8417096
5265_MRPS36_P1P2_ENSG00000134056,MRPS36,0.35828146,-0.6197233,-0.44374058,0.6294336
5266_MRPS5_P1P2_ENSG00000144029,MRPS5,1.9880314,-0.17908691,-1.2844365,0.5657326
5267_MRPS6_P1P2_ENSG00000243927,MRPS6,0.79319423,0.27577776,-0.3289726,-0.18104638
5268_MRPS7_P1P2_ENSG00000125445,MRPS7,0.9640621,0.5259741,-1.1211559,0.45072994
5269_MRPS9_P1P2_ENSG00000135972,MRPS9,1.6992619,0.9316946,-1.2750056,1.3313773
526_ARMCX3_P1P2_ENSG00000102401,ARMCX3,-0.19301204,-0.5272628,-0.441514,-0.29914105
5270_MRRF_P1P2_ENSG00000148187,MRRF,0.2533833,0.036887612,-0.786432,0.1685364
5271_MRS2_P1P2_ENSG00000124532,MRS2,-0.77461404,0.53156906,-0.07507246,0.33704203
5272_MRTO4_P1P2_ENSG00000053372,MRTO4,-0.03990477,-0.4107302,0.008488672,-0.56937367
5273_MS4A3_P1P2_ENSG00000149516,MS4A3,-0.45130447,0.46214533,-0.38761526,0.3326358
5274_MS4A4A_P1P2_ENSG00000110079,MS4A4A,-0.17582412,-0.19311152,0.2007208,-0.61827505
5275_MSANTD1_P1P2_ENSG00000188981,MSANTD1,-0.039668147,-0.55096734,0.29877847,0.3017546
5276_MSANTD3_P1P2_ENSG00000066697,MSANTD3,-0.22426654,-0.5916467,0.53843147,-0.5961533
5277_MSANTD4_P1P2_ENSG00000170903,MSANTD4,-0.36367345,2.293611,-0.15060346,0.6292471
5278_MSC_P1P2_ENSG00000178860,MSC,-0.11370885,-0.2644601,0.20664904,-0.14416143
5279_MSGN1_P1P2_ENSG00000151379,MSGN1,0.48983985,-0.67729664,-0.26942638,-0.019534677
527_ARMCX5_P1P2_ENSG00000125962,ARMCX5,-0.42587417,-0.0208912,-0.30245438,-0.6115754
5280_MSH2_P1P2_ENSG00000095002,MSH2,0.26605222,0.8241679,-0.77876085,-0.15094274
5281_MSH3_P1P2_ENSG00000113318,MSH3,-0.69849116,-0.3046446,3.9536138,-0.78748274
5282_MSH5_P1P2_ENSG00000204410,MSH5,0.05221488,0.24663971,-0.24758683,-0.15885498
5283_MSH6_P1P2_ENSG00000116062,MSH6,0.07440522,0.5136618,0.024525741,0.018160937
5284_MSI2_P1P2_ENSG00000153944,MSI2,0.25382376,-0.9198591,-0.6554092,0.22593163
5285_MSL1_P1P2_ENSG00000188895,MSL1,-1.1387236,-1.2271341,-0.3477916,-0.059360556
5286_MSL2_P1P2_ENSG00000174579,MSL2,-0.0029521256,-0.7436871,-0.22472142,-0.09727566
5287_MSL3_P1P2_ENSG00000005302,MSL3,0.25666448,-0.0043372987,0.52183455,-0.49253613
5288_MSMO1_P1P2_ENSG00000052802,MSMO1,0.11430587,-0.09487271,-0.16291206,-0.6975341
5289_MSN_P1P2_ENSG00000147065,MSN,-0.12173549,0.09047271,-0.24253027,0.2699618
528_ARMCX6_P1P2_ENSG00000198960,ARMCX6,-0.14735425,-1.1153934,0.6536874,-0.6707682
5290_MSRB1_P1P2_ENSG00000198736,MSRB1,-0.74398106,-0.20798576,-0.13794492,-0.5286513
5291_MSRB2_P1P2_ENSG00000148450,MSRB2,0.034136917,-0.095414914,0.33837897,-0.40707144
5292_MST1_ENST00000449682.2_ENSG00000173531,MST1,-0.4097867,-0.6717244,-0.17906149,-0.6455552
5293_MSTO1_P1P2_ENSG00000125459,MSTO1,-0.44009784,-0.38919735,-0.23364735,-0.15917389
5294_MSX1_P1P2_ENSG00000163132,MSX1,-0.27921355,0.30965847,-0.5623859,-0.54025775
5295_MSX2_P1P2_ENSG00000120149,MSX2,0.04440334,-0.73437047,0.1333463,-0.19306599
5296_MT1F_P1P2_ENSG00000198417,MT1F,0.28751594,-0.17384748,0.11977073,-0.5825252
5297_MT1X_P1P2_ENSG00000187193,MT1X,-0.5567069,0.02804705,-0.021230012,-0.2999823
5298_MT2A_P1P2_ENSG00000125148,MT2A,0.020348892,-0.2761837,0.43608958,-0.34128264
5299_MTA1_P1P2_ENSG00000182979,MTA1,-0.4112279,-0.2083508,0.23819046,-0.909005
529_ARNT2_P1P2_ENSG00000172379,ARNT2,0.22671887,-0.0061668004,-0.5187211,0.16698699
52_ABHD8_P1P2_ENSG00000127220,ABHD8,-0.7652264,-0.36970326,0.20555113,-0.8257815
5300_MTA2_P1P2_ENSG00000149480,MTA2,-0.012436414,1.5331848,0.083617136,1.4750358
5301_MTA3_P1P2_ENSG00000057935,MTA3,0.46880585,-0.11298582,-0.33539057,0.4743933
5302_MTBP_P1P2_ENSG00000172167,MTBP,-1.253214,-0.5498266,4.467534,-1.9510174
5303_MTCH1_P1P2_ENSG00000137409,MTCH1,0.6249835,-0.47491014,-0.6041618,0.07956322
5304_MTCH2_P1P2_ENSG00000109919,MTCH2,0.42891228,0.027587961,-0.6008664,0.5294001
5305_MTCP1_P1P2_ENSG00000214827,MTCP1,1.1740636,0.12793103,-0.8828489,0.437151
5306_MTDH_P1P2_ENSG00000147649,MTDH,-0.37574208,-0.67274,-0.101054706,-0.521164
5307_MTF1_P1P2_ENSG00000188786,MTF1,0.21263061,0.53216773,-1.0644052,-0.56171757
5308_MTF2_P1P2_ENSG00000143033,MTF2,-0.053273648,-0.7370463,-0.56489974,-0.8423189
5309_MTFMT_P1P2_ENSG00000103707,MTFMT,-0.42666018,-0.52212346,-0.099566065,-1.0333984
530_ARNTL2_P1P2_ENSG00000029153,ARNTL2,-0.005387918,-0.35181674,0.3061432,-0.40534803
5310_MTFP1_P1P2_ENSG00000242114,MTFP1,-0.24804421,-0.1501117,-0.4459252,-0.12229668
5311_MTFR1L_P1P2_ENSG00000117640,MTFR1L,-0.3434649,-0.3723245,0.5279294,-0.35961425
5312_MTFR1_P1P2_ENSG00000066855,MTFR1,0.19904539,-0.7781201,-0.59799606,-0.047821358
5313_MTFR2_P1P2_ENSG00000146410,MTFR2,-0.5392921,-0.38823774,-0.3057203,-0.3323659
5314_MTG1_P1P2_ENSG00000148824,MTG1,-0.8775447,-0.99879867,-0.5927316,-0.35008872
5315_MTG2_P1P2_ENSG00000101181,MTG2,-0.24789058,-0.15460928,-0.531038,-0.7116713
5316_MTHFD1L_P1P2_ENSG00000120254,MTHFD1L,-0.9508814,-0.29682678,0.31965095,-0.4932151
5317_MTHFD1_P1P2_ENSG00000100714,MTHFD1,-0.57485276,-2.4481165,5.29414,-0.8875402
5318_MTHFD2L_P1P2_ENSG00000163738,MTHFD2L,-0.3390967,0.048627466,-0.00091737823,0.23499493
5319_MTHFD2_P1_ENSG00000065911,MTHFD2,-0.82178944,-0.86910224,0.33898023,-0.6011587
531_ARNTL_P1P2_ENSG00000133794,ARNTL,-0.53718203,0.5167284,0.17292686,-0.2144248
5320_MTHFD2_P2_ENSG00000065911,MTHFD2,-0.25323588,0.0004561308,-0.49912068,-0.27597737
5321_MTHFR_P1_ENSG00000177000,MTHFR,-0.8135193,0.13422446,-0.0043916856,-0.42514002
5322_MTHFR_P2_ENSG00000177000,MTHFR,-0.6488302,0.0655743,-0.49525905,0.07408248
5323_MTHFSD_P1P2_ENSG00000103248,MTHFSD,-0.10300149,-0.5540975,-0.6451005,-0.3015458
5324_MTHFS_P1_ENSG00000136371,MTHFS,-0.26537317,0.33185276,-0.6465155,0.28060588
5325_MTHFS_P2_ENSG00000136371,MTHFS,0.64479625,-0.40798634,0.31843722,0.12387524
5326_MTIF2_P1P2_ENSG00000085760,MTIF2,0.5498094,0.09477569,-0.61877674,-0.4267641
5327_MTIF3_P1P2_ENSG00000122033,MTIF3,0.7244678,0.2676121,-0.59795034,0.8851432
5328_TESMIN_P1P2_ENSG00000132749,TESMIN,0.09411406,1.278373,-1.065615,-0.7776194
5329_MTM1_P1P2_ENSG00000171100,MTM1,-0.0139570525,-0.25693345,-0.31926244,-0.40336207
532_ARNT_P1P2_ENSG00000143437,ARNT,-0.40740445,-0.23970897,-0.5941089,-1.0617625
5330_MTMR12_P1P2_ENSG00000150712,MTMR12,-1.1052688,-0.62381023,-0.41461203,-0.5862957
5331_MTMR14_P1P2_ENSG00000163719,MTMR14,-0.19389898,-0.2703162,-0.27960524,-0.06858071
5332_MTMR1_P1P2_ENSG00000063601,MTMR1,-0.22988442,0.66977066,0.6795708,0.83159924
5333_MTMR2_P1P2_ENSG00000087053,MTMR2,-0.15051672,0.588457,-0.46060014,0.374666
5334_MTMR3_P1P2_ENSG00000100330,MTMR3,0.33693674,1.5890663,-0.8802897,1.2225649
5335_MTMR4_P2_ENSG00000108389,MTMR4,0.06848889,-0.5907816,-0.610927,0.9011196
5336_MTMR4_P1_ENSG00000108389,MTMR4,-0.16157302,0.10538633,-0.33836043,-0.08858227
5337_MTMR9_P1P2_ENSG00000104643,MTMR9,-0.49290964,-0.7391942,0.039475013,-0.040990245
5338_MTO1_P1P2_ENSG00000135297,MTO1,-0.21149176,0.14180997,0.2408843,-0.054275963
5339_MTOR_P1P2_ENSG00000198793,MTOR,-1.766721,-1.9343168,1.9086568,-2.816446
533_ARPC1A_P1P2_ENSG00000241685,ARPC1A,-0.20127587,-0.5067374,-0.18965088,-0.35056302
5340_MTPAP_P1P2_ENSG00000107951,MTPAP,3.2274578,2.1043591,-0.02774456,1.9502702
5341_MTPN_P1P2_ENSG00000105887,MTPN,-0.5220675,0.03263495,-0.22925454,-0.093539946
5342_MTRF1L_P1P2_ENSG00000112031,MTRF1L,0.9874762,0.2050773,0.45559737,0.47097966
5343_MTRF1_P1P2_ENSG00000120662,MTRF1,-0.52070934,-0.30491406,0.25532818,-0.09518201
5344_MTRNR2L1_P1P2_ENSG00000256618,MTRNR2L1,0.6487844,-0.67107296,-0.007187615,-0.06604527
5345_MTRNR2L8_P1P2_ENSG00000255823,MTRNR2L8,-0.4099613,-0.054227993,0.15378578,-0.78538924
5346_MTRR_P1P2_ENSG00000124275,MTRR,-0.59212273,-0.56230825,-0.48243746,-0.7838614
5347_MTR_P1P2_ENSG00000116984,MTR,0.8362813,0.6774441,-0.8062128,0.23920974
5348_MTX1_P1P2_ENSG00000173171,MTX1,0.3072036,-0.37066147,-0.09111318,0.105814695
5349_MTX2_P1P2_ENSG00000128654,MTX2,0.3581179,0.40408796,-0.21077193,-0.09505109
534_ARPC1B_P1P2_ENSG00000130429,ARPC1B,-0.32649943,-0.3125954,8.798863,1.8798537
5350_MUL1_P1P2_ENSG00000090432,MUL1,-0.60392606,0.55510044,0.55952704,-0.4232843
5351_PWWP3A_P1P2_ENSG00000160953,PWWP3A,-1.053461,0.66393554,-0.14330742,-0.48065966
5352_MUS81_P1P2_ENSG00000172732,MUS81,-0.16758919,0.18720144,-0.672568,0.11290153
5353_MUTYH_P1P2_ENSG00000132781,MUTYH,-0.36752656,-0.250271,-0.298935,0.107954375
5354_MMUT_P1P2_ENSG00000146085,MMUT,0.13083896,-0.45355272,-0.43933138,-0.30851957
5355_MVB12A_P1P2_ENSG00000141971,MVB12A,-0.15936126,-0.18433067,-0.4730815,-0.00049993634
5356_MVD_P1P2_ENSG00000167508,MVD,-0.32308632,-1.4992328,2.7602947,-1.302143
5357_MVK_P1P2_ENSG00000110921,MVK,0.3590559,0.37162045,-0.36759245,0.5835151
5358_MXD1_P1P2_ENSG00000059728,MXD1,0.028048031,-0.36371672,0.037701942,-0.8502417
5359_MXD3_P1P2_ENSG00000213347,MXD3,-0.03714972,-0.63465047,-0.033023935,-0.10939687
535_ARPC2_P2_ENSG00000163466,ARPC2,0.25927782,-0.019622512,-0.06921644,0.13586968
5360_MXD4_P1P2_ENSG00000123933,MXD4,-0.829867,-0.4526523,0.65737057,-0.3004159
5361_MXI1_P1_ENSG00000119950,MXI1,-0.29588646,0.054577373,-0.6322551,-0.049733087
5362_MXI1_P2_ENSG00000119950,MXI1,-0.17474867,-0.30039096,-0.20185213,-0.7191442
5363_MXRA7_P1P2_ENSG00000182534,MXRA7,0.20482646,-0.23872457,-0.35628313,-0.40074092
5364_MXRA8_P1P2_ENSG00000162576,MXRA8,4.9010715,2.7848387,-3.212181,2.778513
5365_MYBBP1A_P1P2_ENSG00000132382,MYBBP1A,-0.2275478,-0.8650418,1.0368383,-0.53207135
5366_MYBL1_P1P2_ENSG00000185697,MYBL1,-0.31133944,-0.39076576,-0.44007888,-0.69441664
5367_MYBL2_P1P2_ENSG00000101057,MYBL2,-0.5274786,-0.76071703,1.2141567,-0.051721748
5368_MYB_P1P2_ENSG00000118513,MYB,2.1649814,-0.92893076,4.2266574,1.199811
5369_MYCBP2_P1P2_ENSG00000005810,MYCBP2,-0.24438874,-0.12419252,-0.7192275,0.18203309
536_ARPC2_P1_ENSG00000163466,ARPC2,-0.46965498,-0.02680355,0.033133697,-0.19264074
5370_MYCBP_P1P2_ENSG00000214114,MYCBP,-0.11698317,-0.57620305,-0.29881856,-0.29838818
5371_MYCL_P1P2_ENSG00000116990,MYCL,0.14279623,0.6170948,1.2971518,0.5621233
5372_MYCN_P1_ENSG00000134323,MYCN,1.6894648,0.079164185,0.056430724,0.6297027
5373_MYCN_P2_ENSG00000134323,MYCN,0.08668951,-0.5705855,-0.23322153,-0.87108886
5374_MYC_P1P2_ENSG00000136997,MYC,-0.18676071,-0.7326383,3.9123242,0.35476923
5375_MYD88_P2_ENSG00000172936,MYD88,-0.08728465,0.0207571,-0.113719456,-0.47220138
5376_MYD88_P1_ENSG00000172936,MYD88,-0.2727791,-0.28785646,0.5103638,-0.41366765
5377_COPS9_P1P2_ENSG00000172428,COPS9,-0.46179274,-0.017438898,-0.13713288,0.1081985
5378_MYEOV_P1P2_ENSG00000172927,MYEOV,-0.16910282,-0.3232262,-0.5156473,-0.32925743
5379_MYF5_P1P2_ENSG00000111049,MYF5,0.031573255,-0.98863,-0.61118597,-0.38393706
537_ARPC3_P1_ENSG00000111229,ARPC3,-0.91319823,0.5204521,-0.50991505,-0.24734956
5380_MYF6_P1P2_ENSG00000111046,MYF6,0.25434154,0.03150717,-0.49162334,0.10156769
5381_MYH10_P1P2_ENSG00000133026,MYH10,-0.10614994,-0.09277607,0.021613503,-0.3949444
5382_MYH9_P1P2_ENSG00000100345,MYH9,-0.06889206,-0.16907215,0.091689534,-0.60093147
5383_MYL12A_P1_ENSG00000101608,MYL12A,-0.29827774,-0.29205638,0.3926966,-0.3848897
5384_MYL12A_P2_ENSG00000101608,MYL12A,0.70474464,-0.37133047,-0.03018078,-0.45329717
5385_MYL12B_P1P2_ENSG00000118680,MYL12B,-0.4018621,-0.7831379,-0.07625659,-0.97974455
5386_MYL4_P1P2_ENSG00000198336,MYL4,-0.13013375,0.32044297,1.2349765,-0.6622514
5387_MYL6B_P1P2_ENSG00000196465,MYL6B,-0.26801437,0.02486002,-0.08092908,-0.37575218
5388_MYL6_P1P2_ENSG00000092841,MYL6,0.26939347,-0.11817915,-0.4595937,-0.4005483
5389_MYLIP_P1P2_ENSG00000007944,MYLIP,0.09852603,-0.110799424,-0.2929016,-0.25716296
538_ARPC3_P2_ENSG00000111229,ARPC3,-0.33705664,-0.49412602,0.39535704,-0.20384395
5390_MYLK3_P1_ENSG00000140795,MYLK3,-0.44761097,-0.40385085,0.533631,-0.66100127
5391_MYLK3_P2_ENSG00000140795,MYLK3,-0.11341403,-0.44437557,-0.3692734,0.33760512
5392_MYNN_P1P2_ENSG00000085274,MYNN,-0.25924084,0.014521828,0.42000926,-0.04282237
5393_MYO16_ENST00000357550.2_ENSG00000041515,MYO16,-0.7712784,0.08500322,-0.7793492,-0.3631373
5394_MYO16_ENST00000356711.2_ENSG00000041515,MYO16,0.0749988,-0.32576868,-0.09402158,0.22736755
5395_MYO18A_P1P2_ENSG00000196535,MYO18A,-0.17342338,-0.5509965,-0.067161925,-0.5809928
5396_MYO19_P1P2_ENSG00000278259,MYO19,0.84893864,-0.2489797,-0.056418143,-0.42342436
5397_MYO1C_P1_ENSG00000197879,MYO1C,0.13116673,-0.2191656,-0.27519634,-0.039734274
5398_MYO1C_P2_ENSG00000197879,MYO1C,0.3269664,0.045844,-0.40674347,0.030218855
5399_MYO1D_P1P2_ENSG00000176658,MYO1D,-0.3547886,0.2212557,-0.05722767,-0.06880839
539_ARPC4-TTLL3_P2_nan,ARPC4-TTLL3,0.068803005,-0.5950439,-0.37505463,-0.3960398
53_ABI1_P1P2_ENSG00000136754,ABI1,1.1770957,0.046828832,-0.727215,-0.6758439
5400_MYO1H_ENST00000431443.2_ENSG00000174527,MYO1H,-0.18057902,0.25402802,-0.4280072,0.017047402
5401_MYO6_P1P2_ENSG00000196586,MYO6,-0.64679426,-0.30533975,0.25800604,-0.17816323
5402_MYO9A_P1P2_ENSG00000066933,MYO9A,-0.2886838,-0.7792263,0.65234464,-0.6709942
5403_MYO9B_P1P2_ENSG00000099331,MYO9B,-0.24168134,0.07694322,-0.34767002,0.0065419036
5404_MYOD1_P1P2_ENSG00000129152,MYOD1,0.1361081,0.103588544,-0.12747598,-0.27859852
5405_MYOG_P1P2_ENSG00000122180,MYOG,0.12638031,-0.56926227,0.04470694,-0.04655416
5406_MYPOP_P1P2_ENSG00000176182,MYPOP,-0.50163543,0.072478466,-0.48318812,0.30836132
"5407_MYRFL_ENST00000299350.4,ENST00000548892.1_ENSG00000166268",MYRFL,-0.7066227,-0.835948,-0.1417459,-0.87038136
5408_MYRF_P1_ENSG00000124920,MYRF,0.037133962,-0.1686321,-0.16297893,-0.08963871
5409_MYRF_P2_ENSG00000124920,MYRF,-0.28463942,-0.12810211,0.038475014,-0.28727803
540_ARPC4-TTLL3_P1_nan,ARPC4-TTLL3,-0.033828583,0.055579983,0.5028641,-0.266461
5410_MYSM1_P1P2_ENSG00000162601,MYSM1,-0.1529878,0.29288194,0.1702316,-0.0052911583
5411_MYT1L_P1P2_ENSG00000186487,MYT1L,0.26629928,1.012732,-0.7834645,-0.20022632
5412_MYT1_P1P2_ENSG00000196132,MYT1,-0.756436,0.6985651,-0.049895883,-0.09132191
5413_MZF1_P1P2_ENSG00000099326,MZF1,-0.26932642,-0.83917964,0.27603734,0.05972182
5414_MZT1_P1P2_ENSG00000204899,MZT1,-0.41172805,0.35292763,1.6541815,-0.36125335
5415_MZT2A_P1P2_ENSG00000173272,MZT2A,-0.2562343,-0.43633485,-1.2772462,0.2823361
5416_MZT2B_P1P2_ENSG00000152082,MZT2B,-0.5291435,0.44004452,1.1858968,-0.6279504
5417_N4BP1_P1P2_ENSG00000102921,N4BP1,-0.54131573,0.51979196,-0.39780444,1.5627663
5418_N4BP2L2_P1P2_ENSG00000244754,N4BP2L2,0.0075730165,1.2563726,-0.04403106,0.86781335
5419_N4BP2_P1P2_ENSG00000078177,N4BP2,0.23435886,-0.13531484,-0.3059196,-0.30873868
541_ARPC4_P1P2_ENSG00000241553,ARPC4,0.644047,1.3640765,0.46760368,0.8031526
5420_N6AMT1_P1P2_ENSG00000156239,N6AMT1,-0.6691166,0.8565945,-1.9903721,1.647541
5421_EEF1AKMT1_P1P2_ENSG00000150456,EEF1AKMT1,-0.056317214,-0.52723527,-0.5641018,-0.6876367
5422_NAA10_P1P2_ENSG00000102030,NAA10,0.92647415,0.93533367,-0.35221824,1.0124322
5423_NAA11_P1P2_ENSG00000156269,NAA11,0.45266297,0.3639298,-0.44030076,-0.4666481
5424_NAA15_P1P2_ENSG00000164134,NAA15,-0.0026566556,0.22404699,0.95457876,1.2469194
5425_NAA16_P1P2_ENSG00000172766,NAA16,-0.29836464,-0.3741899,-0.3603858,-0.6150239
5426_NAA20_P1P2_ENSG00000173418,NAA20,-1.0067906,1.4778317,-1.4738691,3.6058953
5427_NAA25_P1P2_ENSG00000111300,NAA25,0.14361656,1.9181969,-0.3242402,5.417992
5428_NAA30_P1P2_ENSG00000139977,NAA30,-0.15131891,-0.57590127,0.20218718,0.3707217
5429_NAA35_P1P2_ENSG00000135040,NAA35,0.010683266,-0.6441895,-0.1075194,0.25396094
542_ARPC5L_P1_ENSG00000136950,ARPC5L,0.06031338,-0.09614164,-0.010958663,-0.19458164
5430_NAA38_P1P2_ENSG00000183011,NAA38,0.857416,0.87624913,-1.6445237,4.2858267
5431_NAA40_P1P2_ENSG00000110583,NAA40,-0.9512633,-0.5230114,0.36734316,-0.80275023
5432_NAA50_P1P2_ENSG00000121579,NAA50,0.055388153,-1.3247303,1.1412964,0.3316573
5433_NAA60_P1P2_ENSG00000122390,NAA60,-0.07714818,-0.23058592,0.42059374,0.059043232
5434_NAAA_P1P2_ENSG00000138744,NAAA,0.03243818,0.016093524,-0.32517716,-0.5342959
5435_NAB1_P1P2_ENSG00000138386,NAB1,0.38435733,0.3603081,-0.8169241,1.3590134
5436_NAB2_P1P2_ENSG00000166886,NAB2,0.4304423,0.11448215,-0.508829,0.07440152
5437_NABP1_P1P2_ENSG00000173559,NABP1,-0.30007893,0.07136864,0.14774753,-0.198252
5438_NABP2_P2_ENSG00000139579,NABP2,-0.020261673,-0.19231233,-0.4720516,-0.8364777
5439_NABP2_P1_ENSG00000139579,NABP2,0.008643137,-0.20282856,-0.38352257,-0.6327601
543_ARPC5L_P2_ENSG00000136950,ARPC5L,-0.5769936,-0.65079546,-0.724692,-0.4940709
5440_NACA2_P1P2_ENSG00000253506,NACA2,-0.88619816,-0.10755194,0.51180506,-0.8684717
5441_NACA_P1P2_ENSG00000196531,NACA,0.71806645,2.2607899,-1.4012899,3.8306649
5442_NACC1_P1P2_ENSG00000160877,NACC1,0.15074082,-0.014083313,0.06437663,-0.010947024
5443_NACC2_P1P2_ENSG00000148411,NACC2,-0.49831688,0.51495713,0.38177094,0.45725036
5444_NADK2_P1P2_ENSG00000152620,NADK2,0.09033114,-0.3097194,-1.0043504,-0.35701454
5445_NADK_P1_ENSG00000008130,NADK,-0.056458835,-0.8675297,1.0562028,-0.2567586
5446_NADK_P2_ENSG00000008130,NADK,-0.046835057,-0.35239667,-0.0918393,0.04772263
5448_NAE1_P1P2_ENSG00000159593,NAE1,1.174895,0.06372333,-0.42314348,3.1503413
5449_NAF1_P1P2_ENSG00000145414,NAF1,-0.6120203,-0.11740822,0.24252535,-0.6109469
544_ARPC5_P1P2_ENSG00000162704,ARPC5,-0.32005426,0.2662459,-0.36450234,0.08548286
5450_NAGA_P1P2_ENSG00000198951,NAGA,0.16379182,-0.25998652,-0.23280397,-0.20541835
5451_NAGK_P1P2_ENSG00000124357,NAGK,0.11380493,-0.26594245,-0.47116828,-0.036918502
5452_NAGLU_P1P2_ENSG00000108784,NAGLU,-0.07879411,-0.5902169,-0.04342898,-0.3704896
5453_NAGPA_P1P2_ENSG00000103174,NAGPA,-0.5074771,0.49268708,-0.32429323,-0.15093046
5454_NAIF1_P1P2_ENSG00000171169,NAIF1,-0.109724216,-0.13090348,-0.33776888,-0.1978339
5455_NAMPT_P1P2_ENSG00000105835,NAMPT,-1.5134457,0.6099975,0.888398,-1.7255424
5456_NANOGNB_ENST00000382119.1_ENSG00000205857,NANOGNB,0.9269693,-0.54606974,-0.29073083,-0.717118
5457_NANOG_P1P2_ENSG00000111704,NANOG,-0.086118765,-0.24886909,-0.40331107,-0.24667166
5458_NANP_P1P2_ENSG00000170191,NANP,-0.06374404,-0.5662214,0.3360825,-0.49188823
5459_NANS_P1P2_ENSG00000095380,NANS,0.24521507,-0.13303076,-0.4711382,-0.18738444
545_ARPP19_P1P2_ENSG00000128989,ARPP19,-0.19803879,0.030140331,0.13736272,-0.40945214
5460_NAP1L1_P1P2_ENSG00000187109,NAP1L1,-0.139265,-0.15984729,-0.37778375,-0.2071667
5461_NAP1L4_P1P2_ENSG00000205531,NAP1L4,-0.08857204,0.35477656,1.6464626,0.89006406
5463_NAPEPLD_P1P2_ENSG00000161048,NAPEPLD,-0.021604344,0.38358212,0.06650548,-0.14133504
5464_NAPG_P1P2_ENSG00000134265,NAPG,-0.10799588,0.97741675,-0.17989258,0.046974894
5465_CIAO3_P1P2_ENSG00000103245,CIAO3,0.3765452,0.1932266,-0.2814826,1.3364936
5466_NARF_P1P2_ENSG00000141562,NARF,-0.28136384,-0.97624415,-0.08614114,-0.5605795
5467_NARS2_P1P2_ENSG00000137513,NARS2,1.2397398,-0.7653383,-0.8073679,-0.21029855
5468_NARS_P1P2_ENSG00000134440,NARS,13.378234,3.4134798,-2.707394,5.79139
5469_NASP_P1P2_ENSG00000132780,NASP,-0.16884507,-0.39708757,-0.053055093,0.112181224
546_ARRB1_P1P2_ENSG00000137486,ARRB1,-1.0411152,-0.5838394,-0.4668268,-0.57309365
5471_NAT14_P1P2_ENSG00000090971,NAT14,0.61719817,0.25226292,-0.46497378,0.819424
5472_NAA80_P1P2_ENSG00000243477,NAA80,-0.5097257,-0.737753,0.93149406,-0.49364784
5473_NAT8L_P1P2_ENSG00000185818,NAT8L,-0.29810137,-0.48063508,0.23226982,-0.31189376
5474_NAT9_P1P2_ENSG00000109065,NAT9,-0.33167776,0.2673753,0.28765982,-0.25535512
"5475_NAV1_ENST00000295624.6,ENST00000367296.4_ENSG00000134369",NAV1,0.19654323,0.3205818,-0.3912918,-0.05989151
5476_NBAS_P1P2_ENSG00000151779,NBAS,1.4585903,2.4736216,-0.43550202,2.7833712
5477_NBEAL1_P1P2_ENSG00000144426,NBEAL1,0.28675708,-0.20475419,0.10653086,-0.08824162
5478_NBEAL2_P1_ENSG00000160796,NBEAL2,-0.18465056,-0.74502987,0.31599647,0.11681381
5479_NBEAL2_P2_ENSG00000160796,NBEAL2,-0.02552374,-0.7101913,-0.62260413,0.488417
547_ARRB2_P1P2_ENSG00000141480,ARRB2,0.47421592,0.35531747,2.4218426,1.4178549
5480_NBN_P1P2_ENSG00000104320,NBN,-0.93485683,-0.052838482,0.16240941,0.33763152
5481_NBPF12_P1P2_ENSG00000268043,NBPF12,-0.35436198,0.26178503,-0.48794103,0.0067340215
5482_NBPF15_P1P2_ENSG00000266338,NBPF15,0.08222586,-0.13623767,0.6183276,-0.16324583
5483_NBPF1_P1P2_ENSG00000219481,NBPF1,0.49148116,0.07521771,-1.1262954,0.3760819
5484_NBPF3_P1P2_ENSG00000142794,NBPF3,0.03619382,-0.15000367,-0.9117477,-0.20860258
5485_NBR1_P1P2_ENSG00000188554,NBR1,-0.0838351,-1.3275535,0.0991249,1.4681674
5486_NCAM2_P1P2_ENSG00000154654,NCAM2,-0.057409555,0.13546482,-0.3291821,0.37104142
5487_NCAPD2_P1P2_ENSG00000010292,NCAPD2,1.5140297,1.0870913,-0.24658029,0.19173546
5488_NCAPD3_P1P2_ENSG00000151503,NCAPD3,0.28475946,-0.007721745,-0.30567545,-0.43537027
5489_NCAPG2_P1P2_ENSG00000146918,NCAPG2,0.10650871,-0.11667931,0.5582825,-0.35168457
548_ARRDC1_P1P2_ENSG00000197070,ARRDC1,-0.29139423,0.22423193,0.10806438,-0.349674
5490_NCAPG_P1P2_ENSG00000109805,NCAPG,0.6770169,-0.8851417,0.62040496,-0.28857568
5491_NCAPH2_P1P2_ENSG00000025770,NCAPH2,-0.19245708,-0.3605136,-0.29928482,-0.45095205
5492_NCAPH_P1P2_ENSG00000121152,NCAPH,0.8750063,2.917275,0.867729,-0.008524993
5493_NCBP1_P1P2_ENSG00000136937,NCBP1,-0.004678842,-0.03292661,1.2863996,1.2147119
5494_NCBP2_P1P2_ENSG00000114503,NCBP2,0.43414342,-0.04348338,1.0911057,2.5052078
5495_NCDN_P1P2_ENSG00000020129,NCDN,-0.4622533,0.14254723,1.1705203,0.2686742
5496_NCK1_P1P2_ENSG00000158092,NCK1,-0.43461746,-0.45420957,-0.2773544,-0.6213357
5497_NCK2_P1P2_ENSG00000071051,NCK2,0.0035309969,-0.28410769,-0.15039858,-0.21511132
5498_NCKAP1L_P1P2_ENSG00000123338,NCKAP1L,-0.8020371,-0.5458064,-0.16839151,-0.015390539
5499_NCKAP1_P1P2_ENSG00000061676,NCKAP1,-0.54931235,0.24209394,-1.2213624,3.4118738
549_ARRDC2_P2_ENSG00000105643,ARRDC2,0.13030927,-0.16366991,0.3031078,-0.5409787
54_ABI2_P1P2_ENSG00000138443,ABI2,0.8871904,-0.6271626,-0.72649425,-0.574141
5500_NCKAP5L_P1P2_ENSG00000167566,NCKAP5L,-0.61626464,-0.10349163,-0.063172154,0.54300046
5501_NCKIPSD_P1P2_ENSG00000213672,NCKIPSD,-0.62192446,-0.5434628,1.8525888,-0.553807
5502_NCLN_P1P2_ENSG00000125912,NCLN,0.068515256,0.5199476,0.86021626,0.06844194
5503_NCL_P2_ENSG00000115053,NCL,-0.42075965,-0.18740615,0.095641375,-0.01793901
5504_NCL_P1_ENSG00000115053,NCL,0.42194763,-0.43566766,1.6826977,0.0146818
5505_NCOA1_P1P2_ENSG00000084676,NCOA1,-0.16456307,0.5241376,0.44779652,-0.5418807
5506_NCOA2_P1P2_ENSG00000140396,NCOA2,0.13530824,0.1819444,-1.143893,-0.18115556
5507_NCOA3_P1P2_ENSG00000124151,NCOA3,-0.39444664,-0.18236774,-0.8985002,0.072527185
5508_NCOA4_P1P2_ENSG00000266412,NCOA4,-0.59191775,-0.34904373,-0.15832892,-0.21309586
5509_NCOA5_P1P2_ENSG00000124160,NCOA5,-0.0030756926,0.4272257,0.2611739,-0.83707535
550_ARRDC2_P1_ENSG00000105643,ARRDC2,0.7586153,-0.4427757,-0.23446386,0.60957307
5510_NCOA6_P1P2_ENSG00000198646,NCOA6,-0.22177096,-0.08170948,-0.35237,-0.53585875
5511_NCOA7_P1P2_ENSG00000111912,NCOA7,-0.60501635,-0.768139,-0.30470362,-0.5866261
5512_NCOR1_P1P2_ENSG00000141027,NCOR1,-0.84696114,-0.19634968,0.6639138,-0.9011248
5513_NCOR2_ENST00000405201.1_ENSG00000196498,NCOR2,0.012653817,-0.43507668,0.19128156,-0.11989885
"5514_NCOR2_ENST00000356219.3,ENST00000397355.1,ENST00000404621.1,ENST00000429285.2_ENSG00000196498",NCOR2,-0.33468464,-0.28549415,0.014897273,0.031537116
5515_NCR3LG1_P1P2_ENSG00000188211,NCR3LG1,0.20645818,-0.8529464,-0.07937918,-1.1254268
5516_NCS1_P1P2_ENSG00000107130,NCS1,-0.21339884,-0.28577992,-0.09107328,-0.11229075
5517_NCSTN_P1P2_ENSG00000162736,NCSTN,-0.15125377,0.19569452,0.026548445,0.2432437
5518_NDC1_P1P2_ENSG00000058804,NDC1,-0.26771548,0.17579167,-0.4229784,0.104025304
5519_NDC80_P1P2_ENSG00000080986,NDC80,-0.071009405,0.8249377,1.2666597,-0.5087865
551_ARRDC3_P1P2_ENSG00000113369,ARRDC3,-0.28337514,-0.053873133,-1.0095232,-0.041185606
5520_NDE1_P1_ENSG00000072864,NDE1,0.41971734,1.6130495,0.2588263,-0.13074295
5522_NDEL1_P1P2_ENSG00000166579,NDEL1,-0.61066496,-0.3134911,0.08287204,-0.5452573
5523_NDFIP1_P1P2_ENSG00000131507,NDFIP1,0.34418747,0.23708284,-0.821434,-0.6713475
5524_NDFIP2_P1P2_ENSG00000102471,NDFIP2,0.720095,0.13105296,-0.8060995,-0.7432566
5525_NDOR1_P1P2_ENSG00000188566,NDOR1,1.0469736,0.19634889,0.16993715,0.83150893
5526_NDRG2_P1P2_ENSG00000165795,NDRG2,0.009138812,-0.48340476,-0.24005595,-0.11816586
5527_NDRG3_P1P2_ENSG00000101079,NDRG3,-0.7596338,-0.2590593,-0.023866292,-0.8109769
5528_NDST1_P1P2_ENSG00000070614,NDST1,0.6463087,0.272284,-0.34080482,0.0001697469
5529_NDST2_P1P2_ENSG00000166507,NDST2,0.12380082,-0.46242836,-0.13149348,0.13928476
552_ARRDC4_P1P2_ENSG00000140450,ARRDC4,-0.7013297,1.219568,0.44991475,0.29205287
5530_NDUFA10_P1P2_ENSG00000130414,NDUFA10,-1.3793154,-1.4165249,0.14931422,-0.9388383
5531_NDUFA11_P1P2_ENSG00000174886,NDUFA11,-0.059479635,-0.64634085,-0.10472904,-0.52193224
5532_NDUFA12_P1P2_ENSG00000184752,NDUFA12,-0.08346037,0.45284173,-0.09916591,-0.33740342
5533_NDUFA13_P1P2_ENSG00000186010,NDUFA13,-0.05881789,-0.25689977,0.37404296,0.32870406
5534_NDUFA1_P1P2_ENSG00000125356,NDUFA1,-0.19217898,0.79229236,-1.3583531,0.57839155
5535_NDUFA2_P1P2_ENSG00000131495,NDUFA2,0.172251,-0.14594556,-0.49388543,0.47381052
5536_NDUFA3_P1P2_ENSG00000170906,NDUFA3,0.14473303,-0.3147771,-0.17933832,-0.81677926
5537_NDUFA4_P1P2_ENSG00000189043,NDUFA4,0.36665067,0.2784592,0.17762116,-0.4215868
5538_NDUFA5_P1P2_ENSG00000128609,NDUFA5,-0.7503064,-0.55482477,-0.1809722,0.018826485
5539_NDUFA6_P1P2_ENSG00000184983,NDUFA6,-0.49756205,-0.89415324,0.15364772,-1.1557045
553_ARSK_P1P2_ENSG00000164291,ARSK,0.15129808,-0.2183338,0.035825502,-0.25593174
5540_NDUFA7_P1P2_ENSG00000267855,NDUFA7,0.8090874,-0.07614416,-0.69757247,0.5809617
5541_NDUFA8_P1P2_ENSG00000119421,NDUFA8,-0.36782882,-1.6090394,-0.6566557,-0.7847768
5542_NDUFA9_ENST00000266544.5_ENSG00000139180,NDUFA9,-0.7867312,-1.2073665,-0.22398515,-1.4792846
5543_NDUFAB1_P1P2_ENSG00000004779,NDUFAB1,1.1832472,-0.6005677,-1.118412,-0.47120345
5544_NDUFAF1_P1P2_ENSG00000137806,NDUFAF1,-0.61884475,-0.9279665,0.93737465,-0.77507776
5545_NDUFAF2_P1P2_ENSG00000164182,NDUFAF2,-0.22895949,-0.5593097,0.22594677,-0.398509
5546_NDUFAF3_P1P2_ENSG00000178057,NDUFAF3,-0.48505515,-1.0036923,0.2587557,-0.5340685
5547_NDUFAF4_P1P2_ENSG00000123545,NDUFAF4,0.8988726,-0.5468578,-0.11605778,0.057257116
5548_NDUFAF5_P1P2_ENSG00000101247,NDUFAF5,-0.09000066,1.8169967,-0.9474839,-0.101080015
5549_NDUFAF6_P1P2_ENSG00000156170,NDUFAF6,-0.501044,-0.43450812,-0.17306909,-0.45879224
554_ARV1_P1P2_ENSG00000173409,ARV1,-0.31863037,0.3387857,-0.46627468,-0.14085631
5550_NDUFAF7_P1P2_ENSG00000003509,NDUFAF7,-1.1258312,-0.8666932,1.0444916,0.9026733
5551_NDUFB10_P1P2_ENSG00000140990,NDUFB10,-0.5224241,-0.89313775,-0.61577165,-0.7281009
5552_NDUFB11_P1P2_ENSG00000147123,NDUFB11,0.3244873,-0.7956236,0.17699388,-0.003187945
5553_NDUFB1_P1P2_ENSG00000183648,NDUFB1,-0.4377674,-0.75098497,0.1761575,-0.4122354
5554_NDUFB2_P1P2_ENSG00000090266,NDUFB2,-0.4103785,-0.9586317,-0.010324525,-0.96748346
5555_NDUFB3_P1P2_ENSG00000119013,NDUFB3,-0.1651943,-0.07594812,0.016627891,-0.2856271
5556_NDUFB4_P1P2_ENSG00000065518,NDUFB4,0.46978655,-0.99105215,-0.5672738,-0.8193205
5558_NDUFB6_P1P2_ENSG00000165264,NDUFB6,-0.2680551,-0.51442504,-0.07318453,-0.57605624
5559_NDUFB7_P1P2_ENSG00000099795,NDUFB7,0.024512066,-0.5569266,-0.2716724,-0.9812052
555_ARVCF_P1_ENSG00000099889,ARVCF,-0.12788238,0.37419423,-0.8373793,-0.44704336
5560_NDUFB8_P1P2_ENSG00000166136,NDUFB8,-0.16800012,-1.0905948,-0.64010197,-0.7853891
5561_NDUFB9_P1P2_ENSG00000147684,NDUFB9,-0.6200447,-0.81862265,0.25500956,-0.93566525
5562_NDUFC1_P2_ENSG00000109390,NDUFC1,0.21765359,-0.11487643,0.40509182,0.39575407
5563_NDUFC1_P1_ENSG00000109390,NDUFC1,-0.51496375,-0.5856608,0.3329655,-1.0183192
5564_NDUFC2_P1P2_ENSG00000151366,NDUFC2,-0.6820246,0.039100673,-0.48758563,0.20754796
5565_NDUFS1_P1P2_ENSG00000023228,NDUFS1,0.49435952,1.1090872,-1.1253642,-1.4867867
5566_NDUFS2_P1P2_ENSG00000158864,NDUFS2,-0.36937976,-1.3355849,-0.19768237,-0.9096558
5567_NDUFS3_P1P2_ENSG00000213619,NDUFS3,-0.17164297,-1.4887912,0.043227915,-0.6280834
5568_NDUFS4_P1P2_ENSG00000164258,NDUFS4,0.021003176,0.58136034,-0.83850896,-0.13121018
5569_NDUFS5_P1_ENSG00000168653,NDUFS5,-0.6519942,-1.3916643,-0.018374486,-0.5815851
556_ARVCF_P2_ENSG00000099889,ARVCF,0.09209215,-0.17818004,0.27222252,0.40909317
5570_NDUFS5_P2_ENSG00000168653,NDUFS5,-0.41442156,-0.2408698,-0.85788924,-0.5325916
5571_NDUFS6_P1P2_ENSG00000145494,NDUFS6,-0.5613498,-0.118240565,-0.36642513,-0.20954815
5572_NDUFS7_P1P2_ENSG00000115286,NDUFS7,-0.6878199,-0.55606323,0.0033708697,-0.7473558
5573_NDUFS8_P1P2_ENSG00000110717,NDUFS8,-0.8720628,-1.970184,0.5956575,-1.1202046
5574_NDUFV1_P1_ENSG00000167792,NDUFV1,0.23542073,-0.9565793,-0.57799745,0.09402738
5575_NDUFV1_P2_ENSG00000167792,NDUFV1,0.06877179,0.10425062,0.0151735805,0.20408307
5576_NDUFV2_P1P2_ENSG00000178127,NDUFV2,-0.79654676,-0.6404503,-0.09764502,-1.2250869
5577_NDUFV3_P1P2_ENSG00000160194,NDUFV3,-0.30483127,-0.27589768,0.50973564,-0.1126043
5578_NEBL_P1P2_ENSG00000078114,NEBL,-0.7195587,-0.6428819,-0.5436954,-0.23644517
5579_NECAB3_P2_ENSG00000125967,NECAB3,-0.7838882,0.8822353,1.2510991,-0.48554254
557_ARX_P1_ENSG00000004848,ARX,-0.6049536,0.25090972,-0.8332157,-0.056654315
5580_NECAB3_P1_ENSG00000125967,NECAB3,-0.11632991,-0.5921963,0.5198617,-0.43375984
5581_NECAP1_P1P2_ENSG00000089818,NECAP1,0.6518696,-0.07354436,0.15031567,-0.21160778
5582_NECAP2_P1P2_ENSG00000157191,NECAP2,0.83270293,0.86787695,-1.3714873,0.981806
5583_NEDD1_P1P2_ENSG00000139350,NEDD1,-0.5381082,-1.4831544,4.7629538,-1.3573048
5584_NEDD4L_ENST00000400345.3_ENSG00000049759,NEDD4L,-0.72376174,-0.35748482,0.08180964,0.07385627
5585_NEDD4L_ENST00000357895.5_ENSG00000049759,NEDD4L,0.1097652,0.043973234,-0.13218375,-0.19784379
5586_NEDD4_P1P2_ENSG00000069869,NEDD4,-0.30137148,1.1107256,-0.06710744,-0.98611355
5587_NEDD8-MDP1_P1P2_nan,NEDD8-MDP1,2.147031,1.0549809,2.2726064,5.8011355
5588_NEDD8_P1P2_ENSG00000129559,NEDD8,2.2164156,0.68876016,0.2884338,5.763583
5589_NEFH_P1P2_ENSG00000100285,NEFH,-0.6492087,0.10121743,0.84962094,-0.48828393
558_ARX_P2_ENSG00000004848,ARX,0.04098354,0.09144642,0.07720704,-0.1289405
5590_NEIL2_P1P2_ENSG00000154328,NEIL2,-0.2749702,-0.27768508,-0.37997985,-0.18826671
5591_NEIL3_P1P2_ENSG00000109674,NEIL3,-0.06291673,-0.5067656,0.15297143,0.4888155
5592_NEK1_P1P2_ENSG00000137601,NEK1,-0.9717404,-0.821421,0.20046464,-0.32330766
5593_NEK2_P1P2_ENSG00000117650,NEK2,0.3396304,-0.10704494,-0.40419543,0.3576037
5594_NEK4_P1P2_ENSG00000114904,NEK4,0.4992561,0.10885647,0.4036733,-0.16435365
5595_NEK6_P1P2_ENSG00000119408,NEK6,-0.3647982,-0.23886444,-1.2878976,0.19786467
5596_NEK7_P1P2_ENSG00000151414,NEK7,-0.5393525,-0.39857134,-0.54008913,-0.3178138
5597_NEK9_P1P2_ENSG00000119638,NEK9,-0.63579404,-0.34296167,-0.55165976,-0.6153766
5598_NELFA_P1P2_ENSG00000185049,NELFA,-0.94038075,0.9587799,0.11512141,1.115764
5599_NELFB_P1P2_ENSG00000188986,NELFB,0.33695862,1.2302278,0.10051365,2.5633476
559_AR_P1P2_ENSG00000169083,AR,0.76750135,0.09399059,0.029662121,0.78628856
55_ABL1_ENST00000372348.2_ENSG00000097007,ABL1,0.053433955,-0.26593125,-0.3273872,-0.37936208
5600_NELFCD_P1P2_ENSG00000101158,NELFCD,-0.41482976,1.5927662,-0.58268684,0.9993734
5601_NELFE_P1P2_ENSG00000204356,NELFE,0.49374282,2.7171512,0.16090094,0.77994114
5602_NEMF_P1P2_ENSG00000165525,NEMF,-0.22813062,-0.23472366,-0.020616002,-0.2712383
5603_NENF_P1P2_ENSG00000117691,NENF,-0.025918439,-0.24860443,-0.34817526,-0.6420505
5604_NES_P2_ENSG00000132688,NES,0.14874445,-0.10251638,-0.40344155,-0.033048954
5605_NES_P1_ENSG00000132688,NES,0.24972735,-0.48065156,0.049570374,0.08671697
5606_NET1_P1P2_ENSG00000173848,NET1,-0.044245455,0.034406524,-0.3554691,-0.5916292
5607_NETO2_P1P2_ENSG00000171208,NETO2,-0.35755348,-0.36238578,0.26494193,-0.5799661
5608_NEU1_P1P2_ENSG00000204386,NEU1,-0.4705184,-0.35611904,0.14786528,-0.120387755
5609_NEU3_P1P2_ENSG00000162139,NEU3,-0.5149556,-0.27500027,0.30226144,-0.31689224
560_ASAH1_P1P2_ENSG00000104763,ASAH1,-0.15199322,-0.7055745,0.20402068,-0.15012752
5610_NEURL4_P1P2_ENSG00000215041,NEURL4,0.1211256,-0.25435534,-0.06499802,-0.7175196
5611_NEUROD1_P1P2_ENSG00000162992,NEUROD1,-0.66080153,-0.22954693,-0.3038752,-0.12302989
5612_NEUROD2_P1P2_ENSG00000171532,NEUROD2,0.0013400649,0.88458794,-0.16162623,0.111890115
5613_NEUROD4_P1P2_ENSG00000123307,NEUROD4,-0.07977911,-0.34763172,-0.003962345,-0.42951187
5614_NEUROD6_P1P2_ENSG00000164600,NEUROD6,-1.4432068,0.22918315,0.63978356,-0.47504508
5615_NEUROG1_P1P2_ENSG00000181965,NEUROG1,0.09332136,-0.037867334,-0.37971985,-0.495708
5616_NEUROG2_P1P2_ENSG00000178403,NEUROG2,0.066708565,-0.24606097,0.23464309,-0.07203648
5617_NEUROG3_P1P2_ENSG00000122859,NEUROG3,0.08110006,0.529179,-0.23809871,-0.33399683
5618_NEXN_P1P2_ENSG00000162614,NEXN,-0.16205736,0.7557828,-0.7968865,0.22605696
5619_NF1_P1P2_ENSG00000196712,NF1,-0.27052638,0.49549815,-0.9737711,4.5248375
561_ASAH2B_P1P2_ENSG00000204147,ASAH2B,-0.5989372,0.24193728,0.04077475,-0.5031321
5620_NF2_P1P2_ENSG00000186575,NF2,-0.14046879,0.25399488,0.32514834,-0.13060838
5621_NFAT5_P1P2_ENSG00000102908,NFAT5,-0.6396236,-0.23400487,0.7281033,-0.5945434
5622_NFATC1_P1_ENSG00000131196,NFATC1,-0.52862394,0.9431492,-0.10189662,0.17361829
5623_NFATC1_P2_ENSG00000131196,NFATC1,-0.4054755,0.29734135,0.34102014,-0.40677768
5624_NFATC2IP_P1P2_ENSG00000176953,NFATC2IP,-0.014210502,-0.31063142,0.12308545,-0.5431553
5625_NFATC2_P1_ENSG00000101096,NFATC2,-0.3203301,0.25553235,-0.70713466,0.55654883
5626_NFATC2_P2_ENSG00000101096,NFATC2,-0.97114164,0.18256913,-0.26340523,0.17644385
5627_NFATC3_P1P2_ENSG00000072736,NFATC3,-0.1375878,0.4666766,-0.054859754,-0.23791826
5628_NFATC4_P1P2_ENSG00000100968,NFATC4,-0.21568176,-0.27876347,-1.1533931,0.14279985
5629_NFE2L1_P1P2_ENSG00000082641,NFE2L1,-0.6474699,-0.641394,-0.009672941,-0.5913808
562_ASAP1_P1P2_ENSG00000153317,ASAP1,0.062467523,-0.9474489,-0.41057616,-0.747151
5630_NFE2L2_P1_ENSG00000116044,NFE2L2,-0.3212299,-0.6702477,-0.58789796,-0.50495255
5631_NFE2L2_P2_ENSG00000116044,NFE2L2,0.617669,0.07136343,0.53572667,-0.7720745
5632_NFE2L3_P1P2_ENSG00000050344,NFE2L3,-0.06175712,0.13547872,-0.36944965,-0.74817634
5633_NFE2_P1P2_ENSG00000123405,NFE2,-0.34638518,0.5298949,0.05922057,-0.6295259
5634_NFE4_P1P2_ENSG00000230257,NFE4,-0.16981556,-0.013867254,0.3177485,0.15294334
5635_NFIA_P1P2_ENSG00000162599,NFIA,-0.3572435,0.8657167,0.13163155,-0.49366587
5636_NFIB_P1P2_ENSG00000147862,NFIB,-0.713284,-0.30511552,-0.14304246,-0.4496083
5637_NFIC_P1_ENSG00000141905,NFIC,-0.09636069,0.20125358,0.4811344,-1.6625623
5638_NFIC_P2_ENSG00000141905,NFIC,-1.5960759,-0.022742257,-0.699007,-0.28760958
5639_NFIL3_P1P2_ENSG00000165030,NFIL3,-0.15305738,-0.37920213,-0.14848831,0.27990115
563_ASAP3_P1P2_ENSG00000088280,ASAP3,0.03841054,-0.34140894,-0.043565325,-0.05041977
5640_NFIX_P1_ENSG00000008441,NFIX,-0.15925048,0.20874014,-0.09537307,0.06350186
5641_NFIX_P2_ENSG00000008441,NFIX,0.32648087,1.0173619,0.30729347,0.23863742
5642_NFKB1_P1P2_ENSG00000109320,NFKB1,-0.36327887,0.017413536,-0.421248,-0.2130697
5643_NFKB2_P1P2_ENSG00000077150,NFKB2,-0.5209471,-0.3065516,0.16587035,-0.54473144
5644_NFKBIA_P1_ENSG00000100906,NFKBIA,-0.019221485,-0.47880808,-0.61428803,-0.03262288
5645_NFKBIA_P2_ENSG00000100906,NFKBIA,0.1789543,-0.5531314,-0.1120178,-0.7002637
5646_NFKBIB_P1P2_ENSG00000104825,NFKBIB,-0.34391445,0.00066420843,0.14954364,-0.44685942
5647_NFKBID_P1_ENSG00000167604,NFKBID,0.9022713,1.6541632,1.4804953,0.042334896
5648_NFKBID_P2_ENSG00000167604,NFKBID,0.5696586,-0.4850047,-0.24419928,0.018371377
5649_NFKBIE_P1P2_ENSG00000146232,NFKBIE,0.0103830295,0.40051663,0.642279,0.7982883
564_ASB13_P1P2_ENSG00000196372,ASB13,0.17085764,-0.3240602,0.2246161,-0.06730143
5650_NFKBIL1_P1P2_ENSG00000204498,NFKBIL1,0.0932963,0.076280855,-0.7281939,1.039298
5651_NFRKB_P1P2_ENSG00000170322,NFRKB,-0.7055362,1.1250787,-1.6084485,2.2289214
5652_NFS1_P1P2_ENSG00000244005,NFS1,0.5737987,0.764977,-0.8539146,1.471144
5653_NFU1_P1P2_ENSG00000169599,NFU1,-0.29978114,-1.211306,2.0052347,-0.61652833
5654_NFX1_P1P2_ENSG00000086102,NFX1,0.18904363,0.541823,-0.40474585,-0.29735237
5655_NFXL1_P1P2_ENSG00000170448,NFXL1,-0.47164997,-0.5174132,0.19501367,-0.28920594
5656_NFYA_P1P2_ENSG00000001167,NFYA,-0.5716379,-0.18797068,1.1285205,0.27494654
5657_NFYB_P1P2_ENSG00000120837,NFYB,-0.25784716,0.74679476,-0.12450389,1.2442359
5658_NFYC_P1P2_ENSG00000066136,NFYC,0.14758278,0.1313599,6.523298,-0.3895795
565_ASB1_P1P2_ENSG00000065802,ASB1,-0.07846862,0.4836583,-0.67124987,0.13870089
5660_NGLY1_P1P2_ENSG00000151092,NGLY1,-0.54220766,-0.034838364,-0.33152762,1.181081
5661_NGRN_P1P2_ENSG00000182768,NGRN,0.6177729,-0.8170282,-0.5334389,0.0879171
5662_NHEJ1_P1P2_ENSG00000187736,NHEJ1,-0.032965418,-0.6557758,0.054055065,-1.0623028
5663_NHLH1_P1P2_ENSG00000171786,NHLH1,-0.5044793,-0.13031624,0.061483737,-0.44732958
5664_NHLH2_P1P2_ENSG00000177551,NHLH2,-0.20828962,-0.6527563,-0.39254937,-0.5010568
5665_NHLRC2_P1P2_ENSG00000196865,NHLRC2,-0.32514352,-0.17674366,-0.37733835,-0.27161574
5666_NHLRC3_P1P2_ENSG00000188811,NHLRC3,0.005380556,0.448725,-0.41434175,0.061157446
5667_NHP2_P1P2_ENSG00000145912,NHP2,-0.3573414,-0.16062672,0.54286546,-0.16565083
5668_NIF3L1_P1P2_ENSG00000196290,NIF3L1,-0.57435596,-0.417496,0.088203765,-0.12716581
5669_NINJ1_P1P2_ENSG00000131669,NINJ1,0.5875386,-0.6815955,0.6442169,-0.24868257
566_ASB3_P1P2_ENSG00000115239,ASB3,-0.5078184,0.5190557,0.056675475,-0.48588237
5670_NINJ2_P2_ENSG00000171840,NINJ2,-0.31871584,0.09450968,0.56152725,-0.06726773
5671_NINJ2_P1_ENSG00000171840,NINJ2,-0.14470801,0.104896024,-0.24463645,0.3792148
5672_NIN_P1P2_ENSG00000100503,NIN,-0.24903254,-0.11813481,0.039877888,-0.0027167832
5673_NIP7_P1P2_ENSG00000132603,NIP7,0.4124832,-0.4671714,0.44553918,-0.26708403
5674_NIPA1_P1P2_ENSG00000170113,NIPA1,0.14379722,-0.22440517,-0.21887675,-0.31180373
5675_NIPA2_P1P2_ENSG00000140157,NIPA2,-0.698056,-0.007542573,-0.45383906,-0.7116048
5676_NIPAL3_P1P2_ENSG00000001461,NIPAL3,0.75710684,0.38366184,-0.54808605,0.22590947
5677_NIPBL_P1P2_ENSG00000164190,NIPBL,-0.14632724,3.5651379,1.7969472,1.4947264
5678_NIPSNAP1_P1P2_ENSG00000184117,NIPSNAP1,-0.3779085,0.019922007,0.38063592,-0.26260287
5679_NIPSNAP3A_P1P2_ENSG00000136783,NIPSNAP3A,-0.29852572,0.13714571,-0.0695471,0.43763366
567_ASB6_P1P2_ENSG00000148331,ASB6,-1.4397396,1.1263403,1.5843952,-1.0090861
5680_NISCH_P1P2_ENSG00000010322,NISCH,-0.17592482,0.055455018,0.08937402,-0.25937098
5681_NIT1_P1P2_ENSG00000158793,NIT1,0.13704976,-0.32004455,-0.23900738,-0.25102654
5682_NIT2_P1P2_ENSG00000114021,NIT2,0.23402543,-0.13599123,-0.40339604,0.22657703
5683_NKAP_P1P2_ENSG00000101882,NKAP,-0.16634206,0.031936653,-1.7025397,0.34415358
5684_NKIRAS1_P1P2_ENSG00000197885,NKIRAS1,0.25914106,-0.6375342,0.010405884,0.030282062
5685_NKIRAS2_P1P2_ENSG00000168256,NKIRAS2,0.3605588,0.7433606,-0.7046122,0.80131555
5686_NKRF_P1P2_ENSG00000186416,NKRF,-0.41366643,-0.09315481,0.27267152,-0.94570994
5687_NKTR_P1P2_ENSG00000114857,NKTR,-0.50064504,-0.9277521,0.7196777,-0.6781764
5688_NKX1-1_ENST00000422806.1_ENSG00000235608,NKX1-1,0.26438347,0.30112353,-0.9045454,-0.011969641
5689_NKX1-2_P1P2_ENSG00000229544,NKX1-2,0.11498246,-0.028628834,0.18043989,-0.23625743
568_ASB7_P1P2_ENSG00000183475,ASB7,-1.2595131,-0.38712898,1.1166526,-0.86261547
5690_NKX2-1_P1P2_ENSG00000136352,NKX2-1,0.23243578,-0.33629587,-0.14000772,0.14001937
5691_NKX2-2_P1P2_ENSG00000125820,NKX2-2,-1.4901747,-0.16482039,-0.011706322,-0.62253237
5692_NKX2-3_P1P2_ENSG00000119919,NKX2-3,-0.3397149,-0.40640274,-0.09010769,-0.7939454
5693_NKX2-4_P1P2_ENSG00000125816,NKX2-4,-0.79427063,-0.17251724,0.08382436,-0.3978397
5694_NKX2-5_P1P2_ENSG00000183072,NKX2-5,1.1946528,1.3119993,-0.18105242,0.30656013
5695_NKX2-6_P1P2_ENSG00000180053,NKX2-6,-0.6990741,0.83058894,-0.2277836,1.0739518
5696_NKX2-8_P1P2_ENSG00000136327,NKX2-8,-0.3075961,-0.12946463,-0.36617744,-0.08054413
5697_NKX3-1_P1P2_ENSG00000167034,NKX3-1,-0.040150113,-0.9637264,0.564291,-1.0083735
5698_NKX3-2_P1P2_ENSG00000109705,NKX3-2,-0.76066643,-0.0840747,-1.138227,0.17327604
5699_NKX6-1_P1P2_ENSG00000163623,NKX6-1,-1.4989645,-1.0957425,-2.1958988,0.85570794
56_ABL2_P1_ENSG00000143322,ABL2,-0.40478,-0.34948736,-0.4831351,-0.100054115
5700_NKX6-2_P1P2_ENSG00000148826,NKX6-2,0.03412539,0.06025422,-0.54002243,-0.009326517
5701_NKX6-3_P1P2_ENSG00000165066,NKX6-3,-0.15059787,-0.102121405,-0.5705191,-0.07623769
5702_NLE1_P1P2_ENSG00000073536,NLE1,-0.038915057,-0.5418774,0.6352543,0.6710508
5703_NLK_P1P2_ENSG00000087095,NLK,-0.77067584,-0.4088677,0.5694092,-0.0679482
5704_NLN_P1P2_ENSG00000123213,NLN,-1.2727836,-0.047380846,-0.43513998,-0.088194326
5705_NLRP1_P1P2_ENSG00000091592,NLRP1,-0.39655116,-0.22416598,-0.2025199,-0.0854466
5706_NLRP2_P1P2_ENSG00000022556,NLRP2,0.18065841,1.2217987,-0.25429437,0.09983375
5707_NMD3_P1P2_ENSG00000169251,NMD3,-0.42106736,0.27048922,0.9339063,0.86811006
5708_NME1-NME2_P1P2_nan,NME1-NME2,0.061154857,1.3941628,-0.19338985,-0.58702385
5709_NME1_P2_ENSG00000239672,NME1,0.18388237,-1.2143857,0.880382,-0.47552335
570_ASCC1_P1P2_ENSG00000138303,ASCC1,-0.70631164,-0.8621777,-0.09290012,-0.31907547
5710_NME1_P1_ENSG00000239672,NME1,-0.19285232,0.13899358,-0.5954346,-0.028182093
5712_NME3_P1P2_ENSG00000103024,NME3,-0.11224828,0.06784622,0.72808844,0.014677952
5713_NME4_P1P2_ENSG00000103202,NME4,-0.49092987,0.75164115,-0.19350167,-1.2657452
5714_NME6_P1P2_ENSG00000172113,NME6,-0.0800888,0.71440756,-0.35537177,-0.14142203
5715_NME7_P1P2_ENSG00000143156,NME7,-0.68381613,-0.74444664,-0.4449096,0.463414
5716_NMI_P1P2_ENSG00000123609,NMI,0.0292316,-0.113804735,-0.80810875,-0.19613358
5717_NMNAT1_P1P2_ENSG00000173614,NMNAT1,-0.8230385,-0.5440521,-0.8778544,-0.8130059
5718_NMNAT3_P1P2_ENSG00000163864,NMNAT3,-0.43263137,-0.5636111,0.46940938,-0.8298516
5719_NMRAL1_P1P2_ENSG00000153406,NMRAL1,0.67089456,-0.53137773,-0.0689353,-0.22212718
571_ASCC2_P1P2_ENSG00000100325,ASCC2,-0.015004443,-1.7075806,-0.3809366,0.13477252
5720_NMT1_P1P2_ENSG00000136448,NMT1,-0.039989565,0.11777847,-0.3883505,0.05902276
5721_NMT2_P1P2_ENSG00000152465,NMT2,-0.3235319,0.07603854,-0.12115813,-0.369457
5722_NMU_P1P2_ENSG00000109255,NMU,-0.028386908,0.52192914,-0.3419931,-0.016673706
5723_NNMT_P1P2_ENSG00000166741,NNMT,-0.6258201,-0.5817189,-0.117034,-0.44987634
5724_NNT_P1P2_ENSG00000112992,NNT,-0.3585523,-0.5405015,-0.031375818,-0.9353622
5725_NOA1_P1P2_ENSG00000084092,NOA1,0.20160133,0.20062412,-0.27409035,-0.375781
5726_NOB1_P1P2_ENSG00000141101,NOB1,0.19098248,-0.30724573,0.29081702,-0.2147526
5727_NOBOX_ENST00000483238.1_ENSG00000106410,NOBOX,0.4362814,0.581735,-0.20503813,-0.1155991
5728_NOBOX_ENST00000223140.5_ENSG00000106410,NOBOX,0.4865882,-0.25625846,0.34366214,0.6476089
5729_NOC2L_P1P2_ENSG00000188976,NOC2L,-0.7490321,0.9553571,-0.2380678,1.1072537
572_ASCC3_P1P2_ENSG00000112249,ASCC3,1.1223058,12.936515,-1.3806214,0.4012456
5730_NOC3L_P1P2_ENSG00000173145,NOC3L,-0.28602958,-0.45438236,1.2181654,-0.4036265
5731_NOC4L_P1P2_ENSG00000184967,NOC4L,-0.890091,-0.7321928,1.8868619,-0.465867
5732_NOL10_P1P2_ENSG00000115761,NOL10,-0.7734869,-1.418891,0.52530384,-0.45714837
5733_NOL11_P1P2_ENSG00000130935,NOL11,-0.70259786,-0.6223175,2.9314988,-0.96205366
5734_NOL12_P1P2_ENSG00000273899,NOL12,-0.59788406,-0.44922408,0.3545801,-1.1481302
5735_NOL6_P1P2_ENSG00000165271,NOL6,-0.4812254,-0.0031059652,2.9003446,1.192213
5736_NOL7_P1P2_ENSG00000225921,NOL7,-0.07309725,-0.15138945,0.32695785,-0.0074911197
5737_NOL8_P1P2_ENSG00000198000,NOL8,-0.31228662,-0.26583463,0.8988684,-0.1037625
5738_NOL9_P1P2_ENSG00000162408,NOL9,-0.20188668,-3.2915444,1.859672,-1.8575678
5739_NOLC1_P1P2_ENSG00000166197,NOLC1,-0.35411644,-1.053317,-0.71310556,-0.35078177
573_ASCL1_P1P2_ENSG00000139352,ASCL1,-0.26845723,-0.34348255,-0.34197447,-0.27421638
5740_NOM1_P1P2_ENSG00000146909,NOM1,-0.31714132,1.075613,0.44073775,0.68980855
5741_NOMO1_P1P2_ENSG00000103512,NOMO1,0.2488205,0.14404888,0.08436845,-0.4722533
5743_NOMO3_P1P2_ENSG00000103226,NOMO3,0.38902307,-0.027938033,0.07497331,-1.0039345
5744_NONO_P1P2_ENSG00000147140,NONO,-0.07325534,-0.7824825,1.2564977,0.2520444
5745_NOP10_P1P2_ENSG00000182117,NOP10,0.49222356,0.5426891,0.4666498,0.0058052237
5746_NOP14_P1P2_ENSG00000087269,NOP14,0.30341956,0.8957184,0.7575869,0.09116072
5747_NOP16_P1P2_ENSG00000048162,NOP16,-0.35638437,-0.011164618,0.5771676,0.55623925
5748_NOP2_P1P2_ENSG00000111641,NOP2,-0.6651921,0.5613134,3.114712,-0.29248425
5749_NOP56_P1P2_ENSG00000101361,NOP56,-0.53353906,-0.22742781,-0.048387542,-0.25378132
574_ASCL2_P1P2_ENSG00000183734,ASCL2,0.18391508,0.27666402,0.21713124,-0.008440249
5750_NOP58_P1P2_ENSG00000055044,NOP58,-0.07201086,-0.53390723,0.7915863,0.114570774
5751_NOP9_P1P2_ENSG00000196943,NOP9,0.15619424,-0.6446764,-0.40505323,0.05420173
5752_NOS1AP_P1P2_ENSG00000198929,NOS1AP,-0.21553572,0.3808023,-0.4116118,-0.22450589
5753_NOS3_P1P2_ENSG00000164867,NOS3,-0.36016908,-1.0714251,-0.05495501,-0.5363163
5754_NOSIP_P1P2_ENSG00000142546,NOSIP,0.52565235,-0.0005184077,-0.06247324,-0.07292582
5755_NOSTRIN_P1P2_ENSG00000163072,NOSTRIN,-0.04204884,-0.49740544,-0.11374406,-0.49264082
5756_NOTO_P1P2_ENSG00000214513,NOTO,0.12697825,-0.23975971,-0.7643785,-0.44180495
5757_NOTUM_P1P2_ENSG00000185269,NOTUM,-0.2278971,-0.2972401,0.11794711,0.35722196
5758_NPAS1_P1P2_ENSG00000130751,NPAS1,-0.29806224,-0.12463325,-0.29661882,-0.616747
5759_NPAS2_P1P2_ENSG00000170485,NPAS2,-0.31843424,-0.538459,-0.026409287,-0.527989
575_ASCL3_P1P2_ENSG00000176009,ASCL3,-1.5686153,-0.434515,0.27438197,-0.51556146
5760_NPAS3_P1P2_ENSG00000151322,NPAS3,0.008687712,-0.41181773,0.18133487,-0.79404664
5761_NPAS4_P1P2_ENSG00000174576,NPAS4,-0.6268468,-0.07069619,-0.10156222,-0.700049
5763_NPB_P1P2_ENSG00000183979,NPB,0.117684074,-0.41795367,-0.21059516,-0.026595414
5764_NPC1_P1P2_ENSG00000141458,NPC1,0.036070116,0.037484314,-0.60124505,-3.0892828
5765_NPC2_P1P2_ENSG00000119655,NPC2,0.14262658,-0.7287241,-0.37539756,-0.53027654
5766_NPEPPS_P1P2_ENSG00000141279,NPEPPS,0.46376362,0.5856124,-0.44680583,0.6658464
5767_NPHP4_P1P2_ENSG00000131697,NPHP4,0.4912289,-0.038166024,-0.60594004,0.009674913
5768_NPLOC4_P1P2_ENSG00000182446,NPLOC4,1.0078676,2.9494855,0.038992926,2.3851538
5769_NPL_P1P2_ENSG00000135838,NPL,0.004326024,-0.6967282,0.3003527,-0.15096815
576_ASCL4_ENST00000342331.4_ENSG00000187855,ASCL4,0.44861788,-0.3657388,0.2493542,-0.61747897
5770_NPM1_P1P2_ENSG00000181163,NPM1,-0.4819197,-0.61183083,0.7949654,-0.5982051
5771_NPM3_P1P2_ENSG00000107833,NPM3,-0.17995411,0.5226806,0.1556701,-0.71139294
5772_NPRL2_P1P2_ENSG00000114388,NPRL2,1.3303932,0.87090045,0.17942986,1.3469477
5773_NPRL3_P1P2_ENSG00000103148,NPRL3,0.51579994,0.17043005,0.13619837,-0.31584695
5774_NPTN_P1P2_ENSG00000156642,NPTN,0.23712882,0.008379012,0.09386352,-0.22881973
5775_NPW_P1P2_ENSG00000183971,NPW,-1.2030348,-0.9572922,-1.568616,0.07941177
5776_NQO1_P2_ENSG00000181019,NQO1,-0.21471694,-0.0056364588,-0.29244798,-0.080758676
5777_NQO1_P1_ENSG00000181019,NQO1,-0.5102633,-0.15046845,-0.16321081,0.05258929
5778_NQO2_P1P2_ENSG00000124588,NQO2,0.131944,0.15476537,-0.36295322,-0.78608626
5779_NR0B1_P1P2_ENSG00000169297,NR0B1,-0.1845991,0.33293724,-0.4304657,-0.5964461
577_ASCL5_P1P2_ENSG00000232237,ASCL5,0.4085202,0.07093845,-0.03234348,0.5131295
5780_NR1D1_P1P2_ENSG00000126368,NR1D1,-0.2596756,-0.6865467,-0.2157461,-0.29737824
5781_NR1D2_P1P2_ENSG00000174738,NR1D2,-0.49199307,0.10206315,0.23736753,-0.92717075
5782_NR1H2_P1P2_ENSG00000131408,NR1H2,-0.06380975,-0.52927005,-0.014668902,-0.5784005
5783_NR1H3_P1_ENSG00000025434,NR1H3,0.40663365,1.1898758,-0.6348854,0.3042951
5784_NR1H3_P2_ENSG00000025434,NR1H3,0.9590929,-0.06133322,-0.028107338,0.5215127
5785_NR1H4_P1P2_ENSG00000012504,NR1H4,-0.5239092,-0.35756046,-0.74532413,-0.31371766
5786_NR1I2_P1P2_ENSG00000144852,NR1I2,-0.23655675,-0.10227628,0.5294668,-0.75505424
5787_NR1I3_P1P2_ENSG00000143257,NR1I3,-0.42231143,-0.059863996,-0.892283,0.045349877
5788_NR2C1_P1P2_ENSG00000120798,NR2C1,0.44377938,-0.31351265,1.4625269,-0.25273958
5789_NR2C2AP_P1P2_ENSG00000184162,NR2C2AP,0.03909932,0.2867221,-0.97763133,0.10194885
578_ASF1A_P1P2_ENSG00000111875,ASF1A,-0.8536121,-0.1976546,1.3629807,0.26833177
5790_NR2C2_P1P2_ENSG00000177463,NR2C2,0.3701184,-0.40649354,0.17700525,-0.052852884
5791_NR2E1_P1P2_ENSG00000112333,NR2E1,-0.57099277,-1.2108918,-0.016346449,5.763786
5792_NR2E3_P1P2_ENSG00000278570,NR2E3,-0.3678063,-0.0571748,-0.38593563,0.120591976
5793_NR2F1_P1P2_ENSG00000175745,NR2F1,-0.20347321,-0.3014834,-0.021091029,-0.022663552
5794_NR2F2_P1P2_ENSG00000185551,NR2F2,0.1648656,-0.11898695,-0.5055703,1.0830747
5795_NR2F6_P1P2_ENSG00000160113,NR2F6,0.08658878,-0.5475746,-0.37232202,-0.42761114
5796_NR3C1_P1P2_ENSG00000113580,NR3C1,0.40598574,-0.360862,0.5014541,0.44063365
5797_NR3C2_P1P2_ENSG00000151623,NR3C2,-0.12743187,-0.4299229,-0.2966446,-0.17664014
5798_NR4A1_P1P2_ENSG00000123358,NR4A1,0.26088056,-0.28049612,-0.06078917,0.062945485
5799_NR4A2_P1_ENSG00000153234,NR4A2,-0.08549436,-0.815272,-0.57947624,-0.3743187
579_ASF1B_P1P2_ENSG00000105011,ASF1B,0.033627868,-0.28193668,0.5603844,-0.15374458
57_ABL2_P2_ENSG00000143322,ABL2,-0.43149194,-0.54314613,-0.022373648,-0.16168661
5800_NR4A2_P2_ENSG00000153234,NR4A2,-0.24269558,-0.20947187,-0.10764489,-0.010325672
5801_NR4A3_P1P2_ENSG00000119508,NR4A3,0.61198556,-0.39025924,-0.17548324,-0.28268948
5802_NR5A1_P1P2_ENSG00000136931,NR5A1,0.022147601,-0.5825863,-0.1169287,-0.22722347
5803_NR5A2_P1_ENSG00000116833,NR5A2,-0.057907764,-0.7264479,0.5800967,-0.05126167
5804_NR5A2_P2_ENSG00000116833,NR5A2,-0.384063,-0.34529158,-0.4083797,-0.3830971
5805_NR6A1_P1P2_ENSG00000148200,NR6A1,0.025137,-0.47092798,-0.2017387,-0.05345563
5806_NRARP_P1P2_ENSG00000198435,NRARP,-0.30542696,-0.19842166,-0.31518278,-0.37540308
5807_NRAS_P1P2_ENSG00000213281,NRAS,-0.3179745,-0.27488276,0.17004722,-0.81165326
5808_NRBF2_P1P2_ENSG00000148572,NRBF2,1.0572878,-0.8229221,-0.12774613,-0.45835713
5809_NRBP1_P1P2_ENSG00000115216,NRBP1,0.19843252,0.9284763,-1.0418421,2.1021316
580_ASH1L_P1P2_ENSG00000116539,ASH1L,-0.3362841,0.3098985,-0.13846268,-0.3244572
5810_NRDE2_P1P2_ENSG00000119720,NRDE2,0.013020696,-0.65400773,2.2731102,0.97642314
5811_NRF1_P1P2_ENSG00000106459,NRF1,1.4762042,-0.8343384,0.33195987,-1.1631931
5812_NRGN_P1P2_ENSG00000154146,NRGN,-0.5257101,0.023034327,0.44363737,-0.13871542
5813_NRIP1_P1P2_ENSG00000180530,NRIP1,0.28637937,0.20195495,-0.048557017,-0.22734967
5814_NRIP3_P1P2_ENSG00000175352,NRIP3,-0.22162,-0.6217041,0.13657522,-0.0260126
5815_NRL_P2_ENSG00000129535,NRL,-0.52444875,0.18162142,-0.39074865,-1.0217689
5816_NRL_P1_ENSG00000129535,NRL,0.27922532,0.18988009,-0.20643075,0.44027656
5817_NRM_P1P2_ENSG00000137404,NRM,-0.09101484,0.63316983,-1.2886969,1.4513891
5818_NRROS_P1P2_ENSG00000174004,NRROS,-0.5132724,-0.50069296,-0.55157405,-0.56733435
5819_NRSN2_P1P2_ENSG00000125841,NRSN2,0.2099288,-0.14085093,-0.046667706,-0.122863434
581_ASH2L_P1P2_ENSG00000129691,ASH2L,0.78723645,1.0138831,-0.9655331,-1.1292337
5820_NRTN_ENST00000303212.2_ENSG00000171119,NRTN,0.15976833,-1.0221045,-0.15682115,-0.022371298
5821_NSA2_P1P2_ENSG00000164346,NSA2,-0.12438092,-0.5845034,0.2354227,-0.2178346
5822_NSD1_P1P2_ENSG00000165671,NSD1,-0.008352878,-0.025962276,0.54285496,1.5026361
5823_NSDHL_P1P2_ENSG00000147383,NSDHL,0.2075111,-0.33540154,0.41590452,-0.015269382
5824_NSFL1C_P1P2_ENSG00000088833,NSFL1C,-0.5990919,0.5257839,0.52735865,0.48218262
5825_NSF_ENST00000398238.4_ENSG00000073969,NSF,-0.2639944,-0.20563017,-0.29151282,-0.35662884
5826_NSL1_P1P2_ENSG00000117697,NSL1,-0.91537565,0.36962584,2.1243618,0.2753878
5827_NSMAF_P1P2_ENSG00000035681,NSMAF,0.04235255,-0.3518544,-0.6234608,0.095917396
5828_NSMCE1_P1P2_ENSG00000169189,NSMCE1,0.68621016,0.6534548,-0.11481306,0.3226052
5829_NSMCE2_P1P2_ENSG00000156831,NSMCE2,-0.31143883,-0.39768162,-0.5960441,-0.6200939
582_ASIC4_P1P2_ENSG00000072182,ASIC4,0.4708483,0.27588037,-0.81839126,0.025155222
5830_NSMCE4A_P1P2_ENSG00000107672,NSMCE4A,0.8568656,0.020663764,-0.3241676,0.91152656
5831_NSMF_P1P2_ENSG00000165802,NSMF,-0.07452163,-0.20760716,-0.30303228,-0.38064116
5832_NSRP1_P1P2_ENSG00000126653,NSRP1,-0.9511071,-0.34801504,-0.46182716,-1.0772772
5833_NSUN2_P1P2_ENSG00000037474,NSUN2,-0.0032263945,0.0062883524,-0.22989412,-0.44917512
5834_NSUN4_P1P2_ENSG00000117481,NSUN4,0.26954415,-0.22774574,-0.6395703,-0.30513597
5835_NSUN5_P1P2_ENSG00000130305,NSUN5,1.4598091,0.795947,-0.035141245,1.0237794
5836_NSUN6_P1P2_ENSG00000241058,NSUN6,0.7748705,-1.4191388,0.48627996,-0.07343436
5837_NT5C2_P1P2_ENSG00000076685,NT5C2,-0.17638889,0.13649662,-0.15483665,-0.35514334
5838_NT5C3A_P2_ENSG00000122643,NT5C3A,-0.85015666,-0.17748326,-0.3202781,-0.21687627
5839_NT5C3A_P1_ENSG00000122643,NT5C3A,-1.2530352,0.026959892,-0.3403415,-0.5091616
583_ASL_P1P2_ENSG00000126522,ASL,0.18642001,-0.394275,0.02556838,-0.35356456
5840_NT5C3B_P1P2_ENSG00000141698,NT5C3B,-0.17761531,-0.39425358,0.40278363,-0.52448
5841_NT5C_P1P2_ENSG00000125458,NT5C,0.21603456,-0.07592021,-0.51898897,-0.087033324
5842_NT5DC1_P1P2_ENSG00000178425,NT5DC1,0.30215228,0.112203725,-0.03819321,-0.15858269
5843_NT5DC2_P1P2_ENSG00000168268,NT5DC2,0.06235657,-0.24432316,-0.89180964,0.20383042
5844_NT5DC3_P1P2_ENSG00000111696,NT5DC3,-0.5958756,-0.31302723,0.21241783,-0.5410733
5845_NT5M_P1P2_ENSG00000205309,NT5M,0.11573714,-0.07506581,-0.015726805,0.3736725
5846_NTAN1_P1P2_ENSG00000157045,NTAN1,-0.3446436,-0.11439002,-0.15066998,-0.116385885
5847_NTHL1_P1P2_ENSG00000065057,NTHL1,0.0024494706,0.10515389,0.3017752,0.2872089
5848_NTMT1_P1P2_ENSG00000148335,NTMT1,-0.6981345,-0.3285268,-0.53029543,-0.6971379
5849_NTPCR_P1P2_ENSG00000135778,NTPCR,-0.47317898,0.38980576,0.43667305,-0.2901333
584_ASMTL_P1P2_ENSG00000169093,ASMTL,-0.8919612,0.27006212,0.55002457,0.09995474
5850_NTRK1_P1P2_ENSG00000198400,NTRK1,-0.40064064,-0.00754515,-0.20481552,-1.1651549
5851_NUB1_P1P2_ENSG00000013374,NUB1,0.039989173,0.33890924,0.6826026,0.9276494
5852_NUBP1_P1P2_ENSG00000103274,NUBP1,2.0981572,0.8444754,-0.22025888,3.0221837
5853_NUBP2_P1P2_ENSG00000095906,NUBP2,0.028178256,-0.26191518,-0.12541328,0.28474498
5854_NUBPL_P1P2_ENSG00000151413,NUBPL,-0.69770426,-0.03245219,0.49202374,-0.51471424
5855_NUCB1_P1P2_ENSG00000104805,NUCB1,0.44810182,0.07023293,0.16087696,0.35706815
5856_NUCB2_P1P2_ENSG00000070081,NUCB2,0.7049517,-0.25355938,0.023576483,-0.7679316
5857_NUCKS1_P1P2_ENSG00000069275,NUCKS1,-0.78061634,0.0027892361,-0.13823563,-0.1789376
5858_NUDCD1_P1P2_ENSG00000120526,NUDCD1,-0.37746915,1.0705322,-0.16097067,0.58948314
5859_NUDCD2_P1P2_ENSG00000170584,NUDCD2,-0.4346746,0.64106596,-0.2761202,-0.20303829
585_GET3_P1P2_ENSG00000198356,GET3,0.71372396,-0.73385715,-0.5067226,3.1341918
5860_NUDCD3_P1P2_ENSG00000015676,NUDCD3,0.14085591,0.16666618,1.2777815,0.18710741
5861_NUDC_P1P2_ENSG00000090273,NUDC,0.8720859,0.008787876,1.6096673,2.3561945
5862_NUDT12_P1P2_ENSG00000112874,NUDT12,0.16516005,-0.7041926,0.34637728,0.91665375
5863_NUDT14_P1P2_ENSG00000183828,NUDT14,-0.8229398,-0.58076996,-0.26113486,-0.4281297
5864_NUDT15_P1P2_ENSG00000136159,NUDT15,0.5751977,-0.7239759,-0.8294519,-0.6805794
5865_NUDT16L1_P1P2_ENSG00000168101,NUDT16L1,0.06923431,0.019935742,-0.50381833,0.04646924
5866_NUDT16_P1P2_ENSG00000198585,NUDT16,0.20657434,-0.14979227,-0.70784193,0.41315848
5867_NUDT19_P1P2_ENSG00000213965,NUDT19,0.088277996,-0.3667612,-0.09860012,-0.49041596
5868_NUDT1_P1P2_ENSG00000106268,NUDT1,-0.336173,0.54481965,-0.19436473,-0.118939556
5869_NUDT21_P1P2_ENSG00000167005,NUDT21,-0.017842676,2.4456716,3.1788902,3.1743016
586_ASNSD1_P1P2_ENSG00000138381,ASNSD1,-0.7151417,-0.62196517,-0.30081972,-0.47297892
5870_NUDT22_P1P2_ENSG00000149761,NUDT22,0.27878425,0.07115219,-0.019035978,-0.51667476
5871_NUDT2_P1P2_ENSG00000164978,NUDT2,-0.65927607,-0.25505653,-0.5870407,0.47611162
5872_NUDT3_P1P2_ENSG00000272325,NUDT3,-0.051416684,-1.5915186,-0.7109732,0.44919932
5873_NUDT4_P1P2_ENSG00000173598,NUDT4,-0.072413184,0.38361704,-0.2999324,-0.15712294
5874_NUDT5_P1P2_ENSG00000165609,NUDT5,1.4272276,-0.238461,-1.2761463,1.4864185
5875_NUDT6_P1P2_ENSG00000170917,NUDT6,-0.32503054,-0.063965335,-0.26057762,-0.23194756
5876_NUDT8_P1P2_ENSG00000167799,NUDT8,-0.7148005,-0.7196562,0.110108726,-0.3654246
5877_NUDT9_P1P2_ENSG00000170502,NUDT9,-0.66006464,-0.17730348,0.26630184,-0.71890473
5878_NUF2_P1P2_ENSG00000143228,NUF2,0.25528005,0.794568,0.41261625,0.24259125
5879_NUFIP1_P1P2_ENSG00000083635,NUFIP1,-0.6757636,0.30886206,0.53663695,-0.48956788
587_ASNS_P1P2_ENSG00000070669,ASNS,0.8255112,0.21378016,0.04780755,-0.118261985
5880_NUFIP2_P1P2_ENSG00000108256,NUFIP2,-0.16274433,-0.38141373,-0.14035264,-0.27584615
5881_NUMA1_ENST00000393695.3_ENSG00000137497,NUMA1,-0.13491154,0.5546939,0.05940712,0.8378064
5882_NUMBL_P1P2_ENSG00000105245,NUMBL,0.39798573,1.0085125,-0.21853463,0.49869463
5883_NUMB_P1_ENSG00000133961,NUMB,0.54508317,-0.73669153,-0.5175412,0.22525218
5884_NUMB_P2_ENSG00000133961,NUMB,-0.2961308,-0.61015224,-0.120107695,0.15815529
5885_NUP107_P1P2_ENSG00000111581,NUP107,-0.42772323,-0.21312933,0.89141625,-0.897862
5886_NUP133_P1P2_ENSG00000069248,NUP133,-0.623375,-1.0271788,2.0259647,-0.6540954
5887_NUP153_P1P2_ENSG00000124789,NUP153,-0.77511644,0.25384283,-0.15320252,-0.06247533
5889_NUP160_P1P2_ENSG00000030066,NUP160,-0.29418504,-0.74517035,0.21310535,-0.56732696
588_ASPH_P1P2_ENSG00000198363,ASPH,-0.3429559,0.41159415,0.23059657,-0.38210055
5890_NUP188_P1P2_ENSG00000095319,NUP188,0.07578252,0.21327496,-0.12839507,-0.77417654
5891_NUP205_P1P2_ENSG00000155561,NUP205,-0.036518842,-0.52776784,0.044821303,-0.29075348
5892_NUP210_P1P2_ENSG00000132182,NUP210,-0.17752683,-0.26058024,-0.13671046,0.028406832
5893_NUP214_P1P2_ENSG00000126883,NUP214,-0.7941567,-0.4583259,0.8725454,-0.9189844
5894_NUP35_P1P2_ENSG00000163002,NUP35,0.053996168,-0.2961762,0.32616937,-0.8087873
5895_NUP37_P1P2_ENSG00000075188,NUP37,-0.019433174,-0.11817787,-0.6665591,-0.8827215
5896_NUP43_P1P2_ENSG00000120253,NUP43,-1.5453315,-0.39827088,0.18895634,-1.078904
5897_NUP50_P1P2_ENSG00000093000,NUP50,0.24843939,0.5081224,0.08033313,0.3296538
5898_NUP54_P1P2_ENSG00000138750,NUP54,-1.2531135,-3.2585795,1.0891305,-2.2480257
5899_NUP62CL_P1P2_ENSG00000198088,NUP62CL,0.4281416,-0.85873544,0.2317047,0.19394995
589_ASPM_P1P2_ENSG00000066279,ASPM,-0.17920585,-0.43933305,-0.20724271,0.083023354
58_ABO_P1_ENSG00000175164,ABO,-0.4224555,-0.33504865,0.10741671,-0.4284621
5900_NUP62_P1P2_ENSG00000213024,NUP62,-2.0977764,-2.8217523,2.119156,0.3372199
5901_NUP85_P1P2_ENSG00000125450,NUP85,-1.037107,-1.3993295,1.2075468,-1.8143959
5902_NUP88_P1P2_ENSG00000108559,NUP88,-0.049822878,-1.7656373,1.354862,-1.1633147
5903_NUP93_P1P2_ENSG00000102900,NUP93,-0.9519524,0.87068725,0.33059388,-0.58719116
5904_NUP98_P1P2_ENSG00000110713,NUP98,0.2588517,-0.793877,-0.15838897,-0.33751768
5905_NUP42_P1P2_ENSG00000136243,NUP42,-0.3453037,-1.5983552,1.869225,-0.6036185
5906_NUS1_P1P2_ENSG00000153989,NUS1,-0.52063054,0.32998577,-0.073987395,-0.06751457
5907_NUSAP1_P1P2_ENSG00000137804,NUSAP1,-0.28074485,0.25444755,0.1854722,-0.30890164
5908_NUTF2_P1P2_ENSG00000102898,NUTF2,-1.4905502,-0.6067867,0.3582268,-0.9634135
5909_NVL_P1P2_ENSG00000143748,NVL,-0.15174884,-1.9924344,0.5323865,-0.2017768
590_ASPSCR1_P1P2_ENSG00000169696,ASPSCR1,0.2063725,-0.19949311,-0.010885917,-0.4991991
5910_NXF1_P1_ENSG00000162231,NXF1,0.21038082,0.19451532,-0.5461761,0.13165319
5911_NXF1_P2_ENSG00000162231,NXF1,-0.10666891,-0.24085258,0.23078486,-0.3811432
5912_NXT1_P1P2_ENSG00000132661,NXT1,-0.025750559,-0.18375449,0.15118293,-0.04779942
5913_NXT2_P1P2_ENSG00000101888,NXT2,-0.37673658,-0.097493604,0.7321238,-0.39023226
5914_OAF_P1P2_ENSG00000184232,OAF,0.111786984,-0.5348086,-0.45407388,-0.1008825
5915_OARD1_P1P2_ENSG00000124596,OARD1,-0.053014584,-0.30098128,-0.41298017,-0.832329
5916_OAT_P1P2_ENSG00000065154,OAT,0.05885661,-0.99365443,-0.3137324,-0.28714827
5917_OAZ1_P1P2_ENSG00000104904,OAZ1,0.14791483,-0.6029587,-0.30332837,0.093788765
5918_OAZ2_P1P2_ENSG00000180304,OAZ2,-0.31406158,0.5052225,-0.54397947,-0.5852358
591_ASRGL1_P1P2_ENSG00000162174,ASRGL1,0.29786286,0.10809916,-0.40415862,0.4005806
5920_OBSL1_P1P2_ENSG00000124006,OBSL1,0.10725599,-0.08120182,-0.35947183,0.34723327
5921_OCEL1_P1P2_ENSG00000099330,OCEL1,-0.16540833,0.20584188,0.29231766,-0.17532945
5922_OCIAD1_P1P2_ENSG00000109180,OCIAD1,0.26281762,0.4227625,-0.39607364,0.20880313
5923_ODC1_P1P2_ENSG00000115758,ODC1,0.22573955,0.48977342,-0.39571822,-0.14770553
5924_ODF2L_P1P2_ENSG00000122417,ODF2L,-0.0044813524,-0.55268294,-0.09170034,-0.4646316
5925_ODF2_P1P2_ENSG00000136811,ODF2,-0.5002842,0.38997778,0.35971227,-0.48561898
5926_OFD1_P1P2_ENSG00000046651,OFD1,-0.6346209,0.08399996,-0.6800282,-0.16949533
5928_OGFOD1_P1P2_ENSG00000087263,OGFOD1,0.86024445,2.3391414,1.3413241,1.7224139
5929_OGFOD2_P1P2_ENSG00000111325,OGFOD2,-0.56178707,-0.75259393,0.054823473,-0.3607184
5930_OGFOD3_P1P2_ENSG00000181396,OGFOD3,-0.14814056,-1.2116073,-0.14250207,-0.8345795
5931_OGFR_P1P2_ENSG00000060491,OGFR,0.29611745,-0.15873535,-0.49769735,-0.6754492
5932_OGG1_P1P2_ENSG00000114026,OGG1,-0.25311187,-0.061129067,-0.17053495,-0.065995134
5933_OGT_P1P2_ENSG00000147162,OGT,-1.2614726,-2.3754466,5.3406525,-0.49461365
5934_OIP5_P1P2_ENSG00000104147,OIP5,-0.1226888,0.37365568,0.1581244,-0.5043762
5935_OLA1_P1P2_ENSG00000138430,OLA1,-0.31558585,-0.21002714,0.20297986,-0.45558667
5936_OLFML3_P1P2_ENSG00000116774,OLFML3,-0.13733487,-0.11037577,-0.11437377,-0.22196822
5937_OLIG1_P1P2_ENSG00000184221,OLIG1,-0.8691361,0.85497046,-0.2999258,-0.28977615
5938_OLIG2_P1P2_ENSG00000205927,OLIG2,-0.0033762315,-0.53835076,-0.43959397,-0.50052714
5939_OLIG3_P1P2_ENSG00000177468,OLIG3,0.31572637,0.76853573,-0.54115427,0.07542052
5940_OMA1_P1P2_ENSG00000162600,OMA1,-0.4832523,-0.029153844,0.40521973,-0.54468155
5941_ONECUT1_P1P2_ENSG00000169856,ONECUT1,0.122768715,-0.5287414,-0.6886171,-1.0951403
5942_ONECUT2_P1P2_ENSG00000119547,ONECUT2,-0.19880481,-0.5864773,-0.5599362,-0.31277207
5943_ONECUT3_P1P2_ENSG00000205922,ONECUT3,0.24624746,1.4844695,-0.41410682,0.14970456
5944_OPA1_P1P2_ENSG00000198836,OPA1,2.107682,0.8430112,-0.87336814,1.5466592
5945_OPA3_P1_ENSG00000125741,OPA3,0.5209844,-1.0068274,0.64799565,0.24108031
5946_OPA3_P2_ENSG00000125741,OPA3,-0.8610244,-0.9772932,-0.6276143,-1.0701652
5947_OPLAH_P1P2_ENSG00000178814,OPLAH,0.02447815,-0.33787018,-0.31612614,-0.18448769
5948_OPN3_P1P2_ENSG00000054277,OPN3,0.036430556,0.25870612,-0.035896882,0.37697375
5949_OR1D2_ENST00000331459.1_ENSG00000184166,OR1D2,-0.1042061,-0.6664843,0.330591,-0.19568498
594_INTS13_P1P2_ENSG00000064102,INTS13,-0.12083146,-0.40149772,2.4754126,0.51373416
5950_OR1E2_ENST00000248384.1_ENSG00000127780,OR1E2,-0.95609,-0.2098978,0.112101085,-0.2927938
5951_OR2A1_ENST00000408951.1_ENSG00000221970,OR2A1,-0.12307265,-0.14995036,0.09767323,-0.35303617
5952_OR2T29_ENST00000328570.3_ENSG00000182783,OR2T29,-0.5582911,-0.36371368,-0.40878338,-0.029369833
5953_OR2T5_ENST00000366473.2_ENSG00000203661,OR2T5,-0.022515545,-0.029925168,0.3419829,-0.74074703
5954_OR4F4_ENST00000326183.3_ENSG00000177693,OR4F4,0.048547182,-0.50274384,-0.3183962,-0.83156073
5955_OR4K1_ENST00000285600.4_ENSG00000155249,OR4K1,-0.8080078,-0.70776445,0.29795772,-0.6833063
5956_OR4N2_ENST00000315947.1_ENSG00000176294,OR4N2,-0.17487364,-0.12603366,0.17998451,-0.65293455
5957_OR51B4_ENST00000380224.1_ENSG00000183251,OR51B4,-0.09619683,-0.5166389,-0.20545101,-0.40552378
5958_OR51B5_ENST00000300773.2_ENSG00000167355,OR51B5,-0.58886933,-0.52516586,0.11548284,-0.46472538
5959_OR7A10_ENST00000248058.1_ENSG00000127515,OR7A10,-0.21275508,-0.022759667,-0.049249794,0.5114039
595_ASXL1_P1P2_ENSG00000171456,ASXL1,-0.105476014,-0.68310857,-0.15027466,-0.39864135
5960_OR7A17_ENST00000327462.2_ENSG00000185385,OR7A17,-0.5896044,-0.41653365,-0.4513569,-0.5924512
5961_ORAI1_P1P2_ENSG00000276045,ORAI1,0.3180463,0.1384742,-0.41631928,0.21503785
5962_ORAI2_P1P2_ENSG00000160991,ORAI2,-0.2639686,-0.15010034,-0.37358022,-0.16397169
5963_ORAI3_P1P2_ENSG00000175938,ORAI3,0.45635822,-0.40914553,-0.33189023,0.0024721134
5965_ORC1_P1P2_ENSG00000085840,ORC1,-0.34620416,0.21588024,1.9416343,0.1602395
5966_ORC2_P1P2_ENSG00000115942,ORC2,-0.4697781,-0.7083397,1.9847019,-0.7628039
5967_ORC3_P1P2_ENSG00000135336,ORC3,-0.49604055,-0.77294505,1.0128939,-0.81454575
5968_ORC4_P1P2_ENSG00000115947,ORC4,-0.6002251,-0.8247211,2.5002313,-0.23053738
5969_ORC5_P1P2_ENSG00000164815,ORC5,-1.5041257,-1.2807492,6.8318396,-2.2908788
596_ASXL2_P1P2_ENSG00000143970,ASXL2,-0.49615,-1.1270605,-0.28297815,-0.32899764
5970_ORC6_P1P2_ENSG00000091651,ORC6,0.12651154,-1.0090253,4.2909226,-0.96053016
5971_ORMDL1_P1P2_ENSG00000128699,ORMDL1,0.13789439,-0.14132223,-0.38318637,0.13916297
5972_ORMDL2_P1P2_ENSG00000123353,ORMDL2,-0.4666572,-0.03715271,-0.33693936,-0.6253568
5973_ORMDL3_P1P2_ENSG00000172057,ORMDL3,-0.21798064,-0.47915712,-0.020105256,-0.62135094
5974_OS9_P1P2_ENSG00000135506,OS9,-0.18924618,-0.0120048495,-0.51701736,-0.5522008
"5975_OSBP2_ENST00000332585.6,ENST00000446658.2_ENSG00000184792",OSBP2,0.22879411,-0.085211866,-0.0012682071,-0.82283926
5976_OSBPL11_P1P2_ENSG00000144909,OSBPL11,-0.93231606,-0.21941261,0.3474197,0.29421416
5977_OSBPL2_P1P2_ENSG00000130703,OSBPL2,-0.34128392,-0.88170415,-0.052207112,-0.6705898
5978_OSBPL3_P1P2_ENSG00000070882,OSBPL3,-0.2045054,0.28164902,0.46622306,-0.5333184
5979_OSBPL5_P1P2_ENSG00000021762,OSBPL5,-0.20688672,-0.5050858,0.015857244,-0.288355
597_ATAD1_P1P2_ENSG00000138138,ATAD1,-0.012370859,0.31311214,-0.15687369,0.015097625
5980_OSBPL6_P1P2_ENSG00000079156,OSBPL6,-0.011508728,-0.09641571,-0.29680413,0.37829193
5981_OSBPL8_P1P2_ENSG00000091039,OSBPL8,-0.2767703,0.08892708,-0.25076866,-0.12170081
5982_OSBPL9_P1P2_ENSG00000117859,OSBPL9,0.058410417,2.0028667,0.027059378,-0.085405864
5983_OSBP_P1P2_ENSG00000110048,OSBP,-0.14635563,0.5065612,-0.4706042,0.71031296
5984_OSER1_P1P2_ENSG00000132823,OSER1,-0.041699264,-0.011118843,-0.0739353,-0.12851818
5985_OSGEP_P1P2_ENSG00000092094,OSGEP,0.5630892,-0.15539864,-0.7187361,-0.43901312
5986_OSGIN2_P1P2_ENSG00000164823,OSGIN2,-0.32461616,-0.6061111,0.83643985,-0.5672176
5987_OSR1_P1P2_ENSG00000143867,OSR1,-0.2839967,-0.60924476,0.23217726,-1.6620213
5988_OSR2_P1P2_ENSG00000164920,OSR2,-0.66434956,-0.637769,0.41210747,-0.12111423
5989_OST4_P1P2_ENSG00000228474,OST4,0.24865977,0.91404974,0.16382529,-0.07388989
598_ATAD2B_P1P2_ENSG00000119778,ATAD2B,-0.43440247,0.066936016,-0.27949992,0.19346716
5990_OSTC_P1P2_ENSG00000198856,OSTC,0.069324,0.9027104,-0.37381727,-0.18171372
5991_OSTF1_P1P2_ENSG00000134996,OSTF1,0.079503305,-0.9665026,-0.07037608,-1.1964444
5992_OSTM1_P1P2_ENSG00000081087,OSTM1,0.08814779,-0.06588192,0.3846577,-0.160823
5993_OTOP1_P1P2_ENSG00000163982,OTOP1,-0.4731353,0.17887774,-0.03530527,-0.20781817
5994_OTP_P1P2_ENSG00000171540,OTP,-0.43410948,0.3872677,0.45277664,0.50503653
5995_OTUB1_P1P2_ENSG00000167770,OTUB1,-0.018224683,-0.08020084,0.26162812,0.13749671
5996_OTUD4_P1P2_ENSG00000164164,OTUD4,-0.14688282,0.3266433,0.30949193,-0.6661722
5997_OTUD5_P1P2_ENSG00000068308,OTUD5,0.7552392,-0.14230983,-0.20773059,-0.037905596
5998_OTUD6B_P1P2_ENSG00000155100,OTUD6B,-0.3011578,0.5369576,0.32687682,-1.1320331
5999_OTUD7B_P1P2_ENSG00000264522,OTUD7B,-0.2953315,0.053499237,-0.44637313,0.66600174
599_ATAD2_P1P2_ENSG00000156802,ATAD2,-0.19753708,-0.25135124,-0.7853737,0.36378968
59_ABO_P2_ENSG00000175164,ABO,0.21024211,-1.0280437,0.18443725,-0.6259334
5_AAGAB_P1P2_ENSG00000103591,AAGAB,0.08512681,0.25782526,0.5439003,-0.1097765
6000_OTX1_P1P2_ENSG00000115507,OTX1,0.14994992,-0.053289402,-0.30749676,0.43554577
6001_OTX2_P1P2_ENSG00000165588,OTX2,-0.23239374,0.5003014,-0.13115804,-0.63661754
6002_OVCA2_P1P2_ENSG00000262664,OVCA2,-0.065255694,-0.06364215,-0.023684869,-0.2298846
6003_OVOL1_P1P2_ENSG00000172818,OVOL1,0.17233521,0.3650216,-0.7800208,0.057301022
6004_OVOL2_P1P2_ENSG00000125850,OVOL2,-0.11702874,-0.18187857,0.0068983426,0.19108231
6005_OVOL3_ENST00000262637.4_ENSG00000105261,OVOL3,-0.29316574,-0.24925838,0.08660823,-0.092029214
6006_OXA1L_P1P2_ENSG00000155463,OXA1L,8.649521,2.7554016,-2.4415112,3.318849
6007_OXCT1_P1P2_ENSG00000083720,OXCT1,0.33255383,-0.0552627,-0.85979307,-0.86736804
6008_OXLD1_P1P2_ENSG00000204237,OXLD1,0.36214685,-0.33144996,-0.4242877,0.09348707
6009_OXNAD1_P2_ENSG00000154814,OXNAD1,0.43563062,-0.22606465,0.010594672,-0.35631
600_ATAD3A_P1P2_ENSG00000197785,ATAD3A,3.5466528,0.85023934,0.053171903,1.801443
6010_OXNAD1_P1_ENSG00000154814,OXNAD1,0.3161204,0.2825719,0.63309914,0.46402815
6011_OXR1_ENST00000312046.6_ENSG00000164830,OXR1,0.9826307,0.07880373,-0.24521515,0.2592685
6012_OXSM_P1P2_ENSG00000151093,OXSM,0.8228594,-1.1847559,-0.7236021,-0.15378313
6013_OXSR1_P1P2_ENSG00000172939,OXSR1,0.08141856,-0.9366649,-0.047032267,-0.65549654
6014_P2RX1_P1P2_ENSG00000108405,P2RX1,-0.26719016,-0.00012582768,-0.14858988,0.11020982
6015_P2RX4_P1P2_ENSG00000135124,P2RX4,0.1188215,-0.31262287,-0.40646043,-0.89344716
6016_P2RX5_P1P2_ENSG00000083454,P2RX5,-0.60145617,0.3996291,0.08048056,-0.46897212
6017_P2RY1_P1P2_ENSG00000169860,P2RY1,0.73920685,-0.7434572,-0.09206694,-0.17588933
6018_P4HA1_P1P2_ENSG00000122884,P4HA1,-0.48844427,-0.19247232,-0.41163328,-0.45813197
6019_P4HA2_P1P2_ENSG00000072682,P4HA2,-0.49951652,-0.4610001,-0.28046522,-0.1906058
601_ATAD3B_P1_ENSG00000160072,ATAD3B,0.5368972,-0.02196865,-0.5315446,-0.55534065
6020_P4HB_P1P2_ENSG00000185624,P4HB,0.1926128,0.63390744,-0.58284634,0.700165
6021_PA2G4_P1P2_ENSG00000170515,PA2G4,-0.17639433,-0.09990207,0.25457817,-0.5887299
6022_PAAF1_P1P2_ENSG00000175575,PAAF1,-0.5557316,-0.24966905,-0.6719476,-0.6793642
6023_PABPC1L_P1P2_ENSG00000101104,PABPC1L,-0.339609,-0.16592076,-0.38847652,-0.155372
6024_PABPC1_P1P2_ENSG00000070756,PABPC1,-0.37072664,-0.4431717,2.668962,0.38455737
6025_PABPC4_P1P2_ENSG00000090621,PABPC4,-0.056737076,-0.31498104,-0.31635633,0.69705606
6026_PABPN1_P1P2_ENSG00000100836,PABPN1,-0.89573854,0.4448006,0.76023704,-0.05344354
6027_PACRGL_P1P2_ENSG00000163138,PACRGL,-0.3431411,-0.8487314,-0.9540836,0.2353972
6028_PACS1_P1P2_ENSG00000175115,PACS1,-0.13634631,0.17267945,-0.18134758,-0.35852954
6029_PACS2_P1P2_ENSG00000179364,PACS2,0.8155906,0.2327206,0.4679504,0.59894496
602_ATAD5_P1P2_ENSG00000176208,ATAD5,-0.7205303,-0.54949874,2.063605,-0.10853877
6030_PACSIN2_P1P2_ENSG00000100266,PACSIN2,0.48681656,-0.3984273,-0.58003986,-0.20050468
6031_PACSIN3_P1P2_ENSG00000165912,PACSIN3,-0.30822477,-0.6007546,-0.30805704,-0.25525743
6032_PAF1_P1P2_ENSG00000006712,PAF1,-0.45991933,-0.84827816,-0.39002424,-0.13787064
6033_PAFAH1B1_P1P2_ENSG00000007168,PAFAH1B1,-0.18071459,0.5093598,0.8129964,-0.49719858
6034_PAFAH1B2_P1P2_ENSG00000168092,PAFAH1B2,-0.3933301,-0.7318887,0.03219508,-0.50752103
6035_PAFAH1B3_P1P2_ENSG00000079462,PAFAH1B3,-0.47154102,0.14280997,-0.08826202,-0.33961543
6036_PAGE1_P1P2_ENSG00000068985,PAGE1,-0.1991882,-0.3983281,0.4244018,-0.60211694
6037_PAGE2B_P1P2_ENSG00000238269,PAGE2B,-0.34447816,-0.14917313,-0.0550094,-0.88443184
6038_PAGE5_P1P2_ENSG00000158639,PAGE5,-0.14564566,-0.9524909,-0.5743359,-0.38956568
6039_PAGR1_P1P2_ENSG00000280789,PAGR1,-0.39764512,0.7248169,-0.44486162,-0.61887246
603_ATE1_P1P2_ENSG00000107669,ATE1,0.22760366,0.27628905,0.29150555,-0.54971015
6040_PAICS_P1P2_ENSG00000128050,PAICS,-0.3814862,-0.03285385,2.033491,1.3546402
6041_PAIP1_P1P2_ENSG00000172239,PAIP1,-0.42239192,-0.18092309,-0.12430013,-0.3902535
6042_PAIP2_P1P2_ENSG00000120727,PAIP2,0.21360868,-0.37162384,-0.0073952954,0.11832557
6043_PAK1IP1_P1P2_ENSG00000111845,PAK1IP1,0.3550254,-0.82067597,-0.42082834,-0.57077897
6044_PAK1_ENST00000356341.3_ENSG00000149269,PAK1,0.8748058,0.32806316,0.39964437,0.6919178
6045_PAK2_P1P2_ENSG00000180370,PAK2,0.20410328,-0.10021387,-0.8968444,0.52284503
6046_PAK4_P1P2_ENSG00000130669,PAK4,-0.18263897,-0.6583769,0.47933564,-0.21834707
6047_PALB2_P1P2_ENSG00000083093,PALB2,0.124225065,-0.3043197,0.3137768,-0.045656517
6048_PALM3_ENST00000340790.4_ENSG00000187867,PALM3,-0.61279273,0.430213,0.5004156,-0.806448
6049_PALM_P1P2_ENSG00000099864,PALM,0.07738161,0.3514223,0.040510252,0.1321727
604_ATF1_P1P2_ENSG00000123268,ATF1,-0.56309986,-0.44254133,-0.042242363,-0.36037725
6050_PAM16_P1P2_ENSG00000217930,PAM16,12.7134695,4.9816933,-2.273333,5.5891185
6051_PAM_ENST00000304400.7_ENSG00000145730,PAM,0.46976367,-0.5538425,0.3414971,0.12016935
6052_PAM_ENST00000438793.3_ENSG00000145730,PAM,0.5233191,0.1168668,-0.582599,-0.33823657
6053_PAN2_P1P2_ENSG00000135473,PAN2,-0.16943228,0.11232298,-0.61374474,-0.005193204
6054_PAN3_P1P2_ENSG00000152520,PAN3,0.25470498,0.38860497,-0.35410786,-0.4549075
6055_PANK2_P1P2_ENSG00000125779,PANK2,-0.021991529,-0.17929737,-0.44984838,0.0026995242
6056_PANK3_P1P2_ENSG00000120137,PANK3,-0.735866,-0.06378988,0.28291997,-0.8981996
6057_PANK4_P1P2_ENSG00000157881,PANK4,-0.5255167,-0.01737684,-0.37202802,-0.36742452
6058_PANX1_P1P2_ENSG00000110218,PANX1,0.28925267,-0.36601472,0.39163467,0.34068635
6059_TENT2_P1P2_ENSG00000164329,TENT2,0.923702,-1.331624,-0.2896408,0.7654704
605_ATF2_P1P2_ENSG00000115966,ATF2,-0.066994004,0.9865044,-0.40970984,0.34211978
6060_TENT4B_P1P2_ENSG00000121274,TENT4B,-0.033843067,-0.5667112,-0.5821111,-0.11945543
6061_TENT4A_ENST00000230859.6_ENSG00000112941,TENT4A,0.41104442,0.07262613,-0.6687256,-0.25466514
6062_PAPOLA_P1P2_ENSG00000090060,PAPOLA,0.84111196,1.4674023,0.7847456,4.2197185
6063_PAPOLG_P1P2_ENSG00000115421,PAPOLG,-0.4034586,-0.31358254,0.2734902,-0.39097643
6064_PAPSS1_P1P2_ENSG00000138801,PAPSS1,0.37265787,0.6762718,0.22831304,0.13607115
6065_PAQR3_P1P2_ENSG00000163291,PAQR3,-0.58346844,-0.61493224,0.002158559,-0.549758
6066_PAQR4_P1P2_ENSG00000162073,PAQR4,-0.5867795,0.43993542,-0.06591461,-0.27233052
6067_PAQR8_P1P2_ENSG00000170915,PAQR8,0.3171302,-0.39348796,0.55410177,-0.17274056
6068_PARD3_P1P2_ENSG00000148498,PARD3,-0.21990667,-0.4537034,0.4961154,-0.8221015
6069_PARD6B_P1P2_ENSG00000124171,PARD6B,-1.1234857,-0.5930424,0.4734677,-0.5414689
606_ATF3_P1P2_ENSG00000162772,ATF3,-0.025138278,0.08271881,-0.13819312,-0.3894107
6070_PARG_ENST00000402038.3_ENSG00000227345,PARG,0.086854696,-0.1560252,-0.28711393,-0.2736933
6072_PARL_P1P2_ENSG00000175193,PARL,0.40826952,0.34205687,-0.6405438,0.2637984
6073_PARN_P1P2_ENSG00000140694,PARN,-0.19232248,-0.34780505,0.29313436,0.12515567
6074_PARP12_P1P2_ENSG00000059378,PARP12,-0.93705696,-1.4659687,0.9588907,-2.0129955
6075_PARP14_P1P2_ENSG00000173193,PARP14,-0.69553787,-0.58091706,-0.39616168,0.051943358
6076_PARP1_P1P2_ENSG00000143799,PARP1,-0.57156223,-0.6467812,0.8405758,-1.4478515
6077_PARP2_P1P2_ENSG00000129484,PARP2,-0.53184134,-0.5019551,-0.3568957,-0.15850918
6078_PARP4_P1P2_ENSG00000102699,PARP4,0.010873776,-0.29263976,-0.6172443,0.14283068
6079_PARP6_P1P2_ENSG00000137817,PARP6,0.012880213,-0.0103310915,0.14784212,-0.11700751
607_ATF4_P1P2_ENSG00000128272,ATF4,-1.7864631,-1.0507585,0.032654576,-1.5134168
6080_PARPBP_P1P2_ENSG00000185480,PARPBP,-0.18454611,0.40189478,-0.12612097,-0.70579404
6081_PARS2_P1P2_ENSG00000162396,PARS2,0.8143406,-0.9968271,-0.5806957,-0.15224
6082_PARVB_P1P2_ENSG00000188677,PARVB,-0.5836394,0.26604706,0.033445597,-0.5261508
6083_PASD1_P1P2_ENSG00000166049,PASD1,-0.47930208,-0.016570946,-0.20952083,0.16163176
6084_PASK_P1P2_ENSG00000115687,PASK,-1.4618584,-0.7066916,-0.22752179,-0.27162227
6085_PATL1_P1P2_ENSG00000166889,PATL1,0.8150578,0.7156267,-0.81437534,-0.15770067
6086_PATZ1_P2_ENSG00000100105,PATZ1,-1.188543,-0.35563576,-0.24710603,-0.06216651
6087_PATZ1_P1_ENSG00000100105,PATZ1,-0.5995643,0.069069974,-0.26539522,0.18445928
6088_PAX1_P1P2_ENSG00000125813,PAX1,-1.1339794,-2.024677,2.0195215,-0.5741301
6089_PAX2_P1P2_ENSG00000075891,PAX2,-0.00028867114,0.53991985,0.12748903,0.9647086
608_ATF5_P1P2_ENSG00000169136,ATF5,-1.9789585,-2.8260145,0.31736043,-1.6062384
6090_PAX3_P1P2_ENSG00000135903,PAX3,-0.10233563,0.052206166,-0.31052026,-0.55163705
6091_PAX4_ENST00000341640.2_ENSG00000106331,PAX4,-0.11094398,-0.29244,-0.38180956,-0.4025579
6092_PAX5_P1P2_ENSG00000196092,PAX5,-0.047738586,0.77559346,-0.48438737,-0.23250352
6093_PAX6_P1P2_ENSG00000007372,PAX6,0.7301287,0.24316911,-0.17541887,0.34505543
6094_PAX7_P1P2_ENSG00000009709,PAX7,-0.12114553,0.10682712,0.20958558,1.0918643
6095_PAX8_P1P2_ENSG00000125618,PAX8,-0.36555225,0.2546986,0.66559017,-0.4951299
6096_PAX9_P2_ENSG00000198807,PAX9,-1.236913,0.17489593,0.381172,-0.09949049
6097_PAX9_P1_ENSG00000198807,PAX9,-1.216367,0.42971492,-0.7497509,-1.0728369
6098_PAXBP1_P1P2_ENSG00000159086,PAXBP1,-0.6943864,-0.06814689,2.5840993,1.0487854
6099_PAXIP1_P1P2_ENSG00000157212,PAXIP1,0.2511172,1.8279445,-0.25495127,-0.5204141
609_ATF6B_P1P2_ENSG00000213676,ATF6B,-0.41848713,0.55426365,-0.42035466,0.16776803
60_ABRACL_P1P2_ENSG00000146386,ABRACL,-0.49080116,-0.738001,-0.012313551,0.17979299
6100_PBDC1_P1P2_ENSG00000102390,PBDC1,-0.42532083,-0.5198634,-0.29907078,-0.16469412
6101_PBK_P1P2_ENSG00000168078,PBK,-0.4523389,-0.28810894,-0.256897,-0.7657689
6102_PBRM1_P1P2_ENSG00000163939,PBRM1,-0.2923871,-1.2526149,0.25687754,0.464458
6103_PBX1_P1P2_ENSG00000185630,PBX1,-0.49919298,-0.17622423,-0.5254821,-0.5921617
6104_PBX2_P1P2_ENSG00000204304,PBX2,1.2831926,1.3838296,0.89335865,2.2263193
6105_PBX3_P1P2_ENSG00000167081,PBX3,0.3342283,0.3103485,-0.273214,-0.075429395
6106_PBX4_P1P2_ENSG00000105717,PBX4,0.25599566,0.8654403,-0.25440416,0.2593483
6107_PBXIP1_P1P2_ENSG00000163346,PBXIP1,0.23403431,-0.8719902,-0.64845216,-0.61138564
6108_PCBD1_P1P2_ENSG00000166228,PCBD1,-0.32628396,0.3018455,-0.8183865,0.63344663
6109_PCBD2_P1P2_ENSG00000132570,PCBD2,-0.7261728,-0.8595888,0.40321055,-0.4024868
610_ATF6_P1P2_ENSG00000118217,ATF6,-0.18104035,-0.35848695,0.12807187,0.31835166
6110_PCBP1_P1P2_ENSG00000169564,PCBP1,-0.06957898,0.038006105,0.034226958,0.8909993
6111_PCBP2_P1_ENSG00000197111,PCBP2,-0.116266035,-0.20322587,-0.72563076,0.13700488
6112_PCBP2_P2_ENSG00000197111,PCBP2,0.11353957,-0.30493814,-0.03881532,-0.3436313
6113_PCBP4_P2_ENSG00000090097,PCBP4,-0.07469898,1.0055741,-0.5058159,0.86644596
6115_PCCA_P1P2_ENSG00000175198,PCCA,-0.4257484,-0.16454035,-0.4106404,0.055088513
6116_PCCB_P1_ENSG00000114054,PCCB,0.18437941,-0.6353663,-0.25207728,-0.41213542
6117_PCCB_P2_ENSG00000114054,PCCB,-0.24753237,0.02793058,-0.24450973,-0.016985776
6119_PCF11_P1P2_ENSG00000165494,PCF11,-0.17068817,0.32617402,-0.17781043,-0.4435816
611_ATF7IP2_P1P2_ENSG00000166669,ATF7IP2,-0.5265874,1.4334142,0.4301828,-0.7597108
6120_PCGF1_P1P2_ENSG00000115289,PCGF1,0.06060839,0.33807218,-0.17647143,0.62395686
6121_PCGF2_P2_ENSG00000277258,PCGF2,-0.96782666,-0.40529507,-0.019242981,-1.420422
6122_PCGF2_P1_ENSG00000277258,PCGF2,-0.72265494,-0.47004625,-0.08874154,-0.35878846
6123_PCGF3_P1P2_ENSG00000185619,PCGF3,-0.7842675,-0.54063034,1.0873507,0.7388109
6124_PCGF5_ENST00000543648.1_ENSG00000180628,PCGF5,0.711754,0.10861445,-0.59986466,-0.042631168
6125_PCGF5_ENST00000336126.5_ENSG00000180628,PCGF5,-0.75645447,-0.5894463,-0.15464067,-0.30847117
6126_PCGF6_P1P2_ENSG00000156374,PCGF6,-0.7833992,-0.16988808,-0.052150093,0.030678758
6127_PCID2_P1_ENSG00000126226,PCID2,-0.4146557,-0.507722,3.015747,-0.8286008
6128_PCID2_P2_ENSG00000126226,PCID2,-0.25275555,-0.1687223,-0.31850377,-0.31677786
6129_PCIF1_P1P2_ENSG00000100982,PCIF1,-0.06878482,-0.2511754,-0.60351336,-0.029309986
612_ATF7IP_P1_ENSG00000171681,ATF7IP,-0.8252787,0.39428356,-0.1530008,-0.6662356
6130_PCK2_P1P2_ENSG00000100889,PCK2,-0.18495719,0.33258545,1.1471204,-0.38447002
6131_PCM1_P1P2_ENSG00000078674,PCM1,-0.086509824,0.12234631,0.07343934,-0.12465054
6132_PCMT1_P1P2_ENSG00000120265,PCMT1,0.31345814,0.52397037,-0.58978456,0.13763432
6133_PCMTD1_P1P2_ENSG00000168300,PCMTD1,-0.55041194,-0.2911344,0.5590801,-0.5166203
6134_PCMTD2_P1P2_ENSG00000203880,PCMTD2,-0.35284442,0.08489545,-0.16595352,-0.37930298
6135_PCNA_P1P2_ENSG00000132646,PCNA,0.20857964,-0.36699244,3.1219318,1.5006938
6136_PCNP_P1P2_ENSG00000081154,PCNP,0.029208569,0.8092725,-0.8407547,0.39414394
6137_PCNT_P1P2_ENSG00000160299,PCNT,-0.64044935,-0.42976025,0.32423297,-0.5056263
6138_PCNX3_P1P2_ENSG00000197136,PCNX3,-0.08746687,0.7839818,-0.12787408,0.39948604
6139_PCNX4_P1P2_ENSG00000126773,PCNX4,-0.5708571,-0.22249527,-0.2856018,-0.25869682
613_ATF7IP_P2_ENSG00000171681,ATF7IP,-0.57528794,0.16912518,0.04416476,-0.37824646
6140_PCOLCE2_P1P2_ENSG00000163710,PCOLCE2,-0.38975093,-0.19644995,-0.19725029,-0.12804525
6141_PCOLCE_P1P2_ENSG00000106333,PCOLCE,-0.33577606,-0.4138455,0.0056972113,0.042598143
6142_PCSK6_P1P2_ENSG00000140479,PCSK6,-0.10728453,-0.53142345,-0.21123934,-0.009117112
6143_PCSK7_P1P2_ENSG00000160613,PCSK7,-0.49730492,0.14984196,-0.5496433,-0.17217077
6144_PCSK9_P1P2_ENSG00000169174,PCSK9,0.22939096,0.3780613,-0.5569172,-0.13334279
6145_PCTP_P1P2_ENSG00000141179,PCTP,-0.099437505,0.12309387,-0.15697174,-0.12048067
6146_PCYOX1_P1P2_ENSG00000116005,PCYOX1,-0.69833124,-0.5839147,-1.0161965,0.106934
6147_PCYT1A_P1P2_ENSG00000161217,PCYT1A,0.7314946,1.455495,-1.8068507,1.0720793
6148_PCYT2_P1P2_ENSG00000185813,PCYT2,-0.1715983,-0.8123348,0.30452666,0.9274276
6149_PC_P1P2_ENSG00000173599,PC,0.024350058,-6.0168262e-05,-0.13156474,-0.12893607
614_ATF7_P1P2_ENSG00000170653,ATF7,0.21499172,0.35148147,-0.49075317,0.06310059
6150_PDAP1_P1P2_ENSG00000106244,PDAP1,1.2968104,1.0355335,-0.17029257,3.0776172
6151_PDCD10_P1P2_ENSG00000114209,PDCD10,-0.29000282,-0.44386673,0.50657463,-0.6778115
6152_PDCD11_P1P2_ENSG00000148843,PDCD11,0.30413184,-2.1916156,1.392891,0.15636119
6153_PDCD2L_P1P2_ENSG00000126249,PDCD2L,-0.048407502,-0.85688627,0.09687003,-0.50667167
6154_PDCD2_P1P2_ENSG00000071994,PDCD2,1.0883129,-0.12611374,0.7233772,0.3184452
6155_PDCD4_P2_ENSG00000150593,PDCD4,1.3744874,-0.6051003,-0.3379019,0.55764604
6156_PDCD4_P1_ENSG00000150593,PDCD4,0.078678206,-0.6831319,-0.45805886,-0.5450282
6157_PDCD5_P1P2_ENSG00000105185,PDCD5,-0.2596666,0.26408657,-0.4208586,0.6005853
6158_PDCD6IP_P1P2_ENSG00000170248,PDCD6IP,-0.37339914,-0.07455231,0.15896979,-0.50095755
6159_PDCD6_P1P2_ENSG00000249915,PDCD6,-0.11695529,-0.38153592,-0.3963786,-0.04470943
615_ATG10_P1P2_ENSG00000152348,ATG10,0.0631562,-0.45542157,-0.12870526,-0.5104204
6160_PDCD7_P1P2_ENSG00000090470,PDCD7,0.13230619,0.042941485,-0.3549505,-0.7307338
6161_PDCL3_P1P2_ENSG00000115539,PDCL3,-0.2552475,-0.33363512,-0.81722236,-0.17349719
6162_PDCL_P1P2_ENSG00000136940,PDCL,0.27048397,4.5058637,-0.3425946,-1.0552933
6163_GATD1_P1P2_ENSG00000177225,GATD1,0.5949648,-0.7898465,-0.13010478,3.1367993
6164_PDE12_P1P2_ENSG00000174840,PDE12,-0.32481346,-0.48901823,-0.25832555,-0.5209213
6165_PDE3B_P1P2_ENSG00000152270,PDE3B,-0.15769942,-0.39171815,-0.24658233,-0.85470134
6166_PDE4A_P2_ENSG00000065989,PDE4A,-0.8714878,-0.6247427,0.3607179,-0.9308988
6167_PDE4A_P1_ENSG00000065989,PDE4A,-0.86332303,-0.6138482,0.38707644,-0.5589325
6168_PDE4DIP_ENST00000313431.9_ENSG00000178104,PDE4DIP,-0.60265476,-0.52401596,0.58233964,-0.4578202
6169_PDE6D_P1P2_ENSG00000156973,PDE6D,-0.18022458,0.044688694,-0.4789737,-0.22897418
616_ATG12_P1P2_ENSG00000145782,ATG12,-0.557868,-0.86530364,1.1749444,0.44653833
6170_PDE7A_P1P2_ENSG00000205268,PDE7A,-0.6098881,-0.28080404,-0.022611843,0.059981998
6171_PDE8A_P2_ENSG00000073417,PDE8A,-0.53637266,0.077855214,-1.1611252,0.95426327
6172_PDE8A_P1_ENSG00000073417,PDE8A,-0.120502055,0.54548204,-0.3271999,0.55813164
6173_PDF_P1P2_ENSG00000258429,PDF,-0.057638664,-0.1392391,-0.07880135,0.26399302
6174_PDGFA_P1P2_ENSG00000197461,PDGFA,0.427334,-0.8962299,-0.30741775,-0.06482804
6175_PDHA1_P1P2_ENSG00000131828,PDHA1,-0.028830364,-0.3872748,0.8540559,-0.3999363
6176_PDHB_P1P2_ENSG00000168291,PDHB,-0.39927128,-1.3405521,0.83685756,-1.5496954
6177_PDHX_P1P2_ENSG00000110435,PDHX,0.14274704,-0.22376065,0.16919178,-0.42856193
6178_PDIA3_P1P2_ENSG00000167004,PDIA3,-0.1862631,-0.57287204,-0.77868545,-0.021608112
6179_PDIA4_P1P2_ENSG00000155660,PDIA4,-0.41000894,-0.47562277,0.15908723,-0.039649587
617_ATG13_P1P2_ENSG00000175224,ATG13,-0.6390548,-1.002231,0.19029641,-0.5424089
6180_PDIA5_P1P2_ENSG00000065485,PDIA5,-0.2946647,-0.19595379,0.66762793,0.08178145
6181_PDIA6_P1P2_ENSG00000143870,PDIA6,0.29923943,7.824083,2.524838,0.8916435
6182_PDIK1L_P1P2_ENSG00000175087,PDIK1L,-0.051703837,0.98687875,0.436532,0.8125941
6183_PDK1_P1P2_ENSG00000152256,PDK1,0.7469098,0.31739715,-0.063017026,0.03209997
6184_PDK2_P1P2_ENSG00000005882,PDK2,-0.24908099,0.62547094,-0.29503277,0.21393782
6185_PDLIM1_P1P2_ENSG00000107438,PDLIM1,-0.547564,-0.21911474,0.528177,-0.22112298
6186_PDLIM2_P1_ENSG00000120913,PDLIM2,-0.8298268,-0.64729923,0.5982685,-0.2835552
6187_PDLIM2_P2_ENSG00000120913,PDLIM2,2.6123064,-0.33083913,-1.5394653,0.5402166
6188_PDLIM4_P1P2_ENSG00000131435,PDLIM4,-0.9891857,-0.40387258,3.1165938,-1.1278262
6189_PDLIM5_P1P2_ENSG00000163110,PDLIM5,0.017251737,-0.81785864,1.1908613,0.06685751
618_ATG16L1_P1P2_ENSG00000085978,ATG16L1,-0.9302975,-1.0177175,-0.3473672,0.06111641
6190_PDLIM7_P2_ENSG00000196923,PDLIM7,0.100369595,-0.30415148,0.8017158,0.06777553
6191_PDLIM7_P1_ENSG00000196923,PDLIM7,0.085247666,-0.01648953,1.0854073,-0.9067097
6192_PDP2_P1P2_ENSG00000172840,PDP2,-0.9384172,-0.31011736,-0.039319158,-0.8355227
6193_PDPK1_P1P2_ENSG00000140992,PDPK1,-0.78699076,-0.4930032,0.54689455,-0.8213875
6194_PDPR_P1P2_ENSG00000090857,PDPR,0.116140366,0.18716723,0.025319424,0.34126797
6195_PDRG1_P1P2_ENSG00000088356,PDRG1,-0.9886004,-0.54675925,0.035895333,0.46825418
6196_PDS5A_P1P2_ENSG00000121892,PDS5A,0.41187626,-0.09090236,-0.64094794,0.09657022
6197_PDS5B_P1P2_ENSG00000083642,PDS5B,-0.538242,0.31751618,0.7469166,-0.5631365
6198_PDSS1_P1P2_ENSG00000148459,PDSS1,-0.39995366,-0.30406955,0.054877758,-0.21975903
6199_PDSS2_P1P2_ENSG00000164494,PDSS2,-0.97699773,-1.4301518,0.123413034,-1.3172816
619_ATG2A_P1P2_ENSG00000110046,ATG2A,0.8921611,-0.24065252,0.055345,-0.14306857
61_ABR_P1P2_ENSG00000159842,ABR,0.30097923,-0.27831239,1.0077461,-0.15585516
6200_PDX1_P1P2_ENSG00000139515,PDX1,-0.39331707,0.0022438266,0.042803314,0.04832595
6201_PDXDC1_P1P2_ENSG00000179889,PDXDC1,-0.29992542,-0.7170342,-0.9995505,0.05453585
6202_PDXK_P1P2_ENSG00000160209,PDXK,-0.18481693,-0.6640749,1.7029123,-0.6032499
6203_PDXP_P1P2_ENSG00000241360,PDXP,-0.4217625,-0.4920077,-0.46003795,-0.32183236
6204_PDZD11_P1P2_ENSG00000120509,PDZD11,-0.24660583,0.48544276,0.06359977,0.08141671
6205_PDZD8_P1P2_ENSG00000165650,PDZD8,0.4975004,-0.8316402,0.65670615,0.0805666
6206_PEA15_P1P2_ENSG00000162734,PEA15,-0.017292349,0.19833791,0.22535542,-0.32673225
6207_PEAK1_P1P2_ENSG00000173517,PEAK1,-0.083345585,-0.66236335,0.120805554,-0.71598804
6208_PEBP1_P1P2_ENSG00000089220,PEBP1,-0.14711034,-0.62346107,-0.42620265,-0.12882344
6209_PECR_P1P2_ENSG00000115425,PECR,-0.310058,0.38604122,-0.15905368,-0.22540896
620_ATG2B_P1P2_ENSG00000066739,ATG2B,-0.75175583,0.39786232,-0.025376067,-0.5721164
6210_PEF1_P1P2_ENSG00000162517,PEF1,-0.31415263,-0.28383598,-0.45421356,-0.42296585
6211_PEG3_P1P2_ENSG00000198300,PEG3,-0.6991814,-0.19526882,-0.2387455,-0.6948796
6212_PELI1_P1P2_ENSG00000197329,PELI1,-0.039025832,-0.6194824,-0.5239568,-0.25682995
6213_PELO_P2_ENSG00000152684,PELO,0.062250122,-0.30641264,-0.22567064,-0.5376392
6214_PELO_P1_ENSG00000152684,PELO,4.563939,0.71714574,-0.70576644,3.790322
6215_PELP1_P1P2_ENSG00000141456,PELP1,-0.31463435,0.45241502,3.6039636,1.4983139
6216_PEMT_P1P2_ENSG00000133027,PEMT,-0.16565292,0.1754525,-0.55212355,0.28502652
6217_PEPD_P1P2_ENSG00000124299,PEPD,-0.20593508,0.6663063,-0.4288448,0.17608874
6218_PER3_P1P2_ENSG00000049246,PER3,-0.2902462,-0.38397503,-0.406104,-0.4941591
6219_PES1_P1P2_ENSG00000100029,PES1,-0.15561907,-1.1833646,0.5060161,0.92600554
621_ATG3_P1P2_ENSG00000144848,ATG3,0.74819845,-0.20889941,-0.51820296,-0.18670587
6220_PET100_P1P2_ENSG00000229833,PET100,0.8096102,1.4844227,1.1014434,0.29197976
6221_PET117_P1P2_ENSG00000232838,PET117,0.16408502,0.03994531,1.9435209,-0.509971
6222_PEX10_P2_ENSG00000157911,PEX10,-0.5189098,-0.7085589,-0.88035953,-0.2962496
6223_PEX10_P1_ENSG00000157911,PEX10,0.38349882,-0.5691111,-0.62653834,-0.109306306
6224_PEX11B_P1P2_ENSG00000131779,PEX11B,0.058618065,-0.30259147,-0.9050852,-0.16982666
6225_PEX13_P1P2_ENSG00000162928,PEX13,-0.5347782,-1.163448,1.1546457,-0.6360812
6226_PEX14_P1P2_ENSG00000142655,PEX14,-0.32426348,0.78847027,1.0095834,1.6069221
6227_PEX16_P1P2_ENSG00000121680,PEX16,-0.40444496,0.39803892,-0.44900545,0.34427875
6228_PEX19_P1P2_ENSG00000162735,PEX19,0.24212982,-0.49935213,0.4161742,0.39873192
6229_PEX1_P1P2_ENSG00000127980,PEX1,0.99121857,-0.2194858,-1.0812459,0.5979734
622_ATG4A_P1P2_ENSG00000101844,ATG4A,-0.5473097,-0.06658442,-0.09977244,-0.070008636
6230_PEX26_P1P2_ENSG00000215193,PEX26,0.16843027,-0.51585954,0.0490569,-1.1509609
6231_PEX2_P1P2_ENSG00000164751,PEX2,-0.43234107,0.13325137,-0.4260512,-0.21915959
6232_PEX3_P1P2_ENSG00000034693,PEX3,0.8636851,0.5375051,-0.46856582,0.9516525
6233_PEX5_P1P2_ENSG00000139197,PEX5,-0.16639449,-0.6476872,0.12743886,-0.36902583
6234_PEX6_P1P2_ENSG00000124587,PEX6,-1.0524652,-0.53227264,1.3759692,-0.4561647
6235_PEX7_P1P2_ENSG00000112357,PEX7,0.17117879,-0.77229565,-0.91562885,0.58656055
6236_PFAS_P1P2_ENSG00000178921,PFAS,1.0373707,-0.76412934,0.6986258,-0.31361553
6237_PFDN1_P1P2_ENSG00000113068,PFDN1,0.18114814,-0.28025728,-0.17983288,0.15373315
6238_PFDN2_P1P2_ENSG00000143256,PFDN2,-0.2832026,1.3962057,-0.6510233,2.6507576
6239_PFDN4_P1P2_ENSG00000101132,PFDN4,-0.47962192,-0.32992038,-0.23806217,0.0069422205
623_ATG4B_P1P2_ENSG00000168397,ATG4B,0.13821729,-0.36894903,-0.57353157,0.03391598
6240_PFDN5_P1P2_ENSG00000123349,PFDN5,0.13823795,-0.42727014,0.8089219,-0.12025632
6241_PFDN6_P1P2_ENSG00000204220,PFDN6,0.5049358,0.30182534,0.34888658,-0.10030491
6242_PFKFB2_P1P2_ENSG00000123836,PFKFB2,-0.5080385,0.31665674,0.108700626,-0.27716315
6243_PFKFB4_P1P2_ENSG00000114268,PFKFB4,-0.20401813,0.091695115,-0.18214862,-0.5379141
6244_PFKL_P1_ENSG00000141959,PFKL,-0.5162145,-0.31261528,0.025856286,-0.0271135
6245_PFKL_P2_ENSG00000141959,PFKL,-0.71382993,0.081961535,-0.14225447,-0.74633604
6246_PFKM_P1_ENSG00000152556,PFKM,-0.7514046,0.09785541,0.38130546,-0.47365573
6247_PFKM_P2_ENSG00000152556,PFKM,-0.4676439,0.0071121994,-0.23610757,0.039920676
6248_PFKP_P1P2_ENSG00000067057,PFKP,-0.315265,0.31576514,-0.09761,-0.5014608
6249_PFN1_P1P2_ENSG00000108518,PFN1,-0.5119853,-0.6113009,1.1525186,-0.26261443
624_ATG4C_P1P2_ENSG00000125703,ATG4C,-0.18548207,-0.92799443,-0.4896505,0.43889442
6250_PGAM1_P1P2_ENSG00000171314,PGAM1,-1.6908464,-2.3529294,2.7080352,-2.4573333
6251_PGAM5_P1P2_ENSG00000247077,PGAM5,1.1670436,-0.19215854,-0.86565596,0.6532605
6252_PGAP2_P1_ENSG00000148985,PGAP2,-0.59739566,0.6375986,-0.36778015,0.69006103
6253_PGAP2_P2_ENSG00000148985,PGAP2,-0.072667986,-0.12900302,0.06376986,-0.20638669
6254_PGBD1_P1P2_ENSG00000137338,PGBD1,0.46103576,-0.3615132,-0.19613713,-0.35352263
6255_PGBD2_P1P2_ENSG00000185220,PGBD2,-0.35023943,-0.5453484,-0.13848853,0.07850759
6256_PGD_P1P2_ENSG00000142657,PGD,1.0976514,1.2459671,-1.3401445,-0.8594962
6257_PGGT1B_P1P2_ENSG00000164219,PGGT1B,-0.29970172,-0.10633784,-0.31057897,-0.17172147
6258_PGK1_P1P2_ENSG00000102144,PGK1,-1.2361538,-1.7360909,1.7472242,-1.9737592
6259_PGLS_P1P2_ENSG00000130313,PGLS,-0.26828206,-0.24047433,-0.75385696,-0.6738421
625_ATG4D_P1P2_ENSG00000130734,ATG4D,-0.14371008,-0.5147004,-0.11851786,-0.2910835
6260_PGM2L1_P1P2_ENSG00000165434,PGM2L1,0.11374007,0.070084505,-0.8513737,0.4616015
6261_PGM2_P1P2_ENSG00000169299,PGM2,0.75650275,3.7263796,0.60452527,1.0185045
6262_PGM3_P1P2_ENSG00000013375,PGM3,-0.11891653,-0.33769575,-0.15172881,-0.27697542
6263_PGPEP1_P1P2_ENSG00000130517,PGPEP1,0.57425916,0.77817506,0.5050346,1.9958179
6264_PGP_P1P2_ENSG00000184207,PGP,0.18839861,-0.8753318,0.22804283,-0.41517627
6265_PGRMC1_P1P2_ENSG00000101856,PGRMC1,0.33784077,0.81706756,-0.31984594,0.5334002
6266_PGRMC2_P1P2_ENSG00000164040,PGRMC2,-0.5630502,0.040581994,-0.51926076,-0.8689284
6267_PGR_P1P2_ENSG00000082175,PGR,-0.18573761,-0.5856454,-0.6530832,0.08774643
6268_PGS1_P1P2_ENSG00000087157,PGS1,5.5032396,1.7108313,-1.8419274,1.611964
6269_PHACTR1_P1_ENSG00000112137,PHACTR1,-0.46540058,-0.6453449,-0.62813497,-0.32608393
626_ATG5_P1P2_ENSG00000057663,ATG5,-0.11006769,0.46529272,0.7999921,0.16293526
6270_PHACTR1_P2_ENSG00000112137,PHACTR1,-0.25040123,-0.42240125,-0.49487367,-0.6872115
6271_PHACTR2_P1P2_ENSG00000112419,PHACTR2,-0.4276357,0.0031342995,0.10655159,0.16486482
6272_PHACTR4_P1P2_ENSG00000204138,PHACTR4,-0.24860245,-0.74379635,0.25557402,-0.3516362
6273_PHAX_P2_ENSG00000164902,PHAX,-0.75771856,0.101996556,0.2657754,-0.009050115
6274_PHAX_P1_ENSG00000164902,PHAX,0.77933043,1.0144845,-1.1429553,2.80362
6275_PHB2_P1P2_ENSG00000215021,PHB2,9.574833,4.9231963,-1.8455096,4.6280375
6276_PHB_P1P2_ENSG00000167085,PHB,13.155684,6.8132305,-2.7921958,6.4362073
6277_PHC2_P1P2_ENSG00000134686,PHC2,0.5932072,-0.19058801,0.177143,-0.40611282
6278_PHC3_P1P2_ENSG00000173889,PHC3,-0.2330421,-0.6104892,-0.15282798,-0.38018143
6279_PHF10_P1P2_ENSG00000130024,PHF10,-0.85264033,0.39970773,2.0152247,1.3572916
627_ATG7_P1P2_ENSG00000197548,ATG7,-0.16986528,-0.7172983,0.14549337,-0.39095503
6280_PHF12_P1P2_ENSG00000109118,PHF12,0.14841549,-0.19813977,-0.91045034,-0.24914096
6281_PHF13_P1P2_ENSG00000116273,PHF13,0.0469978,-0.44881654,0.44517586,-0.511076
6282_PHF14_P1P2_ENSG00000106443,PHF14,0.29960433,-0.9794192,0.7305271,-0.32987252
6284_PHF1_P1P2_ENSG00000112511,PHF1,0.042991262,0.22381069,0.8699354,0.8485893
6285_PHF20L1_P1P2_ENSG00000129292,PHF20L1,-0.39904076,-0.3719335,-0.1387774,0.48700044
6286_PHF20_P1P2_ENSG00000025293,PHF20,-0.46780995,-0.62532485,0.4191049,0.78481424
6287_PHF21A_P1P2_ENSG00000135365,PHF21A,0.1455862,-0.44628346,-0.13310774,0.44469482
6288_PHF23_P1P2_ENSG00000040633,PHF23,-0.21316622,-1.4373327,1.029869,-0.78544074
6289_PHF2_P1P2_ENSG00000197724,PHF2,-0.068758234,-0.5571646,0.009266694,-0.52811795
628_ATG9A_P1P2_ENSG00000198925,ATG9A,-0.29626888,-0.32573092,-0.14896493,-0.3332491
6290_PHF3_P1P2_ENSG00000118482,PHF3,-0.90544635,-0.4244345,3.7685878,-1.3979799
6291_PHF5A_P1P2_ENSG00000100410,PHF5A,2.3012397,1.4513228,-0.40578696,1.1984011
6292_PHF6_P1P2_ENSG00000156531,PHF6,0.8068842,-0.6089654,-0.046109267,0.3600203
6293_PHF7_P1P2_ENSG00000010318,PHF7,-0.24231358,-0.17072302,-0.1999317,-0.031312518
6294_PHF8_P1P2_ENSG00000172943,PHF8,-0.21817216,-0.16717891,0.3439468,-0.12181283
6295_PHGDH_P1P2_ENSG00000092621,PHGDH,-0.6652159,-0.49437174,0.18755919,-0.33506507
6296_PHIP_P1P2_ENSG00000146247,PHIP,-0.021251898,-0.15253013,-0.4074022,-0.61082023
6297_PHKA2_P1P2_ENSG00000044446,PHKA2,-0.34228992,0.2553876,-0.23137431,-0.222411
6298_PHKB_P1P2_ENSG00000102893,PHKB,-0.534446,-0.3270954,-0.05253608,-0.20414215
6299_PHKG1_P1P2_ENSG00000164776,PHKG1,0.1255028,-0.17884955,1.3093263,-0.31393456
629_ATIC_P1P2_ENSG00000138363,ATIC,-0.4911246,-0.59247273,3.2596047,-0.5343793
62_ABT1_P1P2_ENSG00000146109,ABT1,0.31067172,-0.041617725,0.93453777,-0.5021409
6300_PHKG2_P1P2_ENSG00000156873,PHKG2,-0.10971876,-0.5670813,-0.35714942,-0.35303468
6301_PHLDA2_P1P2_ENSG00000181649,PHLDA2,-0.24003512,-0.5712349,0.096956216,-0.089227386
6302_PHLDB1_P1_ENSG00000019144,PHLDB1,-0.4938362,-0.55549717,-0.40718785,-0.72860944
6303_PHLDB1_P2_ENSG00000019144,PHLDB1,-0.35185748,-0.8507857,-0.13811542,-0.4554758
6304_PHLDB3_P1P2_ENSG00000176531,PHLDB3,0.103494026,0.54124856,0.5676071,0.31140494
6305_PHOSPHO2_P1P2_ENSG00000144362,PHOSPHO2,-0.26868647,0.6273829,-0.5030681,0.2953949
6306_PHOX2A_P1P2_ENSG00000165462,PHOX2A,0.23612125,-0.14674655,-0.11348159,-0.037903354
6307_PHOX2B_P1P2_ENSG00000109132,PHOX2B,0.112147465,-0.16280112,-0.38015792,-0.6688647
6308_PHPT1_P1P2_ENSG00000054148,PHPT1,-0.99016184,-0.1040196,-0.65221107,0.018164527
6309_PHRF1_P1P2_ENSG00000070047,PHRF1,-0.58398694,-0.23241225,-0.19658068,-0.100094184
630_ATL2_P1P2_ENSG00000119787,ATL2,-0.30821052,0.3062192,0.35141772,-0.39547324
6310_PHTF1_P1P2_ENSG00000116793,PHTF1,-0.9745504,5.94389,1.3646748,1.840188
6311_PHTF2_P1P2_ENSG00000006576,PHTF2,-0.32034022,-0.58713263,0.10549012,-0.14850621
6312_PHYHD1_P1P2_ENSG00000175287,PHYHD1,0.12408688,-0.99939287,-0.09679403,-0.52678007
6313_PHYH_P1P2_ENSG00000107537,PHYH,0.41624463,-0.56343746,-0.5286474,0.15027854
6314_PHYKPL_P1P2_ENSG00000175309,PHYKPL,-0.37019923,0.16872239,-0.091328844,-0.641238
6315_PI4K2A_P1P2_ENSG00000155252,PI4K2A,0.5619242,-0.7807332,-0.25946823,-0.045099836
6316_PI4K2B_P1P2_ENSG00000038210,PI4K2B,-0.12946245,0.17071237,-0.2956834,0.50389117
6317_PI4KA_P1P2_ENSG00000241973,PI4KA,-0.63159144,-0.3387668,0.56757927,0.7125791
6318_PI4KB_P1P2_ENSG00000143393,PI4KB,-0.35445628,-0.6985399,0.29295364,-0.7359728
6319_PIAS1_P1P2_ENSG00000033800,PIAS1,-0.3721776,0.37452623,0.39631933,0.32735828
631_ATL3_P1P2_ENSG00000184743,ATL3,-0.8693936,-0.33265924,0.24984786,-0.46164307
6320_PIAS2_P1_ENSG00000078043,PIAS2,-0.081902295,0.22393954,-0.39443642,-0.21434207
6321_PIAS2_P2_ENSG00000078043,PIAS2,0.10448824,0.19276784,-0.0998764,0.31794813
6322_PIAS3_P1P2_ENSG00000131788,PIAS3,-0.13364774,0.5173291,0.0232517,0.35658845
6323_PIAS4_P1P2_ENSG00000105229,PIAS4,-0.946978,-1.8098173,1.8749248,-1.3027459
6324_PIBF1_P1P2_ENSG00000083535,PIBF1,-0.704829,0.08243017,0.49848476,0.44519132
6325_PICALM_P1P2_ENSG00000073921,PICALM,-0.43076485,-0.6166216,-0.5330143,-0.0845229
6326_PICK1_P1P2_ENSG00000100151,PICK1,0.9002633,-1.2569824,0.18366657,-0.08778534
6327_PIEZO1_P1P2_ENSG00000103335,PIEZO1,-0.06886674,1.2075783,0.85762286,0.3865627
6328_PIF1_P2_ENSG00000140451,PIF1,-0.3067732,-0.28309393,-0.37661532,-0.49989823
6329_PIF1_P1_ENSG00000140451,PIF1,-0.16673091,-0.25318578,-0.5300207,-0.12630418
632_ATMIN_P1P2_ENSG00000166454,ATMIN,-0.6852047,-0.366112,1.3707007,-0.6330254
6330_PIGA_P1P2_ENSG00000165195,PIGA,0.23114386,-0.24260023,-0.2125373,0.24874038
6331_PIGB_P1P2_ENSG00000069943,PIGB,0.16353998,0.043328177,-0.47668725,0.3754565
6332_PIGC_P1P2_ENSG00000135845,PIGC,-0.63791096,-0.25450957,-0.64431703,0.408032
6333_PIGF_P1P2_ENSG00000151665,PIGF,-0.33341113,-0.3828633,-0.06925751,-0.356886
6334_PIGG_P1P2_ENSG00000174227,PIGG,0.06910761,0.5963698,0.17163408,0.5398543
6335_PIGH_P1P2_ENSG00000100564,PIGH,-0.43145448,-0.14849739,-0.16798003,-0.1884242
6336_PIGK_P1P2_ENSG00000142892,PIGK,0.03264406,-0.48229995,-0.46668452,-0.5661605
6337_PIGL_P1P2_ENSG00000108474,PIGL,0.66096747,-0.10025207,-0.34882078,-0.2218705
6338_PIGM_P1P2_ENSG00000143315,PIGM,-0.4554054,-0.54630345,-0.5292225,-0.40337768
6339_PIGN_P1P2_ENSG00000197563,PIGN,0.108833574,-0.72205126,0.07169072,-0.52198094
633_ATM_P1P2_ENSG00000149311,ATM,-0.65234786,0.050094027,-0.23797545,-0.42151374
6340_PIGO_P1P2_ENSG00000165282,PIGO,0.08890989,-0.79756254,0.2847936,-0.77772236
6341_PIGP_P1P2_ENSG00000185808,PIGP,-0.024100158,0.91716915,-0.70573497,0.26127958
6342_PIGQ_P1P2_ENSG00000007541,PIGQ,0.13228326,-0.13728313,0.045800224,-0.086458065
6343_PIGS_P2_ENSG00000087111,PIGS,0.7226776,-0.4437365,-0.9037618,-0.611661
6344_PIGS_P1_ENSG00000087111,PIGS,-0.61856025,-0.4868299,-0.5365541,-0.3244629
6345_PIGT_P1P2_ENSG00000124155,PIGT,-0.26465172,-0.46044347,-0.031793244,-0.20166744
6346_PIGU_P1P2_ENSG00000101464,PIGU,0.19412227,0.52687347,-0.39201164,-0.14204036
6347_PIGV_P1P2_ENSG00000060642,PIGV,-0.07601419,-0.53049314,0.23356521,-0.42475402
6348_PIGW_P1P2_ENSG00000277161,PIGW,0.1581718,-0.38782784,-0.30590576,0.19736826
6349_PIGX_P1P2_ENSG00000163964,PIGX,-0.071943685,-0.78650516,0.09473086,-0.18687686
634_ATN1_P1P2_ENSG00000111676,ATN1,-0.12632252,-0.39998764,0.18951635,-0.72967404
6350_PIH1D1_P1P2_ENSG00000104872,PIH1D1,0.21042262,-0.22180946,-1.0626618,0.26263526
6352_PIK3C3_P1P2_ENSG00000078142,PIK3C3,-0.0652091,-0.4920353,-0.17234363,-0.026931174
6353_PIK3CA_P1P2_ENSG00000121879,PIK3CA,-0.033351112,0.8903322,-0.07213147,0.80787235
6354_PIK3CB_P1P2_ENSG00000051382,PIK3CB,-0.03450148,0.13917398,-0.17667569,-0.5715691
6355_PIK3CD_P1P2_ENSG00000171608,PIK3CD,-0.5184487,0.6355945,-0.090265065,-0.71269315
6356_PIK3CG_P1P2_ENSG00000105851,PIK3CG,0.16185015,-0.880179,-0.013683912,-0.657824
6357_PIK3R1_P1P2_ENSG00000145675,PIK3R1,0.15108402,-0.37523687,0.2809481,-0.6467901
6358_PIK3R2_P1_ENSG00000105647,PIK3R2,-0.33353737,1.0039046,-1.1756296,0.7111843
6359_PIK3R2_P2_ENSG00000105647,PIK3R2,-0.31303254,-0.40537822,-0.3432414,0.18773884
635_ATOH1_P1P2_ENSG00000172238,ATOH1,-0.49180174,-0.109036356,-0.14557694,-0.5113004
6360_PIK3R4_P1P2_ENSG00000196455,PIK3R4,-0.9410497,-0.51930773,0.36437806,-0.86566335
6361_PIKFYVE_P1P2_ENSG00000115020,PIKFYVE,-0.101282105,-1.3101587,-1.1898847,-0.2816782
6362_PILRB_P1P2_ENSG00000121716,PILRB,0.07634508,-0.007162952,0.051802546,0.40165016
6363_PIM1_P1P2_ENSG00000137193,PIM1,-0.8124947,-1.0738353,0.5057839,-0.8062178
6364_PIM2_P1P2_ENSG00000102096,PIM2,-0.48088884,-0.66311264,0.40109754,-0.71262145
6365_PIM3_P1P2_ENSG00000198355,PIM3,-0.5281333,-0.44745567,-0.78206116,-0.854711
6366_PIN1_P1P2_ENSG00000127445,PIN1,-1.4676707,0.4271143,-0.9223707,-0.036266852
6367_PIN4_P1P2_ENSG00000102309,PIN4,-0.6311327,-0.6284667,0.7810376,-0.12884717
6368_PINK1_P1P2_ENSG00000158828,PINK1,-0.17510879,-0.36161318,-0.075094365,-0.5159385
6369_PINX1_P1P2_ENSG00000254093,PINX1,-0.21619266,-0.03481139,-0.42857486,0.00015294738
636_ATOH7_P1P2_ENSG00000179774,ATOH7,-0.6567179,-0.7176876,-0.08820106,-1.1369845
6370_PIP4K2A_P1P2_ENSG00000150867,PIP4K2A,-0.91090864,-0.43613115,0.21676016,-0.74744236
6371_PIP4K2B_P1P2_ENSG00000276293,PIP4K2B,-0.4478077,-0.0045010517,-0.58117414,-0.17275749
6372_PIP4K2C_P1P2_ENSG00000166908,PIP4K2C,-0.4485723,-0.41083893,2.8169315,-0.18139367
6373_PIP5K1A_P1P2_ENSG00000143398,PIP5K1A,-0.4279325,-0.4822433,1.7757733,-0.43345368
6374_PIP5K1C_P1P2_ENSG00000186111,PIP5K1C,-0.40526864,0.046250492,-0.009686454,-0.2722901
6375_PIR_P1P2_ENSG00000087842,PIR,0.10771767,-0.41431147,-0.22671868,-0.40027326
6376_PISD_ENST00000382151.2_ENSG00000241878,PISD,-0.20354567,0.37822026,-0.23929517,0.030867688
6377_PISD_ENST00000266095.5_ENSG00000241878,PISD,2.626121,0.4230356,-1.8240398,1.8256526
6378_PITHD1_P1P2_ENSG00000057757,PITHD1,1.1690519,-0.059729792,-0.19933031,-0.10802056
6379_PITPNA_P1P2_ENSG00000174238,PITPNA,0.12431685,-0.17887665,-0.28832155,-0.058911163
637_ATOH8_P1P2_ENSG00000168874,ATOH8,-0.46210662,0.49690986,-0.4470519,-0.9518687
6380_PITPNB_P1P2_ENSG00000180957,PITPNB,-0.014499495,-0.354328,0.08419598,0.07871047
6381_PITPNC1_P1P2_ENSG00000154217,PITPNC1,-0.40759203,-0.38102978,1.0675677,-0.3777352
6382_PITPNM1_P1P2_ENSG00000110697,PITPNM1,-0.16944194,-0.30173066,0.1725069,-0.2963354
6383_PITRM1_P1P2_ENSG00000107959,PITRM1,2.4072962,0.82725,-1.4109937,1.4283508
6384_PITX1_P1P2_ENSG00000069011,PITX1,0.016863355,0.51860154,-0.40929842,-0.26513132
6385_PITX2_P1_ENSG00000164093,PITX2,0.13895142,-0.12670529,-0.060084563,-0.003759818
6386_PITX2_P2_ENSG00000164093,PITX2,-0.29174846,0.32685375,0.98798174,-0.16089572
6387_PITX3_P1P2_ENSG00000107859,PITX3,0.07405733,0.08444965,-0.4927711,-0.23213121
6388_PIWIL4_P1P2_ENSG00000134627,PIWIL4,0.185894,0.11346059,-0.19951755,0.68529207
6389_PJA2_P1P2_ENSG00000198961,PJA2,0.22872669,-0.65452856,-0.1940836,-0.07577535
638_ATOX1_P1P2_ENSG00000177556,ATOX1,-0.07137237,1.771461,0.03402643,0.8486316
6390_PKIB_P1_ENSG00000135549,PKIB,0.43596655,-0.33531174,0.38202548,-0.6375433
6391_PKIB_P2_ENSG00000135549,PKIB,-0.81688076,1.1701193,-0.66860145,-0.6595483
6392_PKIG_P1P2_ENSG00000168734,PKIG,-0.07395874,-0.7325061,-0.05355741,-0.31696406
6393_PKLR_P1P2_ENSG00000143627,PKLR,-0.10757206,-0.8008533,0.13723667,-0.069855615
6394_PKMYT1_P1P2_ENSG00000127564,PKMYT1,-0.7488639,-0.19385765,-0.21004173,0.28892305
6395_PKM_P2_ENSG00000067225,PKM,-0.6066747,0.10910411,0.5044116,-0.45974118
6396_PKM_P1_ENSG00000067225,PKM,-1.3004122,-1.4192888,3.0574005,-1.7728542
6397_PKN1_P1_ENSG00000123143,PKN1,0.15456079,0.392782,-0.39415976,-0.20607544
6398_PKN1_P2_ENSG00000123143,PKN1,0.25800228,-0.04105363,-1.1876298,0.3411256
6399_PKN2_P1P2_ENSG00000065243,PKN2,0.004038721,-0.57104915,0.6605391,-0.53994596
639_ATP11A_P1P2_ENSG00000068650,ATP11A,0.19129321,-0.050846707,-0.82645607,0.14504561
63_ACAA1_P1P2_ENSG00000060971,ACAA1,-0.8265754,0.37268037,-0.4663853,0.18185677
6400_PKN3_P1P2_ENSG00000160447,PKN3,-0.15784098,0.09574128,-0.16177003,-1.3321207
6401_PKNOX1_P1P2_ENSG00000160199,PKNOX1,-0.022518674,0.3174423,0.18645479,0.14109425
6402_PKNOX2_P1P2_ENSG00000165495,PKNOX2,-0.5173724,0.21711545,-0.13531803,0.49825424
6403_PKP3_P2_ENSG00000184363,PKP3,-0.25608888,0.33774883,-0.20787811,-0.8038023
6404_PKP3_P1_ENSG00000184363,PKP3,0.040682398,-0.4584439,0.16780815,-0.3028369
6405_PKP4_P1P2_ENSG00000144283,PKP4,0.028859572,0.04746633,-0.256749,0.88509244
6406_PLA2G10_ENST00000438167.3_ENSG00000069764,PLA2G10,-0.20414433,0.22710302,-0.28136393,0.13751322
6407_PLA2G12A_P1P2_ENSG00000123739,PLA2G12A,0.4636268,-0.53474665,-0.55145663,-0.6685611
6408_PLA2G15_P1P2_ENSG00000103066,PLA2G15,-0.59517676,-0.55115557,-0.11858833,-0.587489
6409_PLA2G6_P1P2_ENSG00000184381,PLA2G6,-0.058271613,-0.74347025,-0.591363,0.11386568
640_ATP11B_P1P2_ENSG00000058063,ATP11B,1.9503512,0.6378531,-0.43285403,0.82193613
6410_PLAA_P1P2_ENSG00000137055,PLAA,-0.043907132,0.0447564,-0.34468243,0.382098
6411_PLAG1_P1P2_ENSG00000181690,PLAG1,0.03340823,0.410067,-0.08371629,0.24287233
6412_PLAGL1_P1_ENSG00000118495,PLAGL1,-0.32404065,-0.086257495,1.1064519,-0.35027125
6413_PLAGL1_P2_ENSG00000118495,PLAGL1,-0.25471368,-0.11001098,-0.18639605,-0.33819667
6414_PLAGL2_P1P2_ENSG00000126003,PLAGL2,-0.053009637,0.061676994,0.42170486,-0.103213385
6415_PLAUR_P1P2_ENSG00000011422,PLAUR,0.2915721,0.9591507,-0.41276443,-0.7722352
6416_PLBD1_P1P2_ENSG00000121316,PLBD1,0.9079551,-0.47368008,-1.2320505,0.58046925
6417_PLBD2_P1P2_ENSG00000151176,PLBD2,0.65601665,-0.4143546,-0.5186449,0.58789486
6418_PLCB1_P1P2_ENSG00000182621,PLCB1,-0.41337708,-0.76244366,-0.24711034,-0.28752357
6419_PLCB3_P1P2_ENSG00000149782,PLCB3,-0.5498196,0.036560193,-0.8777767,-0.0815741
641_ATP11C_ENST00000361648.2_ENSG00000101974,ATP11C,-0.15734382,0.23055653,-0.05020407,1.0898921
6420_PLCB4_P1P2_ENSG00000101333,PLCB4,0.08770504,0.037464783,-0.07875253,-0.6442036
6421_PLCD1_P1P2_ENSG00000187091,PLCD1,-0.5697236,-0.36192706,0.3178209,-0.7051149
6422_PLCD3_P1P2_ENSG00000161714,PLCD3,-0.35433048,0.34459215,-0.0128312055,-0.22294576
6423_PLCG1_P1P2_ENSG00000124181,PLCG1,-0.3384084,-0.747135,-0.07838848,-0.3826352
6424_PLCL2_P1P2_ENSG00000154822,PLCL2,0.079204194,-0.7212625,0.16964811,0.07586727
6425_PLCXD1_P2_ENSG00000182378,PLCXD1,0.38262212,0.44056472,0.6329762,-0.22109437
6426_PLCXD1_P1_ENSG00000182378,PLCXD1,-0.1191644,-1.2150942,0.10566163,-0.66028595
6427_PLD1_P1P2_ENSG00000075651,PLD1,-0.14190507,-0.5010129,-0.020721039,-0.373742
6428_PLD3_P2_ENSG00000105223,PLD3,-0.3607657,-0.4735838,-0.5924932,-0.5395797
6429_PLD3_P1_ENSG00000105223,PLD3,0.5202296,-0.17301051,0.4330239,1.030037
642_ATP13A1_P1P2_ENSG00000105726,ATP13A1,0.5018266,0.90786415,-1.365412,-0.69574386
6430_PLD6_ENST00000321560.3_ENSG00000179598,PLD6,-0.23870942,-0.30572742,-0.87538344,0.409526
6431_PLEC_P2_ENSG00000178209,PLEC,-0.8774502,-0.66480404,0.23589951,-0.92036855
6432_PLEC_P1_ENSG00000178209,PLEC,-0.036906913,-0.20002507,-0.2726196,-0.20321544
6433_PLEKHA1_P1P2_ENSG00000107679,PLEKHA1,-0.18489744,0.91210735,-0.29129118,-0.11566837
6434_PLEKHA2_P1P2_ENSG00000169499,PLEKHA2,0.0057551186,-0.44954064,-0.3541858,-0.15936168
6435_PLEKHA3_P1P2_ENSG00000116095,PLEKHA3,0.008749948,-0.023387678,0.17620382,-0.33375734
6436_PLEKHA4_P1P2_ENSG00000105559,PLEKHA4,0.33748835,0.72054595,-0.30614647,0.331934
6437_PLEKHA5_P1P2_ENSG00000052126,PLEKHA5,-0.25364983,1.320751,-0.13503642,1.0395184
6438_PLEKHA8_P1P2_ENSG00000106086,PLEKHA8,0.13355333,0.23532686,0.29047278,-0.111773096
6439_PLEKHB2_P1P2_ENSG00000115762,PLEKHB2,-0.27223054,0.2745889,-0.15364572,0.076435015
643_ATP13A2_P1P2_ENSG00000159363,ATP13A2,-0.12971166,0.056638353,-0.25110787,0.15231368
6440_PLEKHF1_P1P2_ENSG00000166289,PLEKHF1,-0.23152168,-0.30204687,0.014141796,0.028226892
6441_PLEKHF2_P1P2_ENSG00000175895,PLEKHF2,0.051722746,0.47090212,-0.09995851,-0.41374466
6442_PLEKHG2_P1P2_ENSG00000090924,PLEKHG2,0.01863525,0.11119063,0.025822118,-0.40092626
6443_PLEKHG4_P2_ENSG00000196155,PLEKHG4,-0.68425673,-0.050612096,-0.50352526,0.94771105
6444_PLEKHG4_P1_ENSG00000196155,PLEKHG4,-0.19664378,-0.69530815,0.17632113,0.036915917
6445_PLEKHH3_P1P2_ENSG00000068137,PLEKHH3,0.17816834,-0.5072306,0.27921516,-0.9972673
6447_PLEKHM2_P1P2_ENSG00000116786,PLEKHM2,-0.3590143,-0.05705473,0.082683675,-0.824209
6448_PLEKHN1_P1P2_ENSG00000187583,PLEKHN1,-0.32707205,-0.29495147,-0.031869553,0.010257009
6449_PLEKHO1_P1P2_ENSG00000023902,PLEKHO1,-0.3796521,-0.20454411,-0.1370565,-0.3704305
644_ATP13A3_P1P2_ENSG00000133657,ATP13A3,-0.72370106,-0.12726763,0.48002872,-0.012042381
6450_PLIN2_P2_ENSG00000147872,PLIN2,-0.19943622,0.21524599,-0.31190404,-0.40451574
6451_PLIN2_P1_ENSG00000147872,PLIN2,-0.27302903,-0.4190601,0.3384024,0.024831263
6452_PLIN3_P1P2_ENSG00000105355,PLIN3,-0.070089854,-0.019641988,-0.29257202,-0.71891165
6453_PLK1_P1P2_ENSG00000166851,PLK1,-0.7356909,0.35070848,0.41620633,-0.30299345
6454_PLK3_P1P2_ENSG00000173846,PLK3,-0.075623706,-0.30113643,-0.45151737,-0.12955166
6455_PLK4_P1P2_ENSG00000142731,PLK4,-0.17766614,-1.1912876,1.3550876,0.4169952
6456_PLOD1_P1P2_ENSG00000083444,PLOD1,0.34838188,-0.53704333,-0.008935878,0.94602215
6457_PLOD2_P1P2_ENSG00000152952,PLOD2,-0.3094254,0.13573349,0.27581954,-0.13129082
6458_PLOD3_P1P2_ENSG00000106397,PLOD3,0.43789452,-0.77323663,0.21413645,-0.64340675
6459_PLP2_P1P2_ENSG00000102007,PLP2,-0.63780653,-0.13434228,1.0421306,-0.7088315
645_ATP1A1_P1P2_ENSG00000163399,ATP1A1,-0.63159364,1.7133087,2.84206,-1.2601861
6460_PLRG1_P1P2_ENSG00000171566,PLRG1,-0.98521525,-0.31610176,0.8370743,0.7967073
6461_PLS1_P1_ENSG00000120756,PLS1,-0.043236386,-0.062048636,-0.79375494,0.2021005
6462_PLS1_P2_ENSG00000120756,PLS1,0.13622907,-0.3620048,-0.14127812,-0.5611339
6463_PLSCR1_P1P2_ENSG00000188313,PLSCR1,-0.29894105,-0.145933,0.024539161,-0.7883283
6464_PLSCR3_P2_ENSG00000187838,PLSCR3,-0.70157564,0.8085357,0.09422595,-1.5224733
6465_PLSCR3_P1_ENSG00000187838,PLSCR3,-0.13887487,-0.73433745,0.16954899,-0.07217019
6466_PLTP_P2_ENSG00000100979,PLTP,-0.09200051,-0.039533213,-0.020270063,-0.70186406
6467_PLTP_P1_ENSG00000100979,PLTP,0.086886115,-0.562345,-0.420072,0.43272862
6468_PLXNA1_ENST00000393409.2_ENSG00000114554,PLXNA1,-0.16415259,-0.73480386,-0.4682117,-0.28903258
6469_PLXNB1_P1P2_ENSG00000164050,PLXNB1,-0.3678455,-0.030613726,-0.29818127,-0.20730798
646_ATP1B3_P1P2_ENSG00000069849,ATP1B3,-0.33751148,-0.41360465,1.0916771,-0.83169633
6470_PLXNB2_P1P2_ENSG00000196576,PLXNB2,-0.53941125,-0.18370767,-0.7630269,-0.19733125
6471_PLXND1_P1P2_ENSG00000004399,PLXND1,0.16833557,-0.22815558,-0.24933998,-0.39238682
6472_PMAIP1_P1P2_ENSG00000141682,PMAIP1,0.0045612296,-0.48840302,-0.4689606,-0.00386274
6474_PMF1_P1P2_ENSG00000160783,PMF1,2.1935544,8.123319,-0.21393473,2.60101
6475_PML_P1P2_ENSG00000140464,PML,0.382657,0.053395096,-0.58259445,0.5849859
6476_PMM1_P1P2_ENSG00000100417,PMM1,-0.43924448,0.17143433,0.385536,-0.46046796
6477_PMM2_P1P2_ENSG00000140650,PMM2,0.25830576,0.7060084,-0.21407118,-0.12964675
6478_PMP22_P1P2_ENSG00000109099,PMP22,0.094039775,-0.08723329,-0.1161298,-0.20139214
6479_PMPCA_P1P2_ENSG00000165688,PMPCA,6.60909,2.6644375,-2.28669,2.9000397
647_ATP2A2_P1P2_ENSG00000174437,ATP2A2,-0.042099614,0.51039475,-0.11128954,-0.49531284
6480_PMPCB_P1_ENSG00000105819,PMPCB,8.967331,3.5361707,-2.0906456,4.0083346
6481_PMPCB_P2_ENSG00000105819,PMPCB,-0.39238235,-0.72669584,-0.44049898,-0.13116227
6482_PMS1_P1P2_ENSG00000064933,PMS1,-0.3207033,0.5098887,-0.3280177,-0.120727584
6483_PMS2_P1P2_ENSG00000122512,PMS2,0.120246634,-0.69495493,-0.021519635,-0.31003863
6484_PMVK_P1P2_ENSG00000163344,PMVK,-0.30313936,-0.4686883,0.57602286,-0.4605966
6485_PNISR_P2_ENSG00000132424,PNISR,-0.108289294,-0.30443648,0.11761612,0.0746171
6486_PNISR_P1_ENSG00000132424,PNISR,0.10000684,-0.5199849,5.2059383,0.18064089
6487_PNKD_ENST00000258362.3_ENSG00000127838,PNKD,-0.64603496,-0.65575504,0.14342731,-1.6015166
6488_PNKP_P1P2_ENSG00000039650,PNKP,-0.3168317,-0.63630676,0.7666877,0.050620414
6489_PNMA1_P1P2_ENSG00000176903,PNMA1,-0.5458099,-0.025893014,0.36413297,-0.22462383
648_ATP2A3_P1P2_ENSG00000074370,ATP2A3,-0.58007455,-0.49159384,-0.32115397,-0.20597681
6490_PNMA8A_P1P2_ENSG00000182013,PNMA8A,-0.4430634,0.56221855,-0.3551679,-0.9270983
6491_PNMT_P1P2_ENSG00000141744,PNMT,0.23537004,-0.61732703,-0.039537128,0.2986801
6492_PNN_P1P2_ENSG00000100941,PNN,-0.23618518,-1.1363384,1.8056712,-0.7035612
6493_PNO1_P1P2_ENSG00000115946,PNO1,-0.071686216,0.325174,1.0232792,-0.7413021
6494_PNPLA2_P1P2_ENSG00000177666,PNPLA2,-0.6748076,-0.40096417,0.1276036,-0.015859347
6495_PNPLA4_P1P2_ENSG00000006757,PNPLA4,-0.045438893,-0.17537406,-0.10658201,0.056263734
6496_PNPLA6_P1P2_ENSG00000032444,PNPLA6,0.052364375,0.14533584,-0.44927424,0.23812096
6497_PNPLA8_P1P2_ENSG00000135241,PNPLA8,0.18376008,0.16074957,-0.40997362,-0.15028024
6498_PNPO_P1P2_ENSG00000108439,PNPO,0.17629792,-0.60611796,0.030635,-0.35721806
6499_PNPT1_P1P2_ENSG00000138035,PNPT1,3.8370159,1.4944291,-0.16267428,3.2605493
649_ATP2B1_P1P2_ENSG00000070961,ATP2B1,-0.2721832,-0.5184633,0.028138844,-0.43176574
64_ACAA2_P1P2_ENSG00000167315,ACAA2,-0.432229,0.48754105,-0.37850854,0.036601838
6500_PNP_P1P2_ENSG00000198805,PNP,-0.58800256,-0.11789149,-0.3542325,-0.023902869
6501_PNRC1_P1P2_ENSG00000146278,PNRC1,-0.06853902,-0.4864247,-0.33260652,-0.655701
6502_PNRC2_P1P2_ENSG00000189266,PNRC2,-0.38761967,-0.68198204,0.39758897,-0.34735838
6503_POC1A_P1P2_ENSG00000164087,POC1A,0.18229595,-0.19872053,-0.08885666,-0.03881521
6504_POC1B_P1P2_ENSG00000139323,POC1B,-0.3710917,0.3770887,-0.3363444,0.17291942
6505_POC5_P1P2_ENSG00000152359,POC5,0.4674243,-0.5055493,0.3088515,-0.3092126
6506_PODXL2_P1P2_ENSG00000114631,PODXL2,-0.0036422731,0.29696366,-0.34002393,-0.92042667
6507_POFUT1_P1P2_ENSG00000101346,POFUT1,0.39866224,0.1865586,-0.27933747,0.3636926
6508_POFUT2_P1P2_ENSG00000186866,POFUT2,-0.69151264,-0.49980003,-0.36851442,-0.004307683
6509_POGK_P1P2_ENSG00000143157,POGK,-0.35179952,0.1933362,0.45555013,-0.13581887
650_ATP2B4_P1P2_ENSG00000058668,ATP2B4,-0.9448115,-0.7340723,0.27263844,-0.56175536
6510_POGLUT1_P1P2_ENSG00000163389,POGLUT1,0.17686701,0.07183666,-0.17448,0.15129349
6511_POGZ_P1P2_ENSG00000143442,POGZ,-0.81691694,0.3048961,0.46335688,-1.1213218
6512_POLA1_P1P2_ENSG00000101868,POLA1,-0.295168,0.68309444,2.701085,-0.64685225
6513_POLA2_P1P2_ENSG00000014138,POLA2,-0.22318146,-0.17935449,3.6639829,1.157218
6514_POLB_P1P2_ENSG00000070501,POLB,-0.013007923,-0.4669844,-0.7574288,-0.052630614
6515_POLD1_P1P2_ENSG00000062822,POLD1,-0.21001694,-0.7728325,7.848842,-0.041154623
6516_POLD2_P1P2_ENSG00000106628,POLD2,-0.30237743,0.29595694,4.622571,1.6161183
6517_POLD3_P1P2_ENSG00000077514,POLD3,0.09888245,0.9861328,8.916247,1.4020817
6518_POLD4_P1P2_ENSG00000175482,POLD4,-0.0575957,-0.38875145,-0.20920746,0.015208271
6519_POLDIP2_P1P2_ENSG00000004142,POLDIP2,0.13074963,0.528511,0.047049038,-0.4143687
651_ATP2C1_P1P2_ENSG00000017260,ATP2C1,0.25536162,-0.29665512,0.43424433,0.71120006
6520_POLDIP3_P1P2_ENSG00000100227,POLDIP3,-0.10366534,-0.09715489,-0.3466118,0.35668558
6521_POLE2_P1P2_ENSG00000100479,POLE2,-0.81661284,-0.35175607,2.4953532,0.5222452
6522_POLE3_P1P2_ENSG00000148229,POLE3,-0.102871984,-0.16705,-0.23717971,-0.6210821
6523_POLE4_P1P2_ENSG00000115350,POLE4,1.0380741,2.2916331,-0.6408866,0.97542757
6524_POLE_P1P2_ENSG00000177084,POLE,0.21605146,0.503212,2.5216415,1.2637362
6525_POLG2_P1P2_ENSG00000256525,POLG2,1.7877944,0.34667844,-0.8912311,0.72914344
6526_POLG_P1P2_ENSG00000140521,POLG,0.95986855,0.31885222,-0.2836323,-0.1961746
6527_POLH_P1P2_ENSG00000170734,POLH,0.16200002,-0.37979057,-0.68358755,0.21634741
6528_POLK_P1P2_ENSG00000122008,POLK,-0.7077461,-0.10647488,0.16415,-0.79819584
6529_POLL_P1P2_ENSG00000166169,POLL,1.2020491,-0.8783269,-1.3625218,0.5116086
652_ATP5F1A_P2_ENSG00000152234,ATP5F1A,-0.96935594,0.26583776,0.14557406,-0.3421039
6530_POLM_P2_ENSG00000122678,POLM,-0.042199384,-0.028851304,0.47875795,0.05474882
6531_POLM_P1_ENSG00000122678,POLM,-0.3058512,-0.5069143,-0.055212773,-0.3324578
6532_POLQ_P1P2_ENSG00000051341,POLQ,-0.3069717,0.44923058,-0.5081546,-0.61659855
6533_POLR1A_P1P2_ENSG00000068654,POLR1A,-0.04558497,-0.61555743,3.0132418,-1.0895252
6534_POLR1B_P1P2_ENSG00000125630,POLR1B,0.0296059,-1.2962779,7.2150664,-0.7397946
6535_POLR1C_P2_ENSG00000171453,POLR1C,0.71695304,-0.3631181,-0.004748489,0.47644988
6536_POLR1C_P1_ENSG00000171453,POLR1C,-0.08463105,-0.7508153,4.535772,-0.7966064
6537_POLR1D_P1_ENSG00000186184,POLR1D,-1.1095082,-0.9995953,6.925773,-1.9170511
6538_POLR1D_P2_ENSG00000186184,POLR1D,-0.49848446,0.3525637,1.1674953,-0.15445875
6539_POLR1E_P1P2_ENSG00000137054,POLR1E,-0.21343105,-0.55094606,2.6071126,-0.5356276
653_ATP5F1A_P1_ENSG00000152234,ATP5F1A,5.981813,0.7124001,-1.6579658,2.4296083
6540_POLR2A_P1P2_ENSG00000181222,POLR2A,-0.31512237,-0.24175006,0.6474772,0.38535547
6541_POLR2B_P1P2_ENSG00000047315,POLR2B,-0.41534248,1.8064785,0.048698623,0.667916
6542_POLR2C_P1P2_ENSG00000102978,POLR2C,-0.6451982,1.3183774,-0.20065856,0.61300725
6543_POLR2D_P2_ENSG00000144231,POLR2D,-0.18154247,-0.12822096,-0.22448248,-0.43978915
6544_POLR2D_P1_ENSG00000144231,POLR2D,-0.5138151,0.16536476,-1.2492716,0.29648316
6545_POLR2E_P2_ENSG00000099817,POLR2E,-0.52749085,0.5712792,-1.3722173,0.36742774
6546_POLR2E_P1_ENSG00000099817,POLR2E,-0.4323683,-0.18017559,0.2571006,-0.48549867
6547_POLR2F_P1P2_ENSG00000100142,POLR2F,-0.53449994,-0.2262164,0.14641146,0.2883371
6548_POLR2G_P1P2_ENSG00000168002,POLR2G,-1.0090283,1.31436,-1.3561505,1.6884054
6549_POLR2H_P1P2_ENSG00000163882,POLR2H,-0.78932744,0.77297175,-0.7133788,3.0834553
654_ATP5F1B_P1P2_ENSG00000110955,ATP5F1B,5.7203875,3.0841312,-2.5510147,2.4544687
6550_POLR2I_P1P2_ENSG00000105258,POLR2I,-0.8489015,-1.0160407,-1.0988003,0.3174423
6551_POLR2J3_ENST00000379357.5_ENSG00000285437,POLR2J3,-0.21337286,-0.27740905,-0.3827369,-0.06529923
6553_POLR2L_P1P2_ENSG00000177700,POLR2L,0.3040622,-0.9373756,0.27033222,0.40412477
6554_POLR2M_P1P2_ENSG00000255529,POLR2M,-1.2132126,-0.9728094,-0.76760435,-0.26609707
6556_POLR3B_P1P2_ENSG00000013503,POLR3B,1.551847,2.327344,-0.13339314,1.0123552
6557_POLR3C_P1P2_ENSG00000186141,POLR3C,0.27234066,0.25610507,0.57491857,-0.5906005
6558_POLR3D_P1P2_ENSG00000168495,POLR3D,-0.03548407,0.16889213,0.14482726,-0.44858155
6559_POLR3E_P1P2_ENSG00000058600,POLR3E,-0.44229257,-1.0264825,0.41705194,-1.1988647
655_ATP5F1C_P1P2_ENSG00000165629,ATP5F1C,3.6146536,1.2727169,-1.6098902,1.996086
6560_POLR3F_P1P2_ENSG00000132664,POLR3F,0.8663998,0.8605874,0.0032553426,0.23377319
6561_POLR3GL_P1P2_ENSG00000121851,POLR3GL,-0.13115646,-0.6871743,0.12631668,-0.11627986
6562_POLR3G_P1P2_ENSG00000113356,POLR3G,-0.6416519,0.072646976,0.09982598,-0.56715995
6563_POLR3H_P1P2_ENSG00000100413,POLR3H,-0.0041774744,-0.38095304,-0.54376173,-0.48002365
6564_POLR3K_P1P2_ENSG00000161980,POLR3K,0.44781667,-0.22728403,1.0452862,-0.9328558
6565_POLRMT_P1P2_ENSG00000099821,POLRMT,4.089138,1.3662585,-0.029874599,1.9656911
6566_POM121C_P1P2_ENSG00000272391,POM121C,-0.52913344,-0.072222315,-0.5297609,-0.36772996
6567_POM121_P1P2_ENSG00000196313,POM121,0.13026705,-0.49034646,0.09423545,-0.54454166
6568_POMGNT1_P1P2_ENSG00000085998,POMGNT1,-0.56154853,-0.03913741,-0.24646865,-0.5437689
6569_POMGNT2_P1P2_ENSG00000144647,POMGNT2,-0.040552884,-0.7554409,0.9905522,-0.34774595
656_ATP5F1D_P1P2_ENSG00000099624,ATP5F1D,1.0409467,0.9259865,-1.001504,0.9504883
6570_POMP_P1P2_ENSG00000132963,POMP,-1.0591112,-0.3938842,0.17697948,-0.444512
6571_POMT1_P1P2_ENSG00000130714,POMT1,-0.37308156,0.1856788,-0.91717637,-0.03913351
6572_POMT2_P1P2_ENSG00000009830,POMT2,-0.05404681,-0.45920935,0.013778248,-0.7923883
6573_PON2_P1P2_ENSG00000105854,PON2,0.27117404,0.5044326,-0.11429559,0.6443102
6574_POP1_P1P2_ENSG00000104356,POP1,0.10052696,-0.2322568,1.1684877,-0.24719141
6575_POP4_P1P2_ENSG00000105171,POP4,0.3874389,1.4634726,1.0899483,0.5151205
6576_POP5_P1P2_ENSG00000167272,POP5,-0.09725521,-0.8492875,2.0161417,-0.870475
6577_POP7_P1P2_ENSG00000172336,POP7,-0.35435635,0.47665852,-0.17655203,0.1850342
6578_POPDC3_P1_ENSG00000132429,POPDC3,0.21615155,-0.48440722,0.2829927,0.25339705
6579_POPDC3_P2_ENSG00000132429,POPDC3,0.20279005,-0.7467796,0.5830604,-0.49334267
657_ATP5F1E_P1P2_ENSG00000124172,ATP5F1E,1.7824033,-1.0509398,-1.2700695,-0.4585195
6580_POR_P1P2_ENSG00000127948,POR,0.08280405,0.09027884,0.10335361,-0.150704
6582_POTEI_ENST00000451531.2_ENSG00000196834,POTEI,-0.09762972,-0.66851056,0.16203465,-0.41618058
6583_POU1F1_P1P2_ENSG00000064835,POU1F1,-0.2879223,-0.38341945,0.27629432,-0.07433444
6584_POU2AF1_P1P2_ENSG00000110777,POU2AF1,0.30340692,-0.24041721,-1.0069298,0.18507774
6585_POU2F1_P2_ENSG00000143190,POU2F1,-0.25152516,0.5047299,-1.0706536,-0.30899155
6586_POU2F1_P1_ENSG00000143190,POU2F1,-0.60964674,-0.29324058,-0.851266,-0.9345593
6587_POU2F2_P1P2_ENSG00000028277,POU2F2,-0.1574182,0.3231433,-0.98552203,0.118710086
6588_POU2F3_P1_ENSG00000137709,POU2F3,-0.30847192,-0.3072151,-0.13021024,-0.33424774
6589_POU2F3_P2_ENSG00000137709,POU2F3,-0.18260151,-0.4296852,-0.50710535,0.037286825
658_ATP5PB_P1P2_ENSG00000116459,ATP5PB,2.352023,-0.8404377,-0.99789006,1.4645522
6590_POU3F1_P1P2_ENSG00000185668,POU3F1,0.5728331,0.26585388,-1.0236889,0.8299188
6591_POU3F2_P1P2_ENSG00000184486,POU3F2,-0.15965845,-0.55316156,-0.31675526,0.09069605
6592_POU3F3_P1P2_ENSG00000198914,POU3F3,-0.07635314,-0.062746465,-0.6559554,-0.2407356
6593_POU3F4_P1P2_ENSG00000196767,POU3F4,-0.27797863,0.13654307,-0.4021465,0.009932334
6594_POU4F1_P1P2_ENSG00000152192,POU4F1,0.29156756,-0.142302,-0.23458967,-0.1749464
6595_POU4F2_P1P2_ENSG00000151615,POU4F2,0.22481962,0.2592285,-0.65097684,0.03443536
6596_POU4F3_P1P2_ENSG00000091010,POU4F3,-0.19605751,-0.31000423,-0.45747334,0.16970506
6597_POU5F1B_P1P2_ENSG00000212993,POU5F1B,-0.39056042,-0.7849965,0.54666173,-1.6394317
6598_POU5F1_P1_ENSG00000204531,POU5F1,-0.2664699,-0.8790844,-0.112530895,-0.29121658
6599_POU5F1_P2_ENSG00000204531,POU5F1,-0.37984344,-0.4085023,0.091119155,-0.82453185
659_ATP5MC1_P1P2_ENSG00000159199,ATP5MC1,-0.56066924,0.11978202,0.15566604,-0.096167505
65_ACACA_P1P2_ENSG00000278540,ACACA,0.50888,-0.43381965,-0.11415846,0.1971881
6600_POU5F2_P1P2_ENSG00000248483,POU5F2,-0.16324282,-0.02875958,-0.17374574,0.19025107
6601_POU6F1_P1P2_ENSG00000184271,POU6F1,0.4561896,0.50565106,-0.37090325,-0.18887943
6602_POU6F2_ENST00000518318.2_ENSG00000106536,POU6F2,-0.20574975,-0.19054516,-0.4549777,0.47635463
6603_PPA1_P1P2_ENSG00000180817,PPA1,2.234451,11.7743225,-0.09426231,4.409952
6604_PPA2_P1P2_ENSG00000138777,PPA2,0.22119275,-0.3783466,0.22862191,-0.4261047
6605_PPAN_P1P2_ENSG00000130810,PPAN,0.3829513,0.8523718,0.96344465,0.3741859
6606_PPARA_P1P2_ENSG00000186951,PPARA,-0.42797112,-0.14394051,0.13175873,-0.36954668
6607_PPARD_P1P2_ENSG00000112033,PPARD,-0.2784182,-0.18634288,-0.22096382,-1.0350604
6608_PPARGC1B_P1P2_ENSG00000155846,PPARGC1B,0.1782482,0.27248085,0.39703023,0.0084009925
6609_PPARG_P1_ENSG00000132170,PPARG,-0.13133195,-0.3425539,0.14573942,-0.7292153
660_ATP5MC2_P1P2_ENSG00000135390,ATP5MC2,0.83339036,0.1574029,-0.64936477,0.18275791
6610_PPARG_P2_ENSG00000132170,PPARG,-0.32703736,0.09450412,1.4563829,-0.7875152
6612_PPCDC_P1_ENSG00000138621,PPCDC,0.10328872,0.07796103,-0.37705436,-0.07771086
6613_PPCDC_P2_ENSG00000138621,PPCDC,-0.56590575,0.029875848,-0.5746989,-0.24453455
6614_PPCS_P1P2_ENSG00000127125,PPCS,-0.39910987,-0.47294024,-0.6118037,-1.0976793
6615_PPDPF_P1P2_ENSG00000125534,PPDPF,-0.26144075,0.042531364,0.059146985,1.2773341
6616_PPFIA1_P1P2_ENSG00000131626,PPFIA1,-0.18702416,-0.23263623,-0.7162491,0.10395003
6617_PPFIA3_P1_ENSG00000177380,PPFIA3,-0.32690042,-0.35352772,-0.6119722,0.044585314
6618_PPFIA3_P2_ENSG00000177380,PPFIA3,-0.69900864,-0.1117986,0.52590907,-0.8721919
6619_PPFIBP1_P1P2_ENSG00000110841,PPFIBP1,0.12640549,0.30758765,-0.23265234,0.015591214
661_ATP5MC3_P1P2_ENSG00000154518,ATP5MC3,0.014866795,-1.0486181,0.94762504,-0.28688356
6620_PPHLN1_P1P2_ENSG00000134283,PPHLN1,0.41552627,0.3987581,0.33611143,0.45225254
6621_PPIA_P1P2_ENSG00000196262,PPIA,-0.2060612,0.06055695,0.23834789,-0.5019761
6622_PPIB_P1P2_ENSG00000166794,PPIB,-0.12773627,-0.1098688,-0.6852011,-0.18975955
6623_PPIC_P1P2_ENSG00000168938,PPIC,-0.35925078,-0.581934,-0.03076845,-0.28233337
6624_PPID_P1P2_ENSG00000171497,PPID,-0.5995168,0.10806329,-0.12014582,-0.047114287
6625_PPIE_P1P2_ENSG00000084072,PPIE,0.22346869,0.9944819,-0.21130009,1.2494845
6626_PPIF_P1P2_ENSG00000108179,PPIF,-0.21301515,-0.09672301,0.330016,-0.17296924
6627_PPIG_P1P2_ENSG00000138398,PPIG,0.10783285,0.24324372,-0.8426079,-0.20777725
6628_PPIH_P1P2_ENSG00000171960,PPIH,1.9338464,0.44522038,0.15145862,-0.17860103
6629_PPIL1_P1P2_ENSG00000137168,PPIL1,0.09341186,-0.5061323,0.21650632,-0.6765209
662_ATP5PD_P1P2_ENSG00000167863,ATP5PD,6.807901,3.3710303,-2.638218,2.6610057
6630_PPIL2_P1P2_ENSG00000100023,PPIL2,-0.715655,-0.4076319,-0.558274,-0.3976936
6631_PPIL3_P1P2_ENSG00000240344,PPIL3,-0.09766529,-0.24196757,0.10511896,-0.28220534
6632_PPIL4_P1P2_ENSG00000131013,PPIL4,0.07710935,2.0668383,-1.2969502,2.3235705
6633_PPIP5K1_ENST00000348806.6_ENSG00000168781,PPIP5K1,-0.18545005,-0.31935862,-0.24773338,-0.28006965
"6634_PPIP5K1_ENST00000381885.1,ENST00000396923.3_ENSG00000168781",PPIP5K1,0.05594946,-0.63749254,0.35002846,-1.4641927
"6635_PPIP5K1_ENST00000334933.4,ENST00000360135.4,ENST00000360301.4,ENST00000420765.1_ENSG00000168781",PPIP5K1,-0.11457948,-0.6145895,-0.16094977,-0.74387085
6636_PPIP5K2_P1P2_ENSG00000145725,PPIP5K2,0.3632153,0.35260934,-0.59992135,0.6171539
6637_PPM1A_P1P2_ENSG00000100614,PPM1A,0.051470082,-1.6062078,-0.40229103,-0.27214614
6638_PPM1B_P1P2_ENSG00000138032,PPM1B,0.3889029,0.6080723,-0.03096151,-0.27457646
6639_PPM1D_P1P2_ENSG00000170836,PPM1D,0.95060307,0.38757956,0.07895187,0.6294199
663_ATP5ME_P1P2_ENSG00000169020,ATP5ME,2.839902,0.7320127,-0.91601676,1.5558285
6640_PPM1F_P1P2_ENSG00000100034,PPM1F,-0.2789311,-0.47040722,-0.17199615,-0.40220204
6641_PPM1G_P2_ENSG00000115241,PPM1G,-0.5737541,-0.09691379,0.0050096735,-0.1604682
6642_PPM1G_P1_ENSG00000115241,PPM1G,-0.07440208,-1.1081761,-0.0048886733,-0.49397653
6643_PPM1H_P1P2_ENSG00000111110,PPM1H,0.2823997,-0.233083,0.097808056,0.052175306
6644_PPM1K_P1P2_ENSG00000163644,PPM1K,-0.15195598,0.59740317,0.24179545,-0.15178743
6645_PPM1N_P1P2_ENSG00000213889,PPM1N,0.090753734,0.15867904,0.22668204,-0.13013926
6646_PPME1_P1P2_ENSG00000214517,PPME1,-0.08943462,-0.13838993,-0.4641346,-0.40535355
6647_PPOX_P1P2_ENSG00000143224,PPOX,-0.24491085,-0.8081116,-0.70365644,-0.8693527
6648_PPP1CA_P1_ENSG00000172531,PPP1CA,0.5396219,-0.18397595,-0.06300165,0.7381761
6649_PPP1CA_P2_ENSG00000172531,PPP1CA,-0.4899885,-0.31452537,-0.049476027,-0.2821846
664_ATP5MF_P1P2_ENSG00000241468,ATP5MF,1.6301831,0.58075523,-1.4234493,1.0852938
6650_PPP1CB_P1P2_ENSG00000213639,PPP1CB,-0.37630343,-0.8770433,1.5626011,-0.564751
6651_PPP1CC_P1P2_ENSG00000186298,PPP1CC,-0.41043097,0.03113729,1.6902114,-0.8815744
6653_PPP1R11_P1P2_ENSG00000204619,PPP1R11,-0.95582396,-0.4541927,0.9969827,-3.0504098
6654_PPP1R12A_P1P2_ENSG00000058272,PPP1R12A,-0.0519193,0.1066693,-0.19237112,-0.33386198
6655_PPP1R12B_P1P2_ENSG00000077157,PPP1R12B,0.18503633,3.0460017,-1.5961539,2.7419207
6656_PPP1R12C_P1P2_ENSG00000125503,PPP1R12C,-0.11224971,-0.2654308,-0.2700059,-0.137892
6657_PPP1R14A_P1P2_ENSG00000167641,PPP1R14A,-0.31932098,-0.23627317,-0.088526055,-0.3179981
6658_PPP1R14B_P1P2_ENSG00000173457,PPP1R14B,0.14111084,0.21149208,-1.0964209,0.32340163
6659_PPP1R14C_P1P2_ENSG00000198729,PPP1R14C,-0.120277345,-0.24991797,-0.10813207,0.01314957
665_ATP5PF_P1P2_ENSG00000154723,ATP5PF,-0.120065294,0.31686175,-0.2436317,-1.590593
6660_PPP1R15A_P1P2_ENSG00000087074,PPP1R15A,-0.4509139,-0.28007382,-0.7760756,-0.5433596
6661_PPP1R15B_P1P2_ENSG00000158615,PPP1R15B,0.56817174,0.26721233,-0.89012027,0.77044636
6662_PPP1R16A_P1P2_ENSG00000160972,PPP1R16A,-0.66945684,-0.424447,0.57254446,-0.7470828
6663_PPP1R16B_P1P2_ENSG00000101445,PPP1R16B,0.21671124,-0.296669,-0.24253559,-0.44980815
6664_PPP1R18_P2_ENSG00000146112,PPP1R18,-0.21995032,-0.20880486,-0.12758385,-0.50841403
6665_PPP1R18_P1_ENSG00000146112,PPP1R18,-0.06782453,-0.6502002,-0.10543667,-1.3953924
6666_PPP1R26_P1P2_ENSG00000196422,PPP1R26,-0.3490858,0.3327354,0.112095185,0.047555063
6667_PPP1R2_P1P2_ENSG00000184203,PPP1R2,0.27962205,-0.73851544,0.4630952,-1.1734285
6668_PPP1R35_P1P2_ENSG00000160813,PPP1R35,-0.8951592,0.46338126,0.264679,-0.24067995
666_ATP5MG_P1P2_ENSG00000167283,ATP5MG,1.9831748,1.1069427,-1.1392758,1.8856642
6671_PPP1R37_P1P2_ENSG00000104866,PPP1R37,-1.3637682,-0.6654537,1.1655765,-1.9670881
6672_PPP1R3D_P1P2_ENSG00000132825,PPP1R3D,0.63144404,0.10519811,-0.04805585,0.12687784
6673_PPP1R3E_P1_ENSG00000235194,PPP1R3E,0.029634003,-0.17904982,0.14318414,-0.65326464
6674_PPP1R3E_P2_ENSG00000235194,PPP1R3E,-0.24855997,0.19191954,0.20516199,-0.39703035
6675_PPP1R7_P1P2_ENSG00000115685,PPP1R7,-0.17182754,0.20635574,-0.018800944,-0.8539924
6676_PPP1R8_P1P2_ENSG00000117751,PPP1R8,0.054525215,-0.99939364,2.269684,-0.2949991
6677_PPP1R9B_P1P2_ENSG00000108819,PPP1R9B,0.08678023,-0.09499242,0.2938447,-0.2329112
6678_PPP2CA_P1P2_ENSG00000113575,PPP2CA,-0.54418474,-0.3333409,0.08418487,-0.28572524
6679_PPP2CB_P1P2_ENSG00000104695,PPP2CB,-1.3754337,-1.0727766,0.7971687,-1.9403148
667_ATP5PO_P1P2_ENSG00000241837,ATP5PO,2.2175243,0.2465666,-1.9639568,0.9792739
6680_PPP2R1A_P2_ENSG00000105568,PPP2R1A,-0.50001293,0.4984476,-0.26492783,0.012362692
6681_PPP2R1A_P1_ENSG00000105568,PPP2R1A,-0.5852634,0.108458385,1.7750484,-0.77519834
6682_PPP2R1B_P1P2_ENSG00000137713,PPP2R1B,-0.072829895,-0.055552017,0.1837748,-0.74471503
6683_PPP2R2A_P1P2_ENSG00000221914,PPP2R2A,-0.33729455,-0.41049752,0.9867754,-0.43634248
6684_PPP2R2D_P1P2_ENSG00000175470,PPP2R2D,0.07962287,0.3094013,0.014506091,-0.48754263
6685_PPP2R3B_P1P2_ENSG00000167393,PPP2R3B,-0.057438176,0.79133385,-0.43837264,-0.49169588
6686_PPP2R3C_P1P2_ENSG00000092020,PPP2R3C,0.2677047,0.66852576,-0.86592543,-0.3302487
6687_PTPA_P1P2_ENSG00000119383,PTPA,-0.058053598,-0.2656313,-0.59824497,-0.2392666
6688_PPP2R5A_P1P2_ENSG00000066027,PPP2R5A,0.020653334,-0.44096154,-0.10795849,-0.4210635
6689_PPP2R5C_P1P2_ENSG00000078304,PPP2R5C,-0.49064866,0.72379345,-0.4292291,0.21399117
668_DMAC2_P1P2_ENSG00000105341,DMAC2,-0.5434017,-0.18420814,-0.27055067,-0.53486675
6690_PPP2R5D_P1P2_ENSG00000112640,PPP2R5D,0.54082465,0.12283677,-0.3898531,-0.046077367
6691_PPP2R5E_P1P2_ENSG00000154001,PPP2R5E,0.35547236,0.29053682,-0.029555615,0.008225244
6692_PPP3CA_P1P2_ENSG00000138814,PPP3CA,-0.39769766,-0.39463094,-0.57996994,-0.33790937
6693_PPP3CB_P1P2_ENSG00000107758,PPP3CB,0.33401358,-0.76746565,-0.9738205,-0.8723139
6694_PPP3CC_P1P2_ENSG00000120910,PPP3CC,-0.54678136,-0.779023,0.21216601,-0.44927987
6695_PPP3R1_P1P2_ENSG00000221823,PPP3R1,-0.06912782,0.2752547,-0.4542035,0.59237
6696_PPP4C_P1P2_ENSG00000149923,PPP4C,0.022011744,0.083689794,-1.5686964,1.0660948
6697_PPP4R1_P1P2_ENSG00000154845,PPP4R1,0.72250926,-0.05561577,0.85740733,0.21668059
6698_PPP4R2_P1P2_ENSG00000163605,PPP4R2,0.8336007,1.0386746,-1.9785799,1.0166041
6699_PPP5C_P1P2_ENSG00000011485,PPP5C,0.4823411,0.6465176,0.42513344,-0.06146133
669_DMAC2L_P1P2_ENSG00000125375,DMAC2L,0.07526955,0.4553696,1.3322728,0.21521044
66_ACAD10_P1P2_ENSG00000111271,ACAD10,1.6881391,1.2619302,-1.1886623,1.4133719
6700_PPP6C_P1P2_ENSG00000119414,PPP6C,0.09914272,-0.8121817,-0.5206605,-0.70765585
6701_PPP6R1_P1P2_ENSG00000105063,PPP6R1,-0.20460083,-0.5012529,0.08583518,-0.49390182
6702_PPP6R2_P1P2_ENSG00000100239,PPP6R2,-0.2647341,-0.1432664,-0.0749748,-0.424512
6703_PPP6R3_P1P2_ENSG00000110075,PPP6R3,-0.3859086,0.077394545,-0.05938783,-0.9455386
6704_PPRC1_P1P2_ENSG00000148840,PPRC1,0.6696296,1.6533403,1.0851438,1.3654001
6705_PPT1_P1P2_ENSG00000131238,PPT1,0.44829538,-0.6931582,0.5902452,-0.70867014
6706_PPT2_P1P2_ENSG00000221988,PPT2,-0.12545745,-0.54814976,-0.18609928,-0.119825736
6707_PPTC7_P1P2_ENSG00000196850,PPTC7,-0.07565133,-0.269723,-0.32853916,0.13637196
6708_PPWD1_P1P2_ENSG00000113593,PPWD1,0.5196503,-0.9356797,-0.86679876,-0.7284207
6709_PPY_P1P2_ENSG00000108849,PPY,-0.09181231,-0.14990279,-0.6785213,-0.7985109
670_ATP6AP1_P1P2_ENSG00000071553,ATP6AP1,0.029758113,-0.47957298,2.8940413,0.78324693
6710_PQBP1_P1P2_ENSG00000102103,PQBP1,1.028994,-0.1278827,1.0192034,0.62347525
6711_SLC66A2_P1P2_ENSG00000122490,SLC66A2,-0.48428428,-0.41564485,-0.28943536,-0.6162321
6712_SLC66A1_P1P2_ENSG00000040487,SLC66A1,-0.3645836,-0.35946468,0.58168954,-0.03788885
6713_SLC66A3_P1P2_ENSG00000162976,SLC66A3,0.93697244,-0.12708007,-0.17378762,-0.3672946
6714_PRADC1_P1P2_ENSG00000135617,PRADC1,-0.13803253,-0.42604783,-0.4602024,-0.029551985
6715_PRAME_P1P2_ENSG00000185686,PRAME,0.122704245,0.11504014,-1.3387148,0.13583592
6716_PRC1_P1P2_ENSG00000198901,PRC1,-0.30047452,0.1701516,-0.052102473,-0.08470981
6717_PRCC_P1P2_ENSG00000143294,PRCC,0.024431102,0.26279202,-0.9833491,0.9398095
6718_PRCP_P1_ENSG00000137509,PRCP,0.0848309,-0.42392066,-0.5005926,-0.31883523
6719_PRCP_P2_ENSG00000137509,PRCP,-0.19388527,-0.26201007,0.016944598,0.04617828
671_ATP6AP2_P1P2_ENSG00000182220,ATP6AP2,-0.20949021,-0.1146248,0.60048175,0.43435308
6720_PRDM10_P1P2_ENSG00000170325,PRDM10,0.7152027,1.1310279,0.24551949,0.33844313
6721_PRDM12_P1P2_ENSG00000130711,PRDM12,0.06560465,0.17812471,-0.56479514,-0.080532745
6722_PRDM13_P1P2_ENSG00000112238,PRDM13,0.30183902,1.3979123,-0.51848805,0.23076932
6723_PRDM14_P1P2_ENSG00000147596,PRDM14,0.3928821,-0.07735458,0.76953655,0.62424785
6724_PRDM15_P1P2_ENSG00000141956,PRDM15,-0.5501655,0.09348312,0.44914427,1.2398056
6725_PRDM16_P1P2_ENSG00000142611,PRDM16,0.010729692,0.74510115,1.0481999,1.0330697
6726_PRDM1_P1P2_ENSG00000057657,PRDM1,0.20725542,-0.42652977,-0.051915806,-0.29392886
"6727_PRDM2_ENST00000235372.7,ENST00000311066.5_ENSG00000116731",PRDM2,-0.5413348,-0.31216887,-0.4023698,-0.60596365
6728_PRDM4_P1P2_ENSG00000110851,PRDM4,-0.8740521,-0.48803332,1.5337847,0.12330213
6729_PRDM5_P1P2_ENSG00000138738,PRDM5,-0.059962466,-0.025385326,-1.517923,-0.74854773
672_ATP6V0A1_P1P2_ENSG00000033627,ATP6V0A1,-0.92728937,0.29041693,-0.04509453,0.03590588
6730_PRDM6_P1P2_ENSG00000061455,PRDM6,-0.3167243,-0.2826544,-0.81660223,0.15790832
6731_PRDM8_P2_ENSG00000152784,PRDM8,1.1683168,0.68403167,-0.95327985,6.7165713
6732_PRDM8_P1_ENSG00000152784,PRDM8,0.22156838,-0.05890993,-0.26621357,-0.51489246
6733_PRDM9_P1P2_ENSG00000164256,PRDM9,-0.6392957,-0.77965045,0.08019907,-0.17973746
6734_PRDX1_P1P2_ENSG00000117450,PRDX1,0.6076919,0.018138718,0.24377081,0.4124409
6735_PRDX2_P1P2_ENSG00000167815,PRDX2,0.25833514,-0.5970835,-0.4015143,0.54625547
6736_PRDX3_P1P2_ENSG00000165672,PRDX3,-0.58849347,-0.4450883,-0.6356401,-0.17214696
6737_PRDX4_P1P2_ENSG00000123131,PRDX4,1.0479223,-0.49660546,0.44669417,-0.2914298
6738_PRDX5_P1P2_ENSG00000126432,PRDX5,0.016974472,-0.3775014,-0.10859168,-0.46084914
6739_PRDX6_P1P2_ENSG00000117592,PRDX6,-0.19289495,0.21382123,-0.35836434,0.1539974
673_ATP6V0A2_P1P2_ENSG00000185344,ATP6V0A2,-0.27608174,-0.6457022,-0.31757078,-0.06433623
6740_PREB_P1P2_ENSG00000138073,PREB,-0.3941557,0.87191665,-0.4409703,-0.19109663
6741_PRELID1_P1P2_ENSG00000169230,PRELID1,2.6909351,0.9059636,-0.70724845,0.7494577
6742_PRELID2_P1P2_ENSG00000186314,PRELID2,-0.3781994,-0.007919646,-0.63078594,-0.36758715
6743_PREPL_P1P2_ENSG00000138078,PREPL,-0.32379234,-0.16319452,-0.38472083,-0.35925344
6744_PREP_P1P2_ENSG00000085377,PREP,-0.068333685,-0.32349318,-0.7753647,-0.110040106
6745_PRG2_P1P2_ENSG00000186652,PRG2,0.56365126,-0.08778037,0.024076844,-0.31861448
6746_PRICKLE3_P1P2_ENSG00000012211,PRICKLE3,-0.020316085,0.20682375,0.43202323,-0.3420053
6747_PRIM1_P1P2_ENSG00000198056,PRIM1,-0.9337262,0.12494674,2.766967,0.025901407
6748_PRIM2_P1P2_ENSG00000146143,PRIM2,-1.3537534,-0.5705314,7.3102694,2.2792773
6749_PRIMPOL_P1P2_ENSG00000164306,PRIMPOL,-0.20339248,0.051961277,-0.47610083,-1.1670874
674_ATP6V0B_P1P2_ENSG00000117410,ATP6V0B,-0.34001845,0.36241907,1.4244112,-0.26612195
6750_PRKAA1_P1P2_ENSG00000132356,PRKAA1,-0.09393211,-0.1392279,-0.1811476,-0.13096364
6751_PRKAB1_P1P2_ENSG00000111725,PRKAB1,-0.35145986,0.00623511,-0.11796413,-0.433129
6752_PRKAB2_P1P2_ENSG00000131791,PRKAB2,-0.21466988,-0.4102388,0.44998738,-0.37815934
6753_PRKACA_P1P2_ENSG00000072062,PRKACA,-0.45339888,0.49530444,-0.5107188,0.027555658
6754_PRKAG1_P1P2_ENSG00000181929,PRKAG1,-0.7079088,0.51185364,-0.083905645,-0.77583456
6755_PRKAR1A_P1P2_ENSG00000108946,PRKAR1A,-0.26795873,-0.41669133,-0.38057446,-0.38186994
6756_PRKAR1B_P2_ENSG00000188191,PRKAR1B,-0.96860313,0.08348491,0.0274384,-0.6858571
6757_PRKAR1B_P1_ENSG00000188191,PRKAR1B,-0.092347644,-0.75173295,-0.23990707,-0.8650747
6758_PRKAR2A_P1P2_ENSG00000114302,PRKAR2A,-0.9223572,0.3549517,-0.0017663854,0.046556253
6759_PRKAR2B_P1P2_ENSG00000005249,PRKAR2B,-0.0392597,-0.016804386,-0.41580066,0.12590422
675_ATP6V0C_P1P2_ENSG00000185883,ATP6V0C,-0.94818634,-0.30861288,0.4292739,0.5296147
6760_PRKCA_P1P2_ENSG00000154229,PRKCA,0.31483218,-0.10155365,2.0265796,4.17376
6761_PRKCB_P1P2_ENSG00000166501,PRKCB,-0.07251971,0.12139829,0.036899086,0.26407072
6762_PRKCI_P1P2_ENSG00000163558,PRKCI,0.35012072,-0.58646065,0.7089723,-0.0014191427
6763_PRKCQ_P1P2_ENSG00000065675,PRKCQ,-0.10058362,0.42895642,-0.27378795,-0.42631176
6764_PRKCSH_P1P2_ENSG00000130175,PRKCSH,-0.50671333,1.0944778,-0.14012112,-0.5381211
6765_PRKD2_P2_ENSG00000105287,PRKD2,-0.38044342,-0.19466299,-0.28068674,-0.04503531
6766_PRKD2_P1_ENSG00000105287,PRKD2,0.6107002,-0.2004261,-0.5867266,0.22939813
6767_PRKD3_P1P2_ENSG00000115825,PRKD3,0.26706114,-0.39930534,-0.17663516,-0.26132488
6768_PRKDC_P1P2_ENSG00000253729,PRKDC,-0.8154187,-0.36872488,-1.3193681,-0.076536484
6769_PRKRA_P1P2_ENSG00000180228,PRKRA,0.31414056,1.0530024,0.0054819807,1.4162831
676_ATP6V0D1_P1P2_ENSG00000159720,ATP6V0D1,0.24682158,0.07291568,0.26188558,-0.37850463
6770_PRKRIP1_P2_ENSG00000128563,PRKRIP1,-0.3711547,-0.38922027,-0.01635052,-0.22828911
6771_PRKRIP1_P1_ENSG00000128563,PRKRIP1,0.28591755,-0.9907501,-1.0989742,0.67787945
6772_THAP12_P1P2_ENSG00000137492,THAP12,0.09792767,-0.39729196,0.821271,-0.3780954
6773_PRKX_P1P2_ENSG00000183943,PRKX,0.44259566,-0.7128156,-0.4351831,-0.8104484
6774_PRMT1_P1P2_ENSG00000126457,PRMT1,0.27864906,-1.1179034,1.3147885,-1.8346248
6775_PRMT2_P1P2_ENSG00000160310,PRMT2,0.11318234,0.2589924,-0.16391023,-0.2818616
6776_PRMT3_P1P2_ENSG00000185238,PRMT3,0.658584,0.38092476,-0.6041351,-0.5390491
6777_PRMT5_P1_ENSG00000100462,PRMT5,0.123831116,0.6984347,2.7175853,1.632518
6778_PRMT5_P2_ENSG00000100462,PRMT5,0.44636485,-0.2643119,0.37306958,-0.16156635
6779_PRMT6_P1P2_ENSG00000198890,PRMT6,-0.41910297,1.4806228,-0.37438712,0.66489255
677_ATP6V0E1_P1P2_ENSG00000113732,ATP6V0E1,-0.20639382,-0.567162,-0.03651683,-0.3203079
6780_PRMT7_P1P2_ENSG00000132600,PRMT7,-0.423499,-0.62365836,0.2330751,-0.997163
6781_PRNP_P1P2_ENSG00000171867,PRNP,-0.25130725,0.16323994,0.3949248,-0.5948143
6782_PRODH_P2_ENSG00000100033,PRODH,-0.18415502,-0.18937865,-0.5319185,0.048418645
6783_PRODH_P1_ENSG00000100033,PRODH,-0.49990755,-0.38463467,0.9853706,-1.0344248
6784_PROP1_P1P2_ENSG00000175325,PROP1,-0.30281565,-0.092822365,-0.0792459,-0.46053696
6785_PROS1_P1P2_ENSG00000184500,PROS1,0.3784834,0.118914835,0.23035109,0.26304948
6786_PLPBP_P1P2_ENSG00000147471,PLPBP,-0.22150026,-0.2507205,-0.08969694,-0.616131
6787_PROSER1_P1P2_ENSG00000120685,PROSER1,0.08783478,-0.24418008,0.13594167,-0.1824261
6788_PROSER2_P1P2_ENSG00000148426,PROSER2,0.36733925,0.03282695,0.33846602,0.29635683
6789_PROX1_P1P2_ENSG00000117707,PROX1,0.18595016,0.38765493,-0.74148387,-0.34542167
678_ATP6V0E2_P1P2_ENSG00000171130,ATP6V0E2,0.6880422,-0.09144365,0.3595372,-0.0037962885
"6790_PROX2_ENST00000445876.1,ENST00000556489.2_ENSG00000119608",PROX2,-0.75842726,0.22548719,0.15293442,-0.12894937
6791_PRPF18_P1P2_ENSG00000165630,PRPF18,-0.42542014,-0.5449514,-0.9286109,-0.47672263
6792_PRPF19_P1P2_ENSG00000110107,PRPF19,-0.18011084,0.88210005,1.4833484,1.2741398
6793_PRPF31_P1P2_ENSG00000105618,PRPF31,1.3393078,1.4068171,-0.77740514,1.4394231
6794_PRPF38A_P1P2_ENSG00000134748,PRPF38A,-0.1224963,-0.5839655,-0.09284654,0.6635425
6795_PRPF38B_P1P2_ENSG00000134186,PRPF38B,-0.609189,0.8436357,0.84339255,1.6368788
6796_PRPF39_P1P2_ENSG00000185246,PRPF39,0.8759841,1.6501004,-1.2374892,2.9574938
6797_PRPF3_P1P2_ENSG00000117360,PRPF3,0.28763375,0.28441575,-1.6929805,0.78331804
6798_PRPF40A_P1P2_ENSG00000196504,PRPF40A,-0.115175426,-0.26615062,-0.7687174,2.4437594
6799_PRPF40B_P1P2_ENSG00000110844,PRPF40B,0.9814283,-0.29971108,0.12769392,-0.1742056
679_ATP6V1A_P1P2_ENSG00000114573,ATP6V1A,3.423219,0.15867439,1.7077428,3.3061073
67_ACAD8_P1P2_ENSG00000151498,ACAD8,0.03299708,-0.3301461,-0.18146771,-0.2352041
6800_PRPF4B_P1P2_ENSG00000112739,PRPF4B,0.6241385,0.4836934,0.9124497,0.7263109
6801_PRPF4_P1P2_ENSG00000136875,PRPF4,-0.77708465,-0.29151574,-0.681108,3.1186302
6802_PRPF6_P1P2_ENSG00000101161,PRPF6,0.45880768,0.043103933,-0.36800578,0.8746268
6803_PRPF8_P1P2_ENSG00000174231,PRPF8,0.50092435,0.036226712,-0.2951006,1.8902038
6804_PRPS1_P1P2_ENSG00000147224,PRPS1,-0.7525744,-0.74887824,1.1607118,-0.6063772
6805_PRPS2_P1P2_ENSG00000101911,PRPS2,0.09517028,-0.7848033,-0.50004697,-0.05460299
6806_PRPSAP1_P1P2_ENSG00000161542,PRPSAP1,-0.3071745,-0.044852372,-0.21509305,-0.639026
6807_PRPSAP2_P1_ENSG00000141127,PRPSAP2,-0.44705266,-0.8599613,0.5466086,0.108321786
6808_PRPSAP2_P2_ENSG00000141127,PRPSAP2,0.16497053,0.085205644,-0.04748998,0.002506574
6809_PRR11_P1P2_ENSG00000068489,PRR11,-0.14110602,-0.58870316,-0.2757911,-0.058009505
680_ATP6V1B2_P1P2_ENSG00000147416,ATP6V1B2,1.2451304,0.37437305,-0.5680387,2.3312612
6810_PRR12_P1P2_ENSG00000126464,PRR12,-0.6818947,0.70774,0.32522902,0.4521022
6811_PRR13_P1P2_ENSG00000205352,PRR13,-0.24436328,-0.04138143,0.1695888,-0.7100891
6812_PRR14L_P1P2_ENSG00000183530,PRR14L,-0.56915426,1.238368,0.22883472,-0.3706637
6813_PRR14_P1P2_ENSG00000156858,PRR14,0.41124433,0.7742479,-0.89640075,0.5370071
6814_PRR3_P1P2_ENSG00000204576,PRR3,-0.037883107,-0.107419096,0.25894046,-0.063777365
6815_PRR4_P1P2_ENSG00000111215,PRR4,-0.8919849,-0.23250252,-0.19254434,-0.20347816
6816_PRR5_P1P2_ENSG00000186654,PRR5,-0.15962006,-0.23492515,0.24047616,-0.48088238
6817_PRR7_P1P2_ENSG00000131188,PRR7,-0.38432226,-0.29948825,0.24189325,-0.43401498
6818_PRRC1_P1P2_ENSG00000164244,PRRC1,-0.024426667,-0.18326071,-0.30691597,0.23199312
6819_PRRC2A_P1P2_ENSG00000204469,PRRC2A,-0.26226348,-1.1974487,0.6088025,-1.7506757
681_ATP6V1C1_P1P2_ENSG00000155097,ATP6V1C1,-0.13626546,-0.22469984,0.42624956,1.5289
6820_PRRC2B_P1P2_ENSG00000130723,PRRC2B,-0.50745046,-0.41570932,-0.20388001,-0.5851471
6821_PRRC2C_P1P2_ENSG00000117523,PRRC2C,0.32131085,0.1479714,-1.3201132,0.70614916
6822_PRRX1_P1_ENSG00000116132,PRRX1,-0.36874887,0.1724078,-0.44303522,0.3178167
6823_PRRX1_P2_ENSG00000116132,PRRX1,0.22006579,-0.736017,-0.3227373,0.31801164
6824_PRRX2_P1P2_ENSG00000167157,PRRX2,-0.033106312,-0.5968807,-0.35299402,-0.59967864
6825_PRSS16_P1_ENSG00000112812,PRSS16,-0.1300042,-0.26686335,0.1331374,-0.27657732
6826_PRSS16_P2_ENSG00000112812,PRSS16,-0.2377542,-0.7663036,-0.20681046,-0.4430541
6827_PRSS21_P1P2_ENSG00000007038,PRSS21,0.50413126,-1.0694745,0.7425288,-0.4316918
6828_PRSS50_P2_nan,PRSS50,0.17155978,0.059569392,0.34198663,1.081234
6829_PRSS50_P1_nan,PRSS50,0.16851573,-0.7946926,0.16189769,-0.45009172
682_ATP6V1D_P1P2_ENSG00000100554,ATP6V1D,-0.24170914,-0.14647149,-0.321699,0.14879377
6830_PRSS57_P1P2_ENSG00000185198,PRSS57,-0.20068374,0.01833435,0.58234787,-0.15556376
6831_PRTFDC1_P1P2_ENSG00000099256,PRTFDC1,0.15319955,-0.13989536,-0.306172,-0.13217038
6832_PRUNE1_P1P2_ENSG00000143363,PRUNE1,0.18613656,-0.5472133,-0.32150316,0.09576393
6833_PSAP_P1P2_ENSG00000197746,PSAP,0.4787491,-0.037417427,-0.2075567,-0.2532421
6834_PSAT1_P1P2_ENSG00000135069,PSAT1,0.729365,0.14929701,-0.21219224,0.58209044
6835_PSD4_P1P2_ENSG00000125637,PSD4,-0.051851574,-0.6370853,0.8635713,-0.4450904
6836_PSEN1_P1P2_ENSG00000080815,PSEN1,0.11600863,-0.53881484,-0.5566543,-0.25249323
6837_PSEN2_P1P2_ENSG00000143801,PSEN2,-0.24676824,0.35990122,0.04776451,-0.3508963
6838_PSENEN_P1P2_ENSG00000205155,PSENEN,0.1610936,-0.09173178,-0.5057726,-0.6285389
6839_PSIP1_P1P2_ENSG00000164985,PSIP1,-0.13438311,0.61210823,0.28726652,-0.5110659
683_ATP6V1E1_P1P2_ENSG00000131100,ATP6V1E1,-0.053534992,-0.75178844,0.5503119,0.5929619
6840_PSKH1_P1P2_ENSG00000159792,PSKH1,-0.74985754,-0.21457018,0.23472407,-0.19529249
6841_PSMA1_P1P2_ENSG00000129084,PSMA1,-1.1142632,-0.011828577,0.6930493,-0.5587587
6842_PSMA2_P1P2_ENSG00000106588,PSMA2,-0.7247538,-0.51041394,2.1467206,1.3600705
6843_PSMA3_P1P2_ENSG00000100567,PSMA3,-0.8849623,-0.04878545,-0.5628248,1.0307707
6844_PSMA4_P1P2_ENSG00000041357,PSMA4,-0.116389975,1.0697261,0.8016909,2.055599
6846_PSMA6_P1P2_ENSG00000100902,PSMA6,-0.08223692,1.4021707,1.8832164,0.9494544
6847_PSMA7_P1P2_ENSG00000101182,PSMA7,0.16103147,0.4561797,1.9381611,0.97932124
6848_PSMB10_P1P2_ENSG00000205220,PSMB10,-0.18764345,-0.15194263,-0.34696114,0.09192798
6849_PSMB1_P1P2_ENSG00000008018,PSMB1,-0.22158909,0.18559574,0.6954156,1.1735649
684_ATP6V1E2_P1P2_ENSG00000250565,ATP6V1E2,-0.2076222,-0.052078348,-0.55943155,0.45032603
6850_PSMB2_P1P2_ENSG00000126067,PSMB2,-0.55385745,0.80077255,0.43385327,1.8236259
6851_PSMB3_P1P2_ENSG00000277791,PSMB3,-0.92848617,-0.85499674,1.6202929,-0.34402734
6852_PSMB4_P1P2_ENSG00000159377,PSMB4,-0.7821549,0.096360005,-0.01698724,0.40948126
6853_PSMB5_P1P2_ENSG00000100804,PSMB5,-0.36372662,-0.25444514,0.83913076,-0.19841638
6854_PSMB6_P2_ENSG00000142507,PSMB6,-0.34886184,-0.98383605,1.119763,-0.052593686
6855_PSMB6_P1_ENSG00000142507,PSMB6,-0.046938512,-0.49931288,1.5825645,2.276991
6856_PSMB7_P1P2_ENSG00000136930,PSMB7,-0.7214231,0.07692705,1.3115251,1.3075249
6857_PSMC1_P1P2_ENSG00000100764,PSMC1,-0.45618555,1.2988534,-0.3573951,3.301019
6858_PSMC2_P1P2_ENSG00000161057,PSMC2,-0.26373488,0.2591284,0.18613951,2.3946688
6859_PSMC3IP_P1P2_ENSG00000131470,PSMC3IP,0.31533748,-0.3240778,0.46984738,0.0028530748
685_ATP6V1F_P1P2_ENSG00000128524,ATP6V1F,-0.6944906,0.6222908,0.5834647,0.87786674
6860_PSMC3_P1P2_ENSG00000165916,PSMC3,-0.45789292,-0.6015363,0.22333354,1.5604258
6861_PSMC4_P1P2_ENSG00000013275,PSMC4,-0.1343015,0.38080093,0.14314844,3.5129137
6863_PSMC6_P1P2_ENSG00000100519,PSMC6,1.528569,0.5988662,-0.05966799,4.126383
6864_PSMD10_P1P2_ENSG00000101843,PSMD10,-0.26563084,-0.2665578,-0.32689732,-0.23674157
6865_PSMD11_P1P2_ENSG00000108671,PSMD11,-0.618473,-0.34847486,0.21803777,1.1446323
6866_PSMD12_P1P2_ENSG00000197170,PSMD12,0.10988603,-0.3720574,0.10177918,2.4048998
6867_PSMD13_P1P2_ENSG00000185627,PSMD13,-0.44365475,-0.44111905,4.4990273,4.937222
6869_PSMD1_P1P2_ENSG00000173692,PSMD1,-0.27860382,0.44342953,-0.3476178,-0.022676503
686_ATP6V1G1_P1P2_ENSG00000136888,ATP6V1G1,-0.047895577,-0.6639246,0.92105126,1.6037846
6870_PSMD2_P1P2_ENSG00000175166,PSMD2,-0.09049796,1.5932333,0.41872796,9.107932
6871_PSMD3_P1P2_ENSG00000108344,PSMD3,0.21575078,0.24366607,-0.08974141,1.4443417
6872_PSMD4_P1P2_ENSG00000159352,PSMD4,-0.73087215,0.06893807,5.3767505,4.5375323
6873_PSMD5_P1P2_ENSG00000095261,PSMD5,-0.17385271,0.029057303,-0.4172901,0.00026158427
6874_PSMD6_P1P2_ENSG00000163636,PSMD6,0.08282046,1.0563147,0.30872735,3.6509278
6875_PSMD7_P1P2_ENSG00000103035,PSMD7,0.14332202,-0.0876169,-0.23735294,5.6366086
6876_PSMD8_P1P2_ENSG00000099341,PSMD8,-0.57202077,0.1794428,0.48767394,1.5310203
6877_PSMD9_P1P2_ENSG00000110801,PSMD9,-0.22207573,-0.23762967,-0.6860561,-0.3784718
6878_PSME1_P1P2_ENSG00000092010,PSME1,0.37747547,0.28201178,-0.8762474,1.4002874
6879_PSME2_P1P2_ENSG00000100911,PSME2,-0.023116171,-0.24056451,-0.090867504,-0.12442236
687_ATP6V1H_P1P2_ENSG00000047249,ATP6V1H,-0.04311483,-1.2402194,-0.03137457,1.0407832
6880_PSME3_P1P2_ENSG00000131467,PSME3,4.4814806,0.50091064,-1.2540809,2.0469618
6881_PSME4_P1P2_ENSG00000068878,PSME4,-0.37237504,0.24987783,0.13197406,-0.4857246
6882_PSMF1_P1P2_ENSG00000125818,PSMF1,-0.84465414,-0.4136317,-0.2770758,-1.3105038
6883_PSMG1_P1P2_ENSG00000183527,PSMG1,-0.808493,0.08966811,0.96703887,-0.23289953
6884_PSMG2_P1P2_ENSG00000128789,PSMG2,-0.06593289,-0.20420682,-0.117456526,-0.5416902
6885_PSMG3_P2_ENSG00000157778,PSMG3,-0.16091418,-0.09370173,-0.64142406,-0.33091456
6886_PSMG3_P1_ENSG00000157778,PSMG3,-0.85184956,-0.08626836,-0.7995338,1.0838125
6887_PSMG4_P1P2_ENSG00000180822,PSMG4,0.9163783,-0.32594717,0.24094196,-0.52347165
6888_PSPC1_P1P2_ENSG00000121390,PSPC1,-0.32773107,-0.6777573,-0.27937067,-0.38107866
688_ATP7A_P1P2_ENSG00000165240,ATP7A,-0.5259046,-0.5338908,-0.30515364,-0.34486663
6890_PSPH_P2_ENSG00000146733,PSPH,-0.4558402,-0.39372066,0.124870725,-0.83778054
6891_PSRC1_P1P2_ENSG00000134222,PSRC1,0.21947818,-0.29757386,-0.17490515,-0.5550047
6892_PSTK_P1_ENSG00000179988,PSTK,-0.075574696,-0.017841963,-0.03502918,0.2721426
6893_PSTK_P2_ENSG00000179988,PSTK,-0.08121217,-0.13929075,-0.46768782,-0.12118865
6894_PSTPIP2_P1P2_ENSG00000152229,PSTPIP2,-0.3181965,0.11938256,-0.054253947,0.07353714
6895_PTAR1_P1P2_ENSG00000188647,PTAR1,0.105759226,0.15949917,-0.06840604,0.7039166
6896_PTBP1_P1P2_ENSG00000011304,PTBP1,-0.4557124,-1.2969929,1.0071107,-0.36882177
6897_PTBP2_P1P2_ENSG00000117569,PTBP2,-0.08311196,1.3455459,-0.336645,0.26219618
6898_PTBP3_P1P2_ENSG00000119314,PTBP3,-0.09814248,-0.62145793,-0.17289837,-0.06658685
689_ATP7B_P1P2_ENSG00000123191,ATP7B,-0.2020372,5.3619485,-0.056599893,0.30257678
68_ACAD9_P1P2_ENSG00000177646,ACAD9,-0.7131336,-0.46438336,0.24411361,-0.42060798
6900_PTCD1_P2_ENSG00000106246,PTCD1,1.2300403,-0.60470355,-0.9375226,0.32886317
6901_PTCD2_P1P2_ENSG00000049883,PTCD2,-0.14168389,-1.0551527,0.34588724,-0.7979847
6902_PTCD3_P1P2_ENSG00000132300,PTCD3,1.5714203,0.036171567,0.66767997,0.29896307
6903_PTDSS1_P1P2_ENSG00000156471,PTDSS1,0.6021973,0.07754188,-0.056316722,-0.6530186
6904_PTDSS2_P1P2_ENSG00000174915,PTDSS2,-0.2803286,-0.8240708,-0.047649987,-0.12741823
6905_PTEN_P1P2_ENSG00000171862,PTEN,0.8705902,-0.4686288,1.1080427,-1.0951403
6906_PTER_P1P2_ENSG00000165983,PTER,-1.0033225,0.23392797,-0.10531727,-0.43206254
6907_PTF1A_P1P2_ENSG00000168267,PTF1A,0.6564838,-0.56335264,-0.23241664,-0.0017424113
6908_PTGER3_P1P2_ENSG00000050628,PTGER3,0.0014104072,-0.022745742,-1.2642798,0.07437318
6909_PTGES2_P1P2_ENSG00000148334,PTGES2,0.26480734,0.064195395,0.06811305,-0.41436258
690_ATP8B2_P1_ENSG00000143515,ATP8B2,-0.90306216,-0.35049194,1.2272915,-1.3370552
6910_PTGES3_P1P2_ENSG00000110958,PTGES3,0.40744424,0.5606818,-0.8250859,0.83776355
6911_PTGFRN_P1P2_ENSG00000134247,PTGFRN,-0.2562461,-0.14655957,-0.20107152,0.08794931
6912_PTGR2_P1P2_ENSG00000140043,PTGR2,0.6341239,-1.7955984,2.2515433,0.824461
6913_PTK2B_P1P2_ENSG00000120899,PTK2B,-0.53916913,-0.67665786,-0.10427328,-0.5954377
6914_PTK2_P1P2_ENSG00000169398,PTK2,0.16434644,-0.30650657,-0.34512523,0.043110516
6915_PTK7_P1P2_ENSG00000112655,PTK7,-0.3617773,-0.015919887,-0.3110429,0.13733739
6916_PTMA_P1P2_ENSG00000187514,PTMA,0.012046806,-0.520879,1.3007598,-0.051559694
6917_PTMS_P1P2_ENSG00000159335,PTMS,-0.61546624,-0.08330162,-0.45607507,-0.34090808
6918_PTOV1_P1P2_ENSG00000104960,PTOV1,-0.09284902,-0.7009313,0.51297504,-0.30884606
6919_PTP4A1_P1P2_ENSG00000112245,PTP4A1,-0.32349452,-0.73147625,0.49045554,-1.5145941
691_ATP8B2_P2_ENSG00000143515,ATP8B2,0.92348975,0.17346287,-0.6993346,5.712813
6920_PTP4A2_P1P2_ENSG00000184007,PTP4A2,-0.66952926,-0.7543322,1.2379621,0.8048109
6921_PTP4A3_P1P2_ENSG00000184489,PTP4A3,-0.117485255,-0.07207067,0.34404978,-0.3171922
6922_PTPMT1_P1P2_ENSG00000110536,PTPMT1,3.1407528,0.28608805,-1.1755683,1.192761
6923_PTPN11_P1P2_ENSG00000179295,PTPN11,-0.080169655,-0.57367206,3.9563434,-1.9420617
6924_PTPN12_P1P2_ENSG00000127947,PTPN12,0.5240723,0.18882266,-0.050484158,0.19821031
6925_PTPN18_P2_ENSG00000072135,PTPN18,-0.39229012,0.29553732,-0.5230546,-0.14797279
6926_PTPN18_P1_ENSG00000072135,PTPN18,-0.42206526,-0.014861152,-0.020483263,-0.47618163
6927_PTPN1_P1P2_ENSG00000196396,PTPN1,1.1419954,4.1814985,-3.9007175,13.471816
6928_PTPN23_P1P2_ENSG00000076201,PTPN23,-0.33273974,-0.54783875,-0.3123145,-0.08061601
6929_PTPN2_P1P2_ENSG00000175354,PTPN2,0.3916245,0.23593064,-0.97569907,0.63692665
692_ATP9B_P1P2_ENSG00000166377,ATP9B,-0.515854,0.238705,0.12241037,-0.16777861
6930_PTPN4_P1P2_ENSG00000088179,PTPN4,-0.34320042,-0.23034923,0.6468189,0.16799332
6931_PTPN7_P1P2_ENSG00000143851,PTPN7,-0.56335557,0.59358734,-0.16979045,0.56643456
6932_PTPN9_P1P2_ENSG00000169410,PTPN9,0.028053744,-0.022273254,0.08008805,-0.16848329
6933_PTPRA_P1P2_ENSG00000132670,PTPRA,-0.07072287,-0.5162563,-0.53518313,-0.73565936
6934_PTPRC_P1P2_ENSG00000081237,PTPRC,-0.24646084,-0.6016102,0.3431625,0.11878062
6935_PTPRF_P1P2_ENSG00000142949,PTPRF,-0.20127328,-0.16754544,-0.6833527,-0.20926632
6936_PTPRG_P1P2_ENSG00000144724,PTPRG,-0.6421192,0.46513554,-0.080253325,0.14038666
6937_PTPRH_P1P2_ENSG00000080031,PTPRH,-0.24922344,-0.48571408,0.7013527,-0.083730124
6938_PTPRR_P1P2_ENSG00000153233,PTPRR,-0.067223005,0.096510686,0.05449589,-0.2650433
6939_PTPRS_P1P2_ENSG00000105426,PTPRS,-0.42351902,-0.09272698,-0.5819165,-0.07205189
693_ATPAF1_P1P2_ENSG00000123472,ATPAF1,-0.78372544,-0.072864175,0.23615344,0.10619962
6940_CAVIN1_P1P2_ENSG00000177469,CAVIN1,0.04127056,-0.3923881,0.30812204,0.08851941
6941_PTRH1_P1P2_ENSG00000187024,PTRH1,-0.21319896,-0.29351,-0.3763779,-0.5484102
6942_PTRH2_P1P2_ENSG00000141378,PTRH2,-0.5094481,-0.7524118,-0.22597346,-0.061199546
6943_PTRHD1_P1P2_ENSG00000184924,PTRHD1,-0.35108802,-0.03323432,-0.53544444,-0.12326175
6944_PTS_P1P2_ENSG00000150787,PTS,0.05831855,-0.37116435,0.7465932,-0.41519842
6945_PTTG1IP_P1P2_ENSG00000183255,PTTG1IP,-0.25536573,-0.11000538,0.15277465,-0.8017779
6947_PUF60_P1P2_ENSG00000179950,PUF60,1.4707397,0.6292946,0.3489767,1.7702723
6948_PUM1_P1P2_ENSG00000134644,PUM1,-0.52401537,-0.2685855,1.5986938,-1.2977611
6949_PUM2_P1P2_ENSG00000055917,PUM2,-1.0137769,-0.73837876,0.1887246,-0.5807512
694_ATPAF2_P1P2_ENSG00000171953,ATPAF2,-0.06022551,-0.06641736,-0.7038642,0.12034165
6950_PURA_P1_ENSG00000185129,PURA,-0.44514623,0.23740613,0.13916479,-0.7222407
6951_PURA_P2_ENSG00000185129,PURA,-0.1265606,-0.3967592,0.0910869,-0.17549562
6952_PURB_P1P2_ENSG00000146676,PURB,0.23855236,-0.15576743,-0.0787379,0.1567937
6953_PURG_P1P2_ENSG00000172733,PURG,-0.16330458,0.8335226,-0.17026487,0.32668537
6954_PUS10_P1P2_ENSG00000162927,PUS10,-1.2995534,0.089576825,-0.054320566,-0.5616648
6955_PUS1_P1P2_ENSG00000177192,PUS1,-0.29891866,-0.18178746,-0.3879525,-0.49568808
6956_PUS3_P1P2_ENSG00000110060,PUS3,0.251435,-0.7383521,0.38093236,0.1275257
6957_PUS7L_P1P2_ENSG00000129317,PUS7L,-0.50865054,-0.21299833,-0.16156276,-0.27742457
6959_PUSL1_P1P2_ENSG00000169972,PUSL1,-0.7915473,0.38074347,-0.4410154,-0.579239
695_ATP5IF1_P1P2_ENSG00000130770,ATP5IF1,-0.5111964,0.008959258,0.43940306,-0.09490095
6960_NECTIN2_P1P2_ENSG00000130202,NECTIN2,1.1678827,-0.46619222,-1.056285,-0.8871604
6961_PVR_P1P2_ENSG00000073008,PVR,-0.33890855,0.10844804,0.3857508,-0.18321429
6962_PWP1_P1P2_ENSG00000136045,PWP1,0.09639096,-1.1860652,0.9050237,0.094418935
6963_PWP2_P1P2_ENSG00000241945,PWP2,0.71876657,1.5940512,1.0021334,0.76255774
6964_PWWP2A_P1P2_ENSG00000170234,PWWP2A,0.032079972,0.4631411,-0.26720238,0.32071802
6965_PWWP2B_P2_ENSG00000171813,PWWP2B,-0.062345196,-0.5710859,-0.18869445,-0.1161911
6966_PWWP2B_P1_ENSG00000171813,PWWP2B,-0.18431984,0.22811334,-0.7679545,-0.21561295
6967_PXK_P1P2_ENSG00000168297,PXK,0.035510797,0.022795646,-0.31151584,-0.40720117
6968_PXMP2_P1P2_ENSG00000176894,PXMP2,-0.016674636,-0.47728598,-0.2861622,-0.09271169
6969_PXMP4_P1P2_ENSG00000101417,PXMP4,-0.3752877,-0.42832857,-0.39169732,-0.58164454
696_ATRAID_P1P2_ENSG00000138085,ATRAID,-0.3747211,0.34382415,-0.47480717,0.1283139
6970_PXN_P1P2_ENSG00000089159,PXN,0.012867802,-0.6512929,-0.075265154,0.08134765
6971_PYCARD_P1P2_ENSG00000103490,PYCARD,0.25397447,0.25400165,-0.48988533,0.5442177
6972_PYCR1_P1P2_ENSG00000183010,PYCR1,-0.18085118,-0.25390658,-0.4364685,-0.36513638
6973_PYCR2_P1P2_ENSG00000143811,PYCR2,0.41693577,-0.25092828,-0.39430612,0.24947882
6974_PYCR3_P1P2_ENSG00000104524,PYCR3,0.32870522,0.7628769,-0.020059021,-0.042296413
6975_PYDC2_ENST00000518817.1_ENSG00000253548,PYDC2,-0.98641914,-0.8545728,-0.6417475,-0.48406038
6976_PYGB_P1P2_ENSG00000100994,PYGB,0.07281115,1.7298532,-1.4938245,0.50490695
6977_PYGL_P1P2_ENSG00000100504,PYGL,-1.0832577,-1.5525107,0.10708539,-1.564818
6978_PYGO2_P1P2_ENSG00000163348,PYGO2,0.021421066,0.138134,-0.6205725,0.15842162
6979_PYROXD1_P1P2_ENSG00000121350,PYROXD1,0.7247823,0.58443695,-0.6300791,0.901476
697_ATRIP_P1P2_ENSG00000164053,ATRIP,-0.33544445,-0.87656134,-0.69435906,1.1609259
6980_PYURF_P1P2_ENSG00000145337,PYURF,0.89802533,-0.57465756,0.4247221,0.00946255
6981_QARS_P1P2_ENSG00000172053,QARS,9.357422,4.9558897,-2.6404216,5.527466
6982_QDPR_P1P2_ENSG00000151552,QDPR,-0.022933668,-0.11454667,-0.2878838,-0.070431195
6983_QKI_P1P2_ENSG00000112531,QKI,-0.38165742,-0.18973678,-0.60062945,-0.5993223
6984_QPCTL_P1P2_ENSG00000011478,QPCTL,0.27284837,-0.12885481,-0.13222471,-0.14678603
6985_QPRT_P1_ENSG00000103485,QPRT,0.18388334,0.2503147,-0.5250577,0.12204794
6986_QPRT_P2_ENSG00000103485,QPRT,-0.2820565,-0.6885533,-0.09381781,-0.18899031
6987_QRICH1_P1P2_ENSG00000198218,QRICH1,-0.52278495,-1.1790154,1.5138824,-1.2913677
6988_QRSL1_P1P2_ENSG00000130348,QRSL1,0.83925545,-0.25803888,-1.0190669,-0.2914885
6989_QSER1_P1P2_ENSG00000060749,QSER1,-0.48475823,0.11443611,-0.052791677,0.3321564
698_ATRX_P1P2_ENSG00000085224,ATRX,-0.40926662,0.7622379,0.21708032,0.15727074
6990_QSOX1_P1P2_ENSG00000116260,QSOX1,-0.5833048,-0.31821048,-0.3935101,-0.22469305
6991_QSOX2_P1P2_ENSG00000165661,QSOX2,-0.44117758,-0.35822526,-0.27612382,-0.42169145
6992_QTRT1_P1P2_ENSG00000213339,QTRT1,0.776146,-0.5648169,-0.9978188,-0.41709715
6993_QTRT2_P1P2_ENSG00000151576,QTRT2,0.1287553,0.6265123,-0.20378551,0.7944832
6994_R3HCC1L_P1P2_ENSG00000166024,R3HCC1L,0.42542127,-0.35463864,-0.35565525,-0.35509822
6995_R3HCC1_P2_ENSG00000104679,R3HCC1,-1.2730036,-0.078284316,-0.038186304,-1.3885
6996_R3HCC1_P1_ENSG00000104679,R3HCC1,0.07820554,0.43355516,-0.32621518,-0.27255243
6997_R3HDM1_P1_ENSG00000048991,R3HDM1,0.27410537,-0.29085207,-0.52047926,-0.21381597
6998_R3HDM1_P2_ENSG00000048991,R3HDM1,0.303725,-0.8009045,0.8600644,-0.0022579697
6999_R3HDM2_P1P2_ENSG00000179912,R3HDM2,-0.790304,0.13036261,0.45012388,-0.075920284
699_ATR_P1P2_ENSG00000175054,ATR,-0.6992541,2.0933692,-0.25461015,2.0740535
69_ACADM_P1P2_ENSG00000117054,ACADM,-0.3957171,0.5897917,0.29374182,0.15812118
6_AAK1_P1P2_ENSG00000115977,AAK1,0.058021653,0.45527586,-0.9723504,0.08317004
7000_R3HDM4_P1_ENSG00000198858,R3HDM4,0.6952421,-0.021583391,-0.96276975,0.22740407
7001_R3HDM4_P2_ENSG00000198858,R3HDM4,-0.63074577,-0.51654166,0.7153379,-0.4866529
7002_RAB10_P1P2_ENSG00000084733,RAB10,-0.2817033,0.14877492,-0.35389647,-0.41078505
7003_RAB11A_P1P2_ENSG00000103769,RAB11A,-0.22897348,-0.28562707,0.016385496,-0.67981285
7004_RAB11B_P1P2_ENSG00000185236,RAB11B,-0.5458332,0.18701357,-0.07249082,-0.17156869
7005_RAB11FIP1_P1P2_ENSG00000156675,RAB11FIP1,0.3622427,0.33029974,-0.70151764,-0.3966303
7006_RAB11FIP4_ENST00000325874.8_ENSG00000131242,RAB11FIP4,0.21290909,-0.11009502,0.12949057,-0.38671675
7007_RAB12_P1P2_ENSG00000206418,RAB12,-0.025756162,0.64087087,-0.028693782,0.10429268
7008_RAB13_P1P2_ENSG00000143545,RAB13,-0.04590163,-0.52603376,0.2931466,-0.21113549
7009_RAB14_P1P2_ENSG00000119396,RAB14,-0.39409688,-0.47448647,0.44186574,-1.0364753
700_ATXN10_P1P2_ENSG00000130638,ATXN10,2.4483135,2.0727878,-1.0323646,2.71182
7010_RAB18_P1P2_ENSG00000099246,RAB18,-0.19117415,2.4887908,-1.0362806,0.50064117
7011_RAB1A_P1P2_ENSG00000138069,RAB1A,0.24304888,-0.11320667,-0.989593,0.6468649
7012_RAB1B_P1P2_ENSG00000174903,RAB1B,1.0129877,2.954087,-0.04978535,1.7919354
7013_RAB20_P1P2_ENSG00000139832,RAB20,-0.8244865,0.2633563,-0.041580547,0.38226965
7014_RAB21_P1P2_ENSG00000080371,RAB21,-0.8819729,-0.09478883,0.28635478,-0.48217195
7015_RAB22A_P1P2_ENSG00000124209,RAB22A,-0.6455589,-0.30184284,-0.33644173,-0.56142026
7016_RAB23_P1P2_ENSG00000112210,RAB23,-0.49792218,-0.64075714,0.34313846,-0.5922467
7017_RAB24_P1P2_ENSG00000169228,RAB24,0.5597375,0.28915733,-0.6533488,0.3941565
7018_RAB27A_P1P2_ENSG00000069974,RAB27A,-0.15027174,0.11791515,-0.4287415,-0.22060162
7019_RAB28_P1P2_ENSG00000157869,RAB28,-0.1709432,-0.2012386,-0.31232885,-0.15464045
701_ATXN1L_P1P2_ENSG00000224470,ATXN1L,-0.4650244,0.79627806,3.9598181,-0.937395
7020_RAB2A_P1P2_ENSG00000104388,RAB2A,-0.11248122,-0.5902767,0.43130103,-0.35367092
7021_RAB2B_P1P2_ENSG00000129472,RAB2B,0.26670524,0.68374324,1.206135,0.05194416
7022_RAB30_P1P2_ENSG00000137502,RAB30,-0.6346348,-0.6978954,0.4971325,-0.3134933
7023_RAB31_P1P2_ENSG00000168461,RAB31,-0.07490646,-0.29863018,-0.5463893,-0.5649442
7024_RAB32_P1P2_ENSG00000118508,RAB32,0.05777625,-0.05449817,-0.06630834,1.304354
7025_RAB35_P1P2_ENSG00000111737,RAB35,-0.4019304,0.15482895,0.3690276,-1.0382336
7026_RAB3GAP1_P1P2_ENSG00000115839,RAB3GAP1,0.5050715,-0.8555307,-0.086357795,-0.58727884
7027_RAB3GAP2_P1P2_ENSG00000118873,RAB3GAP2,-0.37129238,0.0723362,-0.1998547,-0.06950884
7028_RAB3IL1_P1P2_ENSG00000167994,RAB3IL1,-0.047896188,1.1909693,0.015912347,-0.42481947
7029_RAB3IP_P1P2_ENSG00000127328,RAB3IP,-0.77553,-0.7758125,0.11706908,-0.8503447
702_ATXN2L_P1P2_ENSG00000168488,ATXN2L,-0.26028192,-0.1447203,-0.33221933,-0.10126483
7030_RAB40B_P1P2_ENSG00000141542,RAB40B,-0.5961315,-0.53616893,1.020036,-0.17417412
7031_RAB40C_P1P2_ENSG00000197562,RAB40C,-0.34963623,-0.19483724,0.23251268,-0.16681898
7032_RAB4A_P1P2_ENSG00000168118,RAB4A,0.08764143,-0.21014951,-0.06061106,0.0613313
7033_RAB4B_P1P2_ENSG00000167578,RAB4B,-0.43768832,0.37433523,0.6770233,0.48419985
7034_RAB5A_P1P2_ENSG00000144566,RAB5A,0.105090946,-0.48328257,-0.26603585,-0.37877008
7035_RAB5B_P1P2_ENSG00000111540,RAB5B,-0.21443488,0.7663151,-0.2977379,0.6906655
7036_RAB5C_P1_ENSG00000108774,RAB5C,-0.62395155,-0.08225577,-0.06728263,-0.31746015
7037_RAB5C_P2_ENSG00000108774,RAB5C,-0.2518955,0.606509,-0.044632796,0.66868335
7038_RAB6A_P1P2_ENSG00000175582,RAB6A,-0.5647254,0.13645214,0.21462844,0.95985794
7039_RAB7A_P1P2_ENSG00000075785,RAB7A,-0.023624578,-0.63495123,0.33709148,0.03338983
703_ATXN2_P1P2_ENSG00000204842,ATXN2,0.27061677,0.34325895,0.72784644,0.2504365
7040_RAB8A_P1P2_ENSG00000167461,RAB8A,-0.23843658,0.31206575,-0.70298606,-0.31289396
7041_RAB8B_P1P2_ENSG00000166128,RAB8B,0.6574129,-1.1488402,0.5869945,-0.024497915
7042_RAB9A_P1P2_ENSG00000123595,RAB9A,-0.3273926,-0.46721166,0.21245952,-0.49007756
7043_RABAC1_P1P2_ENSG00000105404,RABAC1,0.19959751,-0.35983944,-0.19640075,0.25989625
7044_RABEP1_P1P2_ENSG00000029725,RABEP1,0.09866463,0.18020569,-0.22494939,-0.018311098
7045_RABEP2_P1P2_ENSG00000177548,RABEP2,-0.15209681,-0.37637693,0.063860536,-0.38945577
7046_RABEPK_P1P2_ENSG00000136933,RABEPK,0.17023307,0.48149237,-0.2756456,-0.35050207
7047_RABGAP1L_P1P2_ENSG00000152061,RABGAP1L,0.1490203,-0.105564594,-0.30446035,0.109441325
7048_RABGAP1_P1P2_ENSG00000011454,RABGAP1,0.17978626,-0.033218607,-0.21512906,0.18574788
7049_RABGEF1_P1P2_ENSG00000154710,RABGEF1,-0.42140535,-0.18144484,0.012209226,-0.21236388
704_ATXN3_P1P2_ENSG00000066427,ATXN3,0.03960908,0.03918642,-0.23267813,-0.09978365
7050_RABGGTA_P1P2_ENSG00000100949,RABGGTA,1.1328593,-0.63897663,-0.833985,2.3361042
7051_RABGGTB_P1P2_ENSG00000137955,RABGGTB,1.1833746,0.27145442,0.3566316,1.7150228
7052_RABIF_P1P2_ENSG00000183155,RABIF,-0.062945105,-0.96828055,0.22286274,-0.29684922
7053_RABL3_P1P2_ENSG00000144840,RABL3,-0.45694107,-1.060714,-0.58796525,0.67925537
7054_RABL6_P1P2_ENSG00000196642,RABL6,0.58217204,-0.13584012,-0.37050876,0.26496342
7055_RAC1_P1P2_ENSG00000136238,RAC1,0.5216896,-0.16999318,-0.6417998,-0.038304735
7056_RAC2_P1P2_ENSG00000128340,RAC2,-0.44953787,-0.25123814,-0.070269056,-0.30130243
7057_RAC3_P1P2_ENSG00000169750,RAC3,-0.36159313,0.19433628,-0.5738323,0.9327559
7058_RACGAP1_P1P2_ENSG00000161800,RACGAP1,-0.5255521,0.08822179,-0.2288285,-0.5136609
7059_RAD17_P1P2_ENSG00000152942,RAD17,-0.20264699,-0.48708826,0.5215262,0.0030290245
705_ATXN7L1_P1P2_ENSG00000146776,ATXN7L1,0.10535455,-0.6022389,0.8086601,-0.6265058
7060_RAD18_P1P2_ENSG00000070950,RAD18,-0.2592761,-0.30137485,-0.05044368,-0.043454576
7061_RAD1_P1P2_ENSG00000113456,RAD1,-0.8941496,-0.3322147,0.33992147,-0.7004362
7062_RAD21_P1P2_ENSG00000164754,RAD21,-0.05811704,7.7112346,-0.5369307,2.2344365
7063_RAD23A_P1P2_ENSG00000179262,RAD23A,0.23883824,-0.29841515,-0.77236915,-0.091012485
7064_RAD23B_P1P2_ENSG00000119318,RAD23B,-0.09476229,-0.3614165,-0.6729563,0.28084996
7065_RAD50_P1P2_ENSG00000113522,RAD50,-0.59089047,0.022565953,-0.20340759,-0.6374497
7066_RAD51AP1_P1P2_ENSG00000111247,RAD51AP1,-0.008143359,-0.6862469,-0.2900218,-0.18048552
7067_RAD51B_P1P2_ENSG00000182185,RAD51B,-0.7685071,0.26619634,-0.24492119,0.028896775
7068_RAD51C_P1P2_ENSG00000108384,RAD51C,-0.47251165,-2.0979726,3.8303359,-1.8355012
7069_RAD51D_P1P2_ENSG00000185379,RAD51D,-0.26338938,-0.39013046,0.15744922,-0.032035958
706_ATXN7L3B_P1P2_ENSG00000253719,ATXN7L3B,-0.6785376,-0.5878658,0.49478573,-1.0190557
7070_RAD51_P1P2_ENSG00000051180,RAD51,-0.26027027,-1.0891366,4.1652236,-0.495971
7071_RAD52_P1_ENSG00000002016,RAD52,0.05944918,0.12545907,0.04506167,-0.18552592
7072_RAD52_P2_ENSG00000002016,RAD52,0.4716647,-0.10453828,-0.11688575,0.062576674
7073_RAD54B_P1P2_ENSG00000197275,RAD54B,-0.4464423,-0.22167434,-0.47559837,-0.37609714
7075_RAD54L_P1P2_ENSG00000085999,RAD54L,-0.44583514,-0.69906944,0.834288,-0.9653637
7076_RAD9A_P1P2_ENSG00000172613,RAD9A,-0.17675571,-0.8409074,0.905288,0.1450845
7077_RAE1_P1P2_ENSG00000101146,RAE1,-0.18856996,-1.247426,1.0934974,0.8793958
7078_RAF1_P1P2_ENSG00000132155,RAF1,-0.22139229,-0.56590647,0.65440494,-0.6782568
7079_RAG1_P1P2_ENSG00000166349,RAG1,0.62384415,-0.53616345,0.18264158,0.05373809
707_ATXN7L3_P1P2_ENSG00000087152,ATXN7L3,-0.39204085,0.40684888,-0.45498523,0.32392657
7080_RAI14_P1P2_ENSG00000039560,RAI14,0.61893374,0.5783831,0.18411408,-0.94794714
7081_RAI1_P1P2_ENSG00000108557,RAI1,-0.2510471,-0.2146846,0.6835921,-0.3178431
7082_RALA_P1P2_ENSG00000006451,RALA,-0.41389212,-0.025236845,-0.03980821,-0.48111293
7083_RALBP1_P1P2_ENSG00000017797,RALBP1,0.063073955,0.24208467,-0.6251855,0.2566408
7084_RALB_P1P2_ENSG00000144118,RALB,-0.17889921,-0.55835414,-0.41980276,-0.13928866
7085_RALGAPA1_P1P2_ENSG00000174373,RALGAPA1,-0.3935741,-0.44439858,-0.08718671,-0.6331367
7086_RALGAPB_P1P2_ENSG00000170471,RALGAPB,-0.4973068,-0.12303492,0.17760925,-0.61809987
7087_RALGDS_P1_ENSG00000160271,RALGDS,0.09609656,-0.37376648,0.15772611,-0.35233527
7088_RALGDS_P2_ENSG00000160271,RALGDS,-0.23248771,0.5538397,-0.1329077,0.3032584
7089_RALGPS2_P1P2_ENSG00000116191,RALGPS2,-0.058588848,-0.678276,-0.059455827,0.13459517
708_ATXN7_ENST00000538065.1_ENSG00000163635,ATXN7,0.20215055,0.29658037,-0.6757014,0.034609213
7090_RALY_P1P2_ENSG00000125970,RALY,-0.04360249,0.035224512,0.019988352,-0.35029006
7091_RANBP10_P1P2_ENSG00000141084,RANBP10,1.5202738,-2.623873,-0.52723706,-0.8793289
7092_RANBP1_P1P2_ENSG00000099901,RANBP1,-0.26117307,-0.32557437,0.019274652,-0.69462854
7093_RANBP2_P1P2_ENSG00000153201,RANBP2,-0.24560417,0.1973876,0.505319,-0.6865157
7094_RANBP3_P1P2_ENSG00000031823,RANBP3,-0.083711125,-1.359979,1.441236,-0.5734406
7095_RANBP6_P1P2_ENSG00000137040,RANBP6,-0.04679846,-0.22030576,0.08129662,-0.51189727
7096_RANBP9_P1P2_ENSG00000010017,RANBP9,-0.13513911,0.5524509,-0.24516267,-0.059200805
7097_RANGAP1_P1P2_ENSG00000100401,RANGAP1,-1.1567273,0.04763988,0.5858723,-1.656476
7098_RANGRF_P1P2_ENSG00000108961,RANGRF,0.90711397,-0.18185544,0.2283517,-0.04718068
7099_RAN_P1P2_ENSG00000132341,RAN,-0.57472783,-0.5513805,0.62622535,-0.93235314
709_ATXN7_ENST00000398590.3_ENSG00000163635,ATXN7,-0.27929226,1.3859668,-1.3209513,0.7570686
70_ACADSB_P1P2_ENSG00000196177,ACADSB,0.5624386,-0.29636237,-0.7241257,0.6196656
7100_RAP1A_P1P2_ENSG00000116473,RAP1A,0.47113952,0.14266375,-0.41071957,0.49316648
7101_RAP1B_P1P2_ENSG00000127314,RAP1B,0.041151017,-0.22012787,-0.05696328,0.026257126
7102_RAP1GAP_P2_ENSG00000076864,RAP1GAP,-0.2630902,-0.07953363,0.12228913,-0.23513001
7103_RAP1GAP_P1_ENSG00000076864,RAP1GAP,0.09902621,-0.076574855,-0.10988986,0.18274057
7104_RAP1GDS1_P1P2_ENSG00000138698,RAP1GDS1,-0.032960318,-0.4194005,0.29492983,-0.10692256
7105_RAP2A_P1P2_ENSG00000125249,RAP2A,-0.036638375,-0.101636626,0.24625853,-0.8061607
7106_RAP2B_P1P2_ENSG00000181467,RAP2B,-0.6033244,-0.60979897,-0.43102872,-0.39815426
7107_RAP2C_P1P2_ENSG00000123728,RAP2C,-0.64621365,-0.6059865,0.117302395,-0.6687199
7108_RAPGEF1_ENST00000372190.3_ENSG00000107263,RAPGEF1,0.11110287,-0.99181616,0.2592517,-0.64437294
7109_RAPGEF2_ENST00000264431.4_ENSG00000109756,RAPGEF2,0.45287323,0.09295078,-1.7085115,0.70190686
710_AUH_P1P2_ENSG00000148090,AUH,0.3133677,-0.22320037,-0.014527376,-0.08841047
7110_RAPGEF6_P1P2_ENSG00000158987,RAPGEF6,-0.60488284,-2.0678978,2.5127327,-0.45485446
7111_RARA_P1_ENSG00000131759,RARA,-0.081253216,2.8521798,2.8733711,-0.16680993
7112_RARA_P2_ENSG00000131759,RARA,0.13178803,-0.2397673,-0.7516795,-0.35079664
7113_RARB_P1P2_ENSG00000077092,RARB,-0.18349536,-0.32640034,-0.22110683,-0.30651978
7114_RARG_P1_ENSG00000172819,RARG,0.2700374,0.4040476,-0.39296836,0.39508376
7115_RARG_P2_ENSG00000172819,RARG,0.07891747,-0.12546782,-0.96325725,-0.021435637
7116_RARS2_P1P2_ENSG00000146282,RARS2,4.1809797,0.63478106,-1.3582653,-0.21423842
7117_RARS_P1P2_ENSG00000113643,RARS,7.4642825,1.47528,-2.395529,4.906483
7118_RASA1_P1_ENSG00000145715,RASA1,-0.3537609,0.3263666,-1.1560656,-0.61069334
7119_RASA1_P2_ENSG00000145715,RASA1,-0.37669116,0.25168028,-0.39673075,-0.34357646
711_AUNIP_P1P2_ENSG00000127423,AUNIP,-0.045370903,-0.23138718,-0.46477914,-0.24102177
7120_RASA2_P1P2_ENSG00000155903,RASA2,0.011203221,0.29057437,-0.7199343,0.5660115
7121_RASA3_P1P2_ENSG00000185989,RASA3,-0.15281878,-0.074134216,-0.22307758,0.58752507
7122_RASGEF1A_P1P2_ENSG00000198915,RASGEF1A,-0.8043811,-0.06241244,-0.36459276,-0.4702286
7123_RASGRP2_P1_ENSG00000068831,RASGRP2,-0.51824653,-0.5812571,-0.1266968,-0.44003245
7124_RASGRP2_P2_ENSG00000068831,RASGRP2,0.18448406,0.09635635,-0.78551084,0.9755205
7125_RASSF1_P1_ENSG00000068028,RASSF1,-0.43995076,0.16599482,-0.6407014,0.3183705
7126_RASSF1_P2_ENSG00000068028,RASSF1,0.5958935,-0.77828133,0.36313727,-0.1498248
7127_RASSF3_P1P2_ENSG00000153179,RASSF3,1.8022809,-1.0200735,0.9638763,-1.2748094
7128_RASSF5_P1P2_ENSG00000266094,RASSF5,-0.2432693,-0.22546686,0.5911728,-0.72799915
7129_RASSF7_P1P2_ENSG00000099849,RASSF7,-0.19191432,-0.19833332,-0.6879834,0.39184445
712_AUP1_P1P2_ENSG00000115307,AUP1,-0.26440307,-0.3219861,-0.09666024,-0.581293
7130_RAVER1_P1_ENSG00000161847,RAVER1,-0.38707662,0.26299894,0.2463727,-0.51093346
7131_RAVER1_P2_ENSG00000161847,RAVER1,-0.13833258,0.5075992,0.017022293,0.017901363
7132_RAX2_P1P2_ENSG00000173976,RAX2,0.06565067,0.054299068,0.45579967,-0.8774605
7133_RAX_P1P2_ENSG00000134438,RAX,-0.121357664,-0.2727977,0.13101767,-0.29510313
7134_RB1CC1_P2_ENSG00000023287,RB1CC1,-0.68303114,-0.06495414,0.7113837,-0.16050714
7135_RB1CC1_P1_ENSG00000023287,RB1CC1,-0.83218557,-0.69132584,0.48888317,-0.25416481
7136_RB1_P1P2_ENSG00000139687,RB1,-0.16282235,-0.15849216,-0.70217365,-0.4040536
7137_RBAK-RBAKDN_ENST00000407184.1_nan,RBAK-RBAKDN,-0.07190646,0.09163751,-0.42538288,0.11806783
7138_RBAK_P1_ENSG00000146587,RBAK,-0.7968207,-0.33704185,0.18682168,-0.53945255
7139_RBAK_P2_ENSG00000146587,RBAK,-0.4558674,-0.31783456,-0.40474343,0.07959651
713_AURKAIP1_P1P2_ENSG00000175756,AURKAIP1,0.81946594,0.096304655,0.5316188,-0.285574
7140_RBBP4_P1P2_ENSG00000162521,RBBP4,0.129465,0.190343,0.6107438,0.48097867
7141_RBBP5_P1P2_ENSG00000117222,RBBP5,-0.6232414,3.4927962,-0.71656775,-0.82093793
7142_RBBP6_P1P2_ENSG00000122257,RBBP6,-0.40324947,1.0661393,0.6376517,1.5278132
7143_RBBP7_P1P2_ENSG00000102054,RBBP7,0.11817609,0.06874891,-0.71845394,0.08826977
7144_RBBP8_P1P2_ENSG00000101773,RBBP8,0.7069476,-0.8081732,2.0582807,0.17027435
7145_RBCK1_P1P2_ENSG00000125826,RBCK1,-0.7635306,-0.6031103,0.25844455,-1.0406309
7146_RBFA_P1P2_ENSG00000101546,RBFA,1.4213907,0.01828471,-0.33734512,0.0067080897
7147_RBFOX2_P2_ENSG00000100320,RBFOX2,-0.09867005,-0.6690531,1.2478169,-0.17174622
7148_RBFOX2_P1_ENSG00000100320,RBFOX2,0.41892773,-0.111173555,-0.7830106,3.0219126
7149_RBL1_P1P2_ENSG00000080839,RBL1,-0.07573322,-0.21623035,-0.020426713,0.46728826
7150_RBL2_P1_ENSG00000103479,RBL2,-0.33840072,-0.24396637,0.11645408,-0.59678787
7151_RBL2_P2_ENSG00000103479,RBL2,-0.5864955,-0.42202526,-0.21505351,-0.5984031
7152_RBM10_P1P2_ENSG00000182872,RBM10,0.09134375,0.5984854,0.40438327,1.1791563
7153_RBM12B_P1P2_ENSG00000183808,RBM12B,-0.23028533,0.4044094,-0.7791874,0.06777178
7154_RBM12_P1P2_ENSG00000244462,RBM12,-0.7294895,-0.968929,4.240478,-0.7289043
7155_RBM14-RBM4_P1_nan,RBM14-RBM4,0.32526004,0.4288327,-0.47225833,5.3853264
7156_RBM14-RBM4_P2_nan,RBM14-RBM4,-0.5991735,-0.22635151,-0.16901441,0.08864372
7158_RBM15B_P1_ENSG00000259956,RBM15B,0.075699955,0.31445524,-0.69645923,0.20651616
7159_RBM15B_P2_ENSG00000259956,RBM15B,-0.21445353,-0.44114915,-0.057557903,-0.8372363
715_AURKB_P1P2_ENSG00000178999,AURKB,-0.40143213,-0.20301425,-0.018670177,-0.4653758
7160_RBM15_P1P2_ENSG00000162775,RBM15,-0.43994465,-0.44731447,0.016884524,-0.70599353
7161_RBM17_P1P2_ENSG00000134453,RBM17,0.3415328,1.1167518,-1.2950481,1.2458736
7162_RBM18_P1P2_ENSG00000119446,RBM18,-0.60130376,0.3688256,-0.5282659,0.50361526
7163_RBM19_P1P2_ENSG00000122965,RBM19,-0.72237676,-0.24879944,2.2332814,0.5635255
7165_RBM23_P1P2_ENSG00000100461,RBM23,-0.07101007,-0.20501582,-0.32621032,0.19833666
7166_RBM25_P1P2_ENSG00000119707,RBM25,0.23475435,-1.2555393,-2.0120497,3.3216765
7167_RBM26_P1P2_ENSG00000139746,RBM26,0.72862166,0.05872247,-0.41982833,-0.34152704
7168_RBM27_P1P2_ENSG00000091009,RBM27,-0.18049346,0.37336737,-0.1765704,-0.44536602
7169_RBM28_P1P2_ENSG00000106344,RBM28,-0.03414428,3.3690436,2.1495104,1.9349383
716_AVEN_P1P2_ENSG00000169857,AVEN,-0.48052955,-0.96863836,-0.20988765,-1.3088825
7170_RBM33_P1P2_ENSG00000184863,RBM33,-0.56471914,0.6065742,0.4532971,-0.29223016
7171_RBM34_P1P2_ENSG00000188739,RBM34,-0.24449638,-0.8427659,0.18827426,-0.40519583
7172_RBM38_P1P2_ENSG00000132819,RBM38,-0.05889714,-0.45687836,0.44366938,-0.41042253
7173_RBM39_P1P2_ENSG00000131051,RBM39,-0.48234233,0.07589847,0.11683823,-0.28561962
7174_RBM3_P1P2_ENSG00000102317,RBM3,-0.37907964,-0.072521195,-0.40070984,0.11471568
7175_RBM41_P1P2_ENSG00000089682,RBM41,-0.026259389,-0.38062334,-0.7903047,-0.4188206
7176_RBM42_P1P2_ENSG00000126254,RBM42,-0.4462056,-0.6765291,1.5845644,-0.9625003
7177_RBM45_P1P2_ENSG00000155636,RBM45,0.4077235,-0.45637292,-0.40055674,-0.01332954
7178_RBM48_P1P2_ENSG00000127993,RBM48,1.4906785,0.45377466,-0.46646297,2.2638502
7179_RBM4B_P1P2_ENSG00000173914,RBM4B,0.120731786,0.16372333,0.22782233,-0.22789389
717_AVL9_P1P2_ENSG00000105778,AVL9,0.38253918,-0.006588198,-0.7021017,0.5729245
7181_RBM4_P2_ENSG00000173933,RBM4,0.59968823,0.7853607,0.03480032,0.50215065
7182_RBM5_P1P2_ENSG00000003756,RBM5,-0.43647963,0.029133124,-0.036346704,-0.6957057
7183_RBM6_P1P2_ENSG00000004534,RBM6,-0.44048077,-0.10495142,-0.21691488,-0.36112455
7184_RBM7_P1P2_ENSG00000076053,RBM7,0.69433933,-0.7319888,-0.14881428,-1.51757
7185_RBM8A_P1P2_ENSG00000265241,RBM8A,-1.8487637,0.56621975,-0.054672178,-0.31572586
7186_RBMX2_P1P2_ENSG00000134597,RBMX2,0.8624161,0.5409987,0.5028546,1.845246
7187_RBMXL1_P1P2_ENSG00000213516,RBMXL1,-0.6504181,-0.3211262,-0.086873226,-0.7111719
7188_RBMX_P1P2_ENSG00000147274,RBMX,0.5335528,0.7251834,1.6924473,-0.12411323
7189_RBP5_P1P2_ENSG00000139194,RBP5,-0.1228689,0.020987082,-0.22363323,-0.06321216
718_AVPI1_P1P2_ENSG00000119986,AVPI1,0.16834101,-0.5402062,-0.45294964,-0.55199915
7190_RBPJL_P1P2_ENSG00000124232,RBPJL,0.48313165,0.9366714,-0.42045286,0.88108754
7191_RBPJ_P1P2_ENSG00000168214,RBPJ,-0.2142077,-0.17890345,-0.14166735,-0.004211682
7192_RBPMS2_P1P2_ENSG00000166831,RBPMS2,-0.16426286,-0.18695596,-0.2794474,-0.69495004
7193_RBX1_P1P2_ENSG00000100387,RBX1,-0.4672369,-0.0046221204,0.7140587,1.9071907
7194_RC3H1_P1P2_ENSG00000135870,RC3H1,-0.43559268,-0.18319058,0.6763725,-0.6154923
7195_RC3H2_P1P2_ENSG00000056586,RC3H2,0.07996937,-0.30491427,0.19503288,-0.36700103
7196_RCAN1_P1P2_ENSG00000159200,RCAN1,0.21001212,-0.59073514,-0.54765034,-0.14788023
7197_RCBTB2_P1P2_ENSG00000136161,RCBTB2,-0.11493157,-0.57821286,-0.12986076,-0.29627728
7198_RCC1_P1_ENSG00000180198,RCC1,0.14397836,0.8676252,0.51549184,-0.64370906
7199_RCC1_P2_ENSG00000180198,RCC1,-0.3857032,-0.04739373,-0.32361972,-0.45207614
719_AXIN1_P1P2_ENSG00000103126,AXIN1,0.113594204,0.7455383,0.20046772,-0.34281465
71_ACADS_P1P2_ENSG00000122971,ACADS,-0.4692027,-0.44803208,0.25266153,-0.40587717
7200_RCC2_P1_ENSG00000179051,RCC2,-0.14099531,-1.1231118,0.1662229,-0.23867154
7201_RCC2_P2_ENSG00000179051,RCC2,0.027773017,0.6232816,1.0464691,-0.59875005
7202_RCCD1_P1_ENSG00000166965,RCCD1,-0.17810218,0.03593813,-0.268178,-0.4013423
7203_RCCD1_P2_ENSG00000166965,RCCD1,2.9760818,1.8299233,-1.1613425,1.7286499
7204_RCE1_P1P2_ENSG00000173653,RCE1,-0.305047,-0.08373935,0.27570504,-0.540137
7205_RCHY1_P1P2_ENSG00000163743,RCHY1,-0.16018286,0.36785033,-0.035827056,-0.9718604
7206_RCL1_P1P2_ENSG00000120158,RCL1,0.03262153,-0.05779763,1.2760446,-0.9479862
7207_RCN1_P1P2_ENSG00000049449,RCN1,-0.23816031,-0.08622476,-0.19139346,-0.08370118
7208_RCN2_P1P2_ENSG00000117906,RCN2,-0.54280525,0.22712754,0.21096261,-0.44244045
7209_RCN3_P1P2_ENSG00000142552,RCN3,-0.34696165,-0.30430487,-0.3268551,-0.32977796
720_AXL_P1P2_ENSG00000167601,AXL,-0.022044059,-0.46866974,-0.45391697,-0.4910288
7210_RCOR1_P1P2_ENSG00000089902,RCOR1,-0.1135204,-0.8745693,0.39653015,1.1022736
7211_RCOR3_P1P2_ENSG00000117625,RCOR3,-0.36201346,-0.6955586,0.5915064,-0.34062198
7212_RCSD1_P1P2_ENSG00000198771,RCSD1,-0.31515992,-0.07413648,-0.44210157,0.12664883
7213_RDH10_P1P2_ENSG00000121039,RDH10,0.1899255,0.7614662,-0.022200847,0.025729708
7214_RDH11_P1P2_ENSG00000072042,RDH11,0.3407784,0.09513734,-0.61189365,0.16758853
7215_RDH13_P2_ENSG00000160439,RDH13,-0.67934746,-0.21420665,-0.3009884,-0.29055595
7216_RDH13_P1_ENSG00000160439,RDH13,0.002415979,-0.39498678,0.056199457,-0.33501294
7218_RDX_P1P2_ENSG00000137710,RDX,0.24542998,-0.044008348,-0.5201888,-0.34847075
7219_RECQL4_P1P2_ENSG00000160957,RECQL4,1.3130778,0.7688014,-0.578271,0.2549732
721_AZI2_P1P2_ENSG00000163512,AZI2,0.35140184,0.40054265,-0.31583315,-0.6261396
7220_RECQL5_P1P2_ENSG00000108469,RECQL5,-0.61705726,-0.43905845,0.5105333,-0.9733149
7221_RECQL_P1P2_ENSG00000004700,RECQL,0.2653358,-0.010778158,-0.43860596,-0.25189468
7222_REEP3_P1P2_ENSG00000165476,REEP3,-0.20159477,0.23016764,-0.036192168,-0.24651045
7223_REEP4_P1P2_ENSG00000168476,REEP4,0.58221614,-0.23113178,0.03168548,-0.041993506
7224_REEP5_P1P2_ENSG00000129625,REEP5,-0.4022854,0.0018005233,-0.79829097,-0.033367284
7225_REEP6_P1P2_ENSG00000115255,REEP6,-0.14445144,-0.20623522,0.034345727,-0.31351796
7226_RELA_P1P2_ENSG00000173039,RELA,-0.3639326,0.28634495,-0.2994916,-0.48459992
7227_RELB_P1P2_ENSG00000104856,RELB,-0.010977993,-0.32033312,0.19487238,-0.12688254
7228_RELL2_P1P2_ENSG00000164620,RELL2,-0.38997772,-0.8406083,-0.6346349,-1.3758554
7229_RELN_P1P2_ENSG00000189056,RELN,0.15368687,-0.24479486,0.14024042,-0.3988628
722_AZIN1_P1P2_ENSG00000155096,AZIN1,0.1695558,-0.72984517,-1.0783045,-1.0779502
7230_RELT_P1P2_ENSG00000054967,RELT,-0.29692113,0.041586388,-0.056210265,-0.21657671
7231_REL_P1P2_ENSG00000162924,REL,-0.0694472,-0.19195694,-0.64587873,-0.056902748
7232_RENBP_P1P2_ENSG00000102032,RENBP,-0.1575359,0.116003625,-0.1991527,-0.1261278
7233_REPIN1_P1P2_ENSG00000214022,REPIN1,-0.20977399,-0.4166772,-0.30585748,0.106738985
7234_REPS1_P1P2_ENSG00000135597,REPS1,-0.079060145,0.22905245,-0.4091769,0.6464833
7235_RER1_P1P2_ENSG00000157916,RER1,0.15126373,0.16183971,-0.33789694,-0.10157514
7236_RERE_P1P2_ENSG00000142599,RERE,-0.18273628,-0.5056219,-0.31781748,-0.0746697
7237_REST_P2_ENSG00000084093,REST,0.6779728,-0.39188263,0.013112811,0.911034
7238_REST_P1_ENSG00000084093,REST,-0.20615152,0.27685738,-0.09507276,0.23402998
7239_RETSAT_P1P2_ENSG00000042445,RETSAT,0.60585356,-0.12263215,-0.6050915,-0.11222716
723_B2M_P1_ENSG00000166710,B2M,-0.52001214,-1.2010794,-0.810545,-0.4966778
7240_REV1_P1P2_ENSG00000135945,REV1,-0.1140836,1.0706688,-0.114707716,0.3759554
7241_REV3L_P1P2_ENSG00000009413,REV3L,-0.38819772,-0.08389146,0.037406262,-0.73096824
7242_REXO1_P1P2_ENSG00000079313,REXO1,-0.08619271,0.2945468,-0.067751475,0.2631432
7243_REXO2_P1P2_ENSG00000076043,REXO2,-0.6540877,0.74236196,2.3944325,-0.41040704
7244_REXO4_P1P2_ENSG00000148300,REXO4,0.32539457,0.6507469,-0.38898447,-0.11363583
7245_RFC1_P1P2_ENSG00000035928,RFC1,-0.6767113,-0.24637605,3.3771353,-0.31728497
7246_RFC2_P1P2_ENSG00000049541,RFC2,-0.4544323,-0.4953089,3.9919038,1.016759
7247_RFC3_P1P2_ENSG00000133119,RFC3,-0.040421084,-0.3216002,3.6916113,1.4242492
7248_RFC4_P1P2_ENSG00000163918,RFC4,-0.41622257,-0.121994264,4.8513436,0.04318647
7249_RFC5_P1P2_ENSG00000111445,RFC5,-0.6777525,-0.44457033,4.477129,-0.4190766
724_B2M_P2_ENSG00000166710,B2M,0.07745873,0.36961347,0.49650478,0.07262261
7250_RFESD_P1P2_ENSG00000175449,RFESD,-0.050453987,0.4136106,0.22697845,-0.5969855
7251_RFFL_P1P2_ENSG00000092871,RFFL,-0.9237586,-0.10055668,-0.17226936,-0.45412934
7252_RFK_P1P2_ENSG00000135002,RFK,1.3937901,-0.56968,2.776893,0.91893935
7253_RFNG_P1P2_ENSG00000169733,RFNG,-0.14153321,-0.07216299,-0.9918684,0.33497015
7254_RFPL4B_P1P2_ENSG00000251258,RFPL4B,-0.46052468,-0.14832425,-0.26809555,0.37481382
7255_RFT1_P1P2_ENSG00000163933,RFT1,0.6509606,5.497498,-0.07948704,-0.19589415
7256_COP1_P1P2_ENSG00000143207,COP1,-0.07658169,0.43654943,-0.7194616,2.7549345
7257_RFWD3_P1P2_ENSG00000168411,RFWD3,0.41209972,-0.9887686,0.3404056,-1.0351461
7258_RFX1_P1P2_ENSG00000132005,RFX1,-0.14976951,-0.18359451,0.22421476,-0.6315436
7259_RFX2_P1P2_ENSG00000087903,RFX2,-0.08943541,0.6420142,-0.5430823,-0.47702318
725_B3GALNT2_P1P2_ENSG00000162885,B3GALNT2,-0.15279193,-0.08221978,-0.057634152,0.09017446
7260_RFX3_P1P2_ENSG00000080298,RFX3,0.8007063,-0.32777306,-0.3049457,0.15203027
7261_RFX4_P1P2_ENSG00000111783,RFX4,0.03286438,-0.112997584,-0.22654667,-0.2988142
7262_RFX5_P1P2_ENSG00000143390,RFX5,-0.43139133,-0.11681304,-0.24974775,0.068502024
7263_RFX6_P1P2_ENSG00000185002,RFX6,0.16909966,0.6864267,-0.006236688,0.9501542
7264_RFX7_P1P2_ENSG00000181827,RFX7,0.3766824,0.18143003,-0.35868374,0.57227916
7265_RFX8_P1P2_ENSG00000196460,RFX8,0.266757,0.40478233,-0.70006186,0.11700943
7266_RFXANK_P1P2_ENSG00000064490,RFXANK,-0.0009569134,0.25269914,-0.42102477,0.07702228
7267_RFXAP_P1P2_ENSG00000133111,RFXAP,-0.5775341,-0.14704949,-0.12256568,0.22983159
7268_RGCC_P1P2_ENSG00000102760,RGCC,-0.15278605,-0.7423513,0.031221014,-0.059734683
7269_RGL2_P2_ENSG00000237441,RGL2,0.27650565,-0.38120756,-0.5864486,-0.3642709
726_B3GALT6_P1P2_ENSG00000176022,B3GALT6,0.04440873,0.09600111,-0.37002835,-0.15164004
7270_RGL2_P1_ENSG00000237441,RGL2,0.25862557,-0.5993892,0.23832577,-0.082867056
7271_RGP1_P1P2_ENSG00000107185,RGP1,0.049967065,0.2494071,-0.7304754,0.73771733
7272_RGPD6_ENST00000329516.3_ENSG00000183054,RGPD6,-0.11167263,-0.27175668,-0.21966758,-0.10877376
7273_RGS10_P1P2_ENSG00000148908,RGS10,-0.22369044,0.32018882,0.04698649,-0.40525648
7274_RGS14_P1_ENSG00000169220,RGS14,0.04245902,-0.16643669,-0.71824306,0.23739752
7276_RGS16_P1P2_ENSG00000143333,RGS16,-0.25361988,-0.2012792,-0.25359425,-0.599193
7277_RGS19_P1P2_ENSG00000171700,RGS19,0.11181074,0.06289128,-0.2783368,0.053642116
7278_RGS20_P2_ENSG00000147509,RGS20,0.330045,-0.3359447,-0.4376083,-0.014843909
7279_RGS20_P1_ENSG00000147509,RGS20,-0.11632631,-0.29313183,-0.4709978,0.10495554
727_B3GAT3_P1P2_ENSG00000149541,B3GAT3,-0.0058640214,-0.34941143,-0.41774955,-0.20626587
7280_RHAG_P1P2_ENSG00000112077,RHAG,-0.413375,0.04743602,-0.07989119,-0.42744827
7281_RHBDD1_P1P2_ENSG00000144468,RHBDD1,-0.45558178,-0.43054944,-0.01824254,-0.63973266
7282_RHBDD2_P1P2_ENSG00000005486,RHBDD2,0.25795773,0.7065596,-0.3173711,-0.028417774
7283_RHBDD3_P1P2_ENSG00000100263,RHBDD3,0.14155896,-0.36358437,-0.006864945,-0.44667098
7284_RHCE_P1P2_ENSG00000188672,RHCE,0.06520158,0.5414473,-0.34123862,0.4237794
7285_RHD_P1P2_ENSG00000187010,RHD,-0.40393773,-0.18338566,-0.1157102,0.36581883
7286_RHEBL1_P1P2_ENSG00000167550,RHEBL1,0.46680337,0.4201735,-0.621749,-0.56410295
7287_RHEB_P1P2_ENSG00000106615,RHEB,-0.9309497,-1.0525881,1.8447467,-2.425705
7288_RHNO1_P1P2_ENSG00000171792,RHNO1,-0.2773614,-0.31360778,0.36768696,-0.26350886
7289_RHOA_P1P2_ENSG00000067560,RHOA,0.5198013,-0.32692906,-0.47893155,-0.1467893
728_B3GNT2_P1P2_ENSG00000170340,B3GNT2,-0.77936196,0.5548428,0.23865162,-0.30111122
7290_RHOBTB1_P1P2_ENSG00000072422,RHOBTB1,-0.21853283,0.45065114,-0.55087066,0.3878178
7291_RHOBTB3_P1P2_ENSG00000164292,RHOBTB3,-0.15570605,-0.79309,0.054882027,-0.05349586
7292_RHOC_P1P2_ENSG00000155366,RHOC,0.27639642,0.028536743,0.3115537,-0.20965065
7293_RHOG_P1P2_ENSG00000177105,RHOG,-0.024216324,-0.20244649,-0.26423472,-0.108053684
7294_RHOH_P1P2_ENSG00000168421,RHOH,-0.22946745,0.15997124,-0.63602114,0.29380822
7295_RHOQ_P1P2_ENSG00000119729,RHOQ,-0.15751825,0.49595237,-0.53036714,0.49564144
7296_RHOT1_P1P2_ENSG00000126858,RHOT1,0.022245903,-0.31565586,-0.14872487,0.16580689
7297_RHOT2_P1P2_ENSG00000140983,RHOT2,0.0043697143,0.05053657,-0.7193168,0.037681974
7298_RHOXF1_P1P2_ENSG00000101883,RHOXF1,0.17053339,-0.15983795,-0.18048632,-0.2896946
7299_RHOXF2B_ENST00000371402.2_ENSG00000203989,RHOXF2B,-0.023265686,0.88929325,0.100239374,0.97849077
729_B3GNT5_P1P2_ENSG00000176597,B3GNT5,-0.07062534,-0.67264926,-0.3939879,-0.45133263
72_ACADVL_P1P2_ENSG00000072778,ACADVL,-0.015343542,0.28166005,0.026647799,-0.21394703
7300_RHOXF2_ENST00000371388.3_ENSG00000131721,RHOXF2,-0.44267362,0.031335555,0.32896325,0.79191804
7301_RHPN1_P1P2_ENSG00000158106,RHPN1,-0.14300872,-0.45328954,-0.10420221,-0.2913762
7302_RIC8A_P1_ENSG00000177963,RIC8A,0.42205453,-0.2722655,-1.6603782,-0.54734325
7303_RIC8A_P2_ENSG00000177963,RIC8A,-0.07598473,-0.43367955,-0.29329503,-0.31773126
7304_RICTOR_P1P2_ENSG00000164327,RICTOR,-0.78508884,-0.5601348,0.5122237,-1.0280759
7305_RIF1_P1P2_ENSG00000080345,RIF1,-0.019271128,0.7385193,1.9453485,1.0926906
7306_RILPL2_P1P2_ENSG00000150977,RILPL2,0.049935482,-0.28580055,0.023016164,0.24176218
7307_RILP_P1P2_ENSG00000167705,RILP,-0.72677,0.8641205,-0.54030395,-0.18815042
7308_RIMKLB_P1P2_ENSG00000166532,RIMKLB,-0.3799101,-0.40896174,0.71039724,-0.77489376
7309_RING1_P1P2_ENSG00000204227,RING1,-0.10700726,0.34675476,-0.24238159,0.39184257
730_B3GNTL1_P2_ENSG00000175711,B3GNTL1,-0.61990184,-0.50959337,0.6639479,-0.5020768
7310_RINT1_P1P2_ENSG00000135249,RINT1,1.5756427,1.1908777,0.25070328,1.6551597
7311_RIOK1_P1P2_ENSG00000124784,RIOK1,-0.30419347,-0.20343159,0.9636204,-0.23616493
7312_RIOK2_P1P2_ENSG00000058729,RIOK2,0.22793998,0.25869286,1.524827,0.25409192
7313_RIOK3_P1P2_ENSG00000101782,RIOK3,-0.7465368,0.42152712,0.12770817,-0.25371385
7314_RIPK1_P2_ENSG00000137275,RIPK1,-0.14561501,-0.43328056,-0.15511526,-0.372187
7315_RIPK1_P1_ENSG00000137275,RIPK1,0.21931115,-0.18395962,-0.07218056,-0.060803678
7316_RIPK2_P1P2_ENSG00000104312,RIPK2,-0.6890625,-0.3446788,0.3170969,-0.5842328
7317_RIT1_P1P2_ENSG00000143622,RIT1,-0.2518822,-0.82168674,-0.26275292,-0.5373254
7318_RLF_P1P2_ENSG00000117000,RLF,-0.046971932,-0.5815896,-0.14665005,0.17277113
7319_RLIM_P1P2_ENSG00000131263,RLIM,0.14599429,0.18951699,-0.23960464,0.09865428
731_B3GNTL1_P1_ENSG00000175711,B3GNTL1,0.58159506,-0.17300777,-0.0918918,1.0339606
7320_RMDN1_P1P2_ENSG00000176623,RMDN1,0.87006944,-0.69205916,-0.32752737,-0.16782953
7321_RMDN3_P1P2_ENSG00000137824,RMDN3,1.1090451,-0.6200737,-1.6732047,0.16732433
7322_RMI1_P1P2_ENSG00000178966,RMI1,-0.5325116,0.82410187,-0.6666553,0.56890637
7323_RMI2_P1P2_ENSG00000175643,RMI2,0.38789538,-0.406006,-0.49374437,0.035041463
7324_RMND1_P1P2_ENSG00000155906,RMND1,0.45181394,-0.30804053,0.09443595,-0.07722394
7325_RMND5A_P1P2_ENSG00000153561,RMND5A,0.16826767,0.15634565,-0.009167889,-0.44698593
7326_RMND5B_P1P2_ENSG00000145916,RMND5B,0.038939912,0.081501566,-0.58955,0.084822826
7327_RNASE1_P1P2_ENSG00000129538,RNASE1,0.84786177,-0.15125288,0.80865014,0.6656375
7328_RNASEH1_P1P2_ENSG00000171865,RNASEH1,0.24348372,-0.8823235,-1.6395789,-0.745796
7329_RNASEH2A_P1P2_ENSG00000104889,RNASEH2A,-0.59187585,0.118863024,-0.13792941,-0.61376095
732_B4GALNT1_P1P2_ENSG00000135454,B4GALNT1,0.2950663,1.4915917,-0.6203244,1.39682
7330_RNASEH2B_P1P2_ENSG00000136104,RNASEH2B,0.63597196,0.23010096,0.069299616,0.28146037
7331_RNASEH2C_P1P2_ENSG00000172922,RNASEH2C,0.05428323,-0.08927106,0.12927294,0.4011804
7333_RNASET2_P1P2_ENSG00000026297,RNASET2,-0.10745806,-0.339766,-0.01727601,-0.4769468
7334_RND2_P1P2_ENSG00000108830,RND2,0.0017708289,-0.78660333,0.6301942,-0.7937717
7335_RNF103_P1P2_ENSG00000239305,RNF103,-0.06215527,-0.31097487,-0.19479944,-0.12630442
7336_RNF10_P1P2_ENSG00000022840,RNF10,-0.038393736,-0.052677967,0.047603566,0.4486993
7337_RNF111_P1P2_ENSG00000157450,RNF111,0.058187604,-0.42420205,-0.34319866,-0.1661761
7338_RNF113A_P1P2_ENSG00000125352,RNF113A,-0.4121269,0.3246221,-1.3311775,-0.26378983
7339_RNF114_P1P2_ENSG00000124226,RNF114,-0.22458519,0.09090914,-0.45844778,0.08938735
733_B4GALNT4_P1P2_ENSG00000182272,B4GALNT4,0.45500714,0.18021896,-0.050279185,-0.20434764
7340_RNF115_P1P2_ENSG00000265491,RNF115,-0.015384397,-0.19329469,-0.6481042,-0.64650923
7341_RNF11_P1P2_ENSG00000123091,RNF11,-0.5274182,-0.47760782,1.228016,-0.14611174
7342_RNF121_P1P2_ENSG00000137522,RNF121,-0.07107409,0.057991516,0.6484578,-0.16871658
7343_RNF123_P1P2_ENSG00000164068,RNF123,-0.6720699,0.25204906,-0.2207609,-0.18586281
7344_RNF125_P1P2_ENSG00000101695,RNF125,0.3719239,-0.4258415,-0.2794315,-0.19580963
7345_RNF126_P1P2_ENSG00000070423,RNF126,0.23086555,0.037527893,-0.33971116,-0.84830993
7346_RNF130_P1P2_ENSG00000113269,RNF130,0.10571067,0.74097157,-0.14087585,0.53074443
7347_RNF138_P1P2_ENSG00000134758,RNF138,-0.09590648,0.29052722,-0.27440426,-0.18252358
7348_RNF139_P1P2_ENSG00000170881,RNF139,-0.046900816,-0.3205497,-0.3899977,-0.07274163
7349_RNF13_P1P2_ENSG00000082996,RNF13,-0.46166506,-0.31636313,-0.0076869023,-0.03080141
734_B4GALT1_P1P2_ENSG00000086062,B4GALT1,0.8781715,-0.3605704,0.4047437,0.3583476
7350_RNF141_P1P2_ENSG00000110315,RNF141,-0.28023517,-0.20754641,-0.35771945,-0.040135767
7351_RNF144A_P1_ENSG00000151692,RNF144A,0.088650644,-0.6440494,0.2052237,-0.22012167
7352_RNF144A_P2_ENSG00000151692,RNF144A,-0.09652374,-0.5449708,-0.045393556,-0.24462824
7353_RNF145_P2_ENSG00000145860,RNF145,0.6196335,0.37529087,-0.7526278,0.24537307
7354_RNF145_P1_ENSG00000145860,RNF145,-0.10324919,0.09686464,-0.4513583,0.41012785
7355_RNF146_P1P2_ENSG00000118518,RNF146,0.115874104,1.1275042,0.73180664,-0.8328986
7356_RNF149_P1P2_ENSG00000163162,RNF149,0.41170174,-0.2323471,-1.1544237,-0.33944744
7357_RNF14_P1P2_ENSG00000013561,RNF14,-0.64327586,-0.60491186,0.22639656,-0.22085442
7358_RNF157_P1P2_ENSG00000141576,RNF157,0.11683041,-0.64557284,1.0442785,0.47323206
7359_RNF166_P2_ENSG00000158717,RNF166,-0.4494001,0.3751437,0.13749336,0.13708873
735_B4GALT2_P1P2_ENSG00000117411,B4GALT2,0.23746043,-0.2818882,-0.29163188,-0.121568315
7360_RNF166_P1_ENSG00000158717,RNF166,-0.54933065,0.023750987,0.061207846,-0.70106864
7361_RNF167_P1P2_ENSG00000108523,RNF167,0.77348244,0.70232517,-1.1142058,0.6212306
7362_RNF168_P1P2_ENSG00000163961,RNF168,-0.6828764,-0.22294842,-0.08228824,-0.7188533
7363_RNF169_P1P2_ENSG00000166439,RNF169,-0.13957837,-0.282202,-0.5857212,0.120567255
7364_RNF170_P1P2_ENSG00000120925,RNF170,0.050869506,-0.2640939,-0.32120112,-0.06437992
7365_RNF181_P1P2_ENSG00000168894,RNF181,0.04029609,-0.071434125,-0.10233877,-0.11105408
7366_RNF182_P1P2_ENSG00000180537,RNF182,-0.22870676,-0.0013440117,-0.8383982,0.16079225
7367_RNF185_P1P2_ENSG00000138942,RNF185,-0.66125166,-0.7295447,0.20614679,-0.67832196
7368_RNF187_P1_ENSG00000168159,RNF187,-1.0104471,-0.2288666,0.72616154,-0.30025524
7369_RNF187_P2_ENSG00000168159,RNF187,-0.29922706,0.32528684,-1.4888585,-0.019476699
736_B4GALT3_P1P2_ENSG00000158850,B4GALT3,-0.7459752,-0.074066326,-0.885039,0.79645467
7370_RNF19A_P1P2_ENSG00000034677,RNF19A,-0.40166426,-0.057552915,-0.18055628,-0.5707475
7371_RNF19B_P1P2_ENSG00000116514,RNF19B,0.738619,-0.33270773,-0.13846944,-0.35602114
7372_RNF207_P1_ENSG00000158286,RNF207,-0.21586664,-0.031697504,-0.2651067,-0.34842747
7373_RNF207_P2_ENSG00000158286,RNF207,-0.3118809,-0.45739728,-0.053657163,0.28025156
7374_RNF208_P1P2_ENSG00000212864,RNF208,0.23511325,0.8007878,-0.52847576,-0.012445311
7375_RNF20_P1P2_ENSG00000155827,RNF20,0.29047573,2.8581557,0.76359355,0.09297079
7376_RNF213_P2_ENSG00000173821,RNF213,-0.3789945,-0.77065426,-0.12640694,-0.53826237
7377_RNF213_P1_ENSG00000173821,RNF213,0.21884942,-0.55598676,-0.2542762,-0.17601101
7378_RNF214_P1P2_ENSG00000167257,RNF214,-0.4432465,0.36353856,0.07476916,-0.013271215
7379_RNF216_P1P2_ENSG00000011275,RNF216,0.79846454,-0.15755607,-0.5602297,-0.07327336
737_B4GALT4_P1P2_ENSG00000121578,B4GALT4,-0.39772457,-0.14825736,0.08666329,-0.025314027
7380_RNF217_P1P2_ENSG00000146373,RNF217,-0.31749615,-0.47200608,-0.30898514,-0.28184512
7381_OBI1_P1P2_ENSG00000152193,OBI1,-0.62123954,-0.21886893,-0.15897362,-0.17958193
7382_RNF220_ENST00000443020.2_ENSG00000187147,RNF220,-0.6661716,-0.8254582,-0.20680676,-0.81534785
7383_RNF24_P1P2_ENSG00000101236,RNF24,0.47791624,0.082796834,-0.21795645,0.014796037
7384_RNF25_P2_ENSG00000163481,RNF25,-0.15926936,0.4553751,0.36832544,-0.26804945
7385_RNF25_P1_ENSG00000163481,RNF25,0.7221068,-0.0038575632,-0.067874864,0.37013835
7386_RNF26_P1P2_ENSG00000173456,RNF26,0.8230319,0.39813086,-1.3892179,0.741304
7387_RNF2_P1P2_ENSG00000121481,RNF2,-0.014899121,1.40211,0.06352789,-0.39698878
7388_RNF31_P1P2_ENSG00000092098,RNF31,-0.70921564,-0.10659447,0.38628554,0.56701714
738_B4GALT5_P1P2_ENSG00000158470,B4GALT5,-0.44605294,0.41613543,0.07913709,-0.28518414
7390_RNF40_P1P2_ENSG00000103549,RNF40,0.18663318,-0.6928062,0.6992427,-2.404285
7391_RNF41_P1P2_ENSG00000181852,RNF41,-0.36190894,0.11467412,0.34887606,-0.16057536
7392_RNF44_P1P2_ENSG00000146083,RNF44,0.2989433,0.0851886,-0.85782135,-0.45305055
7393_RNF4_P1P2_ENSG00000063978,RNF4,0.25389206,-0.964723,1.090317,1.5761533
7394_RNF5_P1P2_ENSG00000204308,RNF5,0.4251471,0.52429694,-0.82018715,-0.2693684
7395_RNF6_P1P2_ENSG00000127870,RNF6,0.099494435,-0.5349258,-0.2431493,-0.4129988
7396_RNF7_P1P2_ENSG00000114125,RNF7,-0.14126442,1.1905438,-0.028990723,-0.17887782
7397_RNF8_P1P2_ENSG00000112130,RNF8,-0.006569416,0.075683825,0.12864351,-0.27915004
7398_RNFT1_P1P2_ENSG00000189050,RNFT1,0.26911932,0.17798956,-0.54076517,1.4874244
7399_RNFT2_P1P2_ENSG00000135119,RNFT2,-0.13518682,-0.21003972,-0.43047982,-0.6640259
739_B4GALT7_P1P2_ENSG00000027847,B4GALT7,-0.4497664,0.04687396,-0.42833695,0.23509365
73_ACAP2_P1P2_ENSG00000114331,ACAP2,-0.16128981,-0.13207203,-0.5193671,-0.11190628
7400_RNGTT_P1P2_ENSG00000111880,RNGTT,-0.40256453,-0.28568447,1.8405269,1.6576481
7401_RNH1_P1P2_ENSG00000023191,RNH1,0.14879209,-0.22085983,-0.60388064,-0.06916633
7402_MRM3_P1P2_ENSG00000171861,MRM3,-0.2251573,-0.29590148,0.44226438,-0.34056306
7403_RNMT_P1P2_ENSG00000101654,RNMT,-0.19908306,0.18913382,3.7601373,0.7322557
7404_RNPC3_P1P2_ENSG00000185946,RNPC3,-0.8651427,-0.7233891,1.2834127,-1.4383868
7405_RNPEPL1_P1P2_ENSG00000142327,RNPEPL1,-0.5519353,-0.16353552,0.19294932,0.20992574
7406_RNPEP_P1P2_ENSG00000176393,RNPEP,-0.11988742,0.15581809,-0.28791267,0.031738047
7407_RNPS1_P1P2_ENSG00000205937,RNPS1,-0.0881944,-0.30632073,2.873748,-0.847527
7408_ROCK1_P1P2_ENSG00000067900,ROCK1,-0.42060032,-0.41779122,-0.38202354,0.12281735
7409_ROCK2_P1P2_ENSG00000134318,ROCK2,-0.8166211,-0.17069398,-0.043019198,-0.64458066
740_B9D1_P1P2_ENSG00000108641,B9D1,0.082520224,-0.18184528,-0.13906494,-0.7933422
7410_ROGDI_P1P2_ENSG00000067836,ROGDI,-0.09716838,-0.20840497,0.20783629,-0.41611436
7411_ROMO1_P1P2_ENSG00000125995,ROMO1,7.0827646,3.1717248,-2.6728153,5.668639
7412_ROR2_P1P2_ENSG00000169071,ROR2,-0.66440237,-0.28810772,-0.09816271,-0.1580681
7413_RORA_ENST00000335670.6_ENSG00000069667,RORA,-0.106506035,-0.01645733,0.14835602,0.41997662
7414_RORB_P1P2_ENSG00000198963,RORB,-0.6307024,0.019039089,-0.6271496,0.15968916
7415_RORC_P2_ENSG00000143365,RORC,0.32796308,-0.10386331,-0.6552499,1.4531696
7416_RORC_P1_ENSG00000143365,RORC,0.628108,0.104004525,-0.20295398,-0.39961112
7417_RP9_P1P2_ENSG00000164610,RP9,-0.70013505,-0.3162358,2.8594315,-1.0084234
7418_RPA1_P1P2_ENSG00000132383,RPA1,-0.4143378,-0.14936654,-0.111836486,0.16376755
7419_RPA2_P1P2_ENSG00000117748,RPA2,-0.6705449,0.05903498,1.8079048,1.0869358
741_B9D2_P1P2_ENSG00000123810,B9D2,-0.20667548,0.012266214,-0.08357555,-0.4929657
7420_RPA3_P1P2_ENSG00000106399,RPA3,-0.24960096,0.45493716,2.6945817,0.99176025
7421_RPAIN_P1P2_ENSG00000129197,RPAIN,0.007426921,0.083910696,0.54351544,0.793435
7422_RPAP1_P1P2_ENSG00000103932,RPAP1,-0.09018321,0.7293973,-1.2687356,0.77108675
7423_RPAP2_P1P2_ENSG00000122484,RPAP2,0.30035204,0.79761714,-1.5948997,0.6433848
7424_RPAP3_P1P2_ENSG00000005175,RPAP3,-2.2146475,-1.1095417,-2.7533495,1.6418973
7425_RPE_P1P2_ENSG00000197713,RPE,-0.7071054,-0.14940031,-0.06420835,-0.7329063
7426_RPF1_P1P2_ENSG00000117133,RPF1,0.0730956,-1.1034896,2.0078046,-0.46161443
7427_RPF2_P1P2_ENSG00000197498,RPF2,0.7035501,-2.1503072,0.32861304,-1.009583
7428_RPGRIP1L_P1P2_ENSG00000103494,RPGRIP1L,-0.2965911,-0.29500934,0.26311368,-0.11747018
7429_RPGR_P1P2_ENSG00000156313,RPGR,0.058654234,0.02340462,-0.30105335,-0.14054447
742_BABAM1_P1P2_ENSG00000105393,BABAM1,-0.034278728,-0.41610935,-0.33673927,-0.22787404
7430_RPIA_P1P2_ENSG00000153574,RPIA,-0.8371434,-1.1172981,-0.11523298,-1.3496478
7431_RPL10A_P1P2_ENSG00000198755,RPL10A,0.25261402,-0.23199354,1.1699249,1.753554
7432_RPL10_P1P2_ENSG00000147403,RPL10,0.069501616,-0.5733566,2.103769,1.3506769
7433_RPL11_P1P2_ENSG00000142676,RPL11,0.27731863,-0.32444602,0.35842666,0.39485383
7434_RPL12_P1P2_ENSG00000197958,RPL12,5.6697054,1.6155866,-0.8562384,2.6001732
7435_RPL13A_P1_ENSG00000142541,RPL13A,0.3676394,0.8120566,0.23456001,0.37084752
7436_RPL13A_P2_ENSG00000142541,RPL13A,0.33585137,-0.20766702,0.34969205,-0.32407123
7437_RPL13_P1P2_ENSG00000167526,RPL13,0.13576111,-0.5838491,0.9293995,0.20074913
7438_RPL14_P1P2_ENSG00000188846,RPL14,0.11001895,-0.3937919,2.4172928,0.6589851
7439_RPL15_P1P2_ENSG00000174748,RPL15,0.30433306,0.27300683,-0.01589979,3.49204
743_BACH1_P1P2_ENSG00000156273,BACH1,-0.02838885,-0.18114275,0.63235855,-0.018934203
7440_RPL17-C18orf32_P1P2_nan,RPL17-C18orf32,-0.52357084,-0.7853993,-0.057345487,-0.29695162
7441_RPL17_P1P2_ENSG00000265681,RPL17,0.085799076,-0.4587857,3.1552918,1.629123
7442_RPL18A_P1P2_ENSG00000105640,RPL18A,-0.21793747,-1.3034489,0.77945626,0.32214576
7443_RPL18_P1P2_ENSG00000063177,RPL18,-0.44103038,0.14660576,0.40708748,0.60068727
7444_RPL19_P1P2_ENSG00000108298,RPL19,0.10330801,-0.6201166,1.6737671,1.0018301
7445_RPL21_P1P2_ENSG00000122026,RPL21,-0.592538,0.12808003,1.4970889,-0.0666405
7446_RPL22L1_P1P2_ENSG00000163584,RPL22L1,0.15385048,1.5980523,-1.120551,1.5692874
7447_RPL22_P1_ENSG00000116251,RPL22,-0.08112816,0.5692922,-0.8471853,0.71251506
7448_RPL22_P2_ENSG00000116251,RPL22,-0.10410461,0.28044334,-0.25311175,-0.45367596
7449_RPL23A_P1P2_ENSG00000198242,RPL23A,0.074125186,-0.17426626,2.4679854,0.3984382
744_BACH2_P1P2_ENSG00000112182,BACH2,-0.09314903,-0.40301204,-0.27795652,-0.32823858
7450_RPL23_P1P2_ENSG00000125691,RPL23,0.64923346,-0.27922463,2.1291175,1.3906518
7451_RPL24_P1P2_ENSG00000114391,RPL24,0.42426613,-0.049420167,2.2254753,1.6476581
7452_RPL26L1_P1P2_ENSG00000037241,RPL26L1,0.3244411,0.015096143,-0.598703,-0.0017171977
7453_RPL26_P1P2_ENSG00000161970,RPL26,0.64757085,-0.5453705,3.5694249,1.2396294
7454_RPL27A_P1P2_ENSG00000166441,RPL27A,0.33039546,-0.32735923,4.5387206,0.9469842
7456_RPL28_P1P2_ENSG00000108107,RPL28,0.59320325,1.0619215,0.33384737,-0.33782652
7457_RPL29_P1P2_ENSG00000162244,RPL29,1.0830647,-0.6776056,0.9603737,0.3525963
7458_RPL30_P1P2_ENSG00000156482,RPL30,0.28075728,-0.6801642,1.0491613,1.0127788
7459_RPL31_P1P2_ENSG00000071082,RPL31,0.014718025,0.35983637,1.8656561,-0.112645306
745_BAD_P1P2_ENSG00000002330,BAD,-0.14343522,-0.3734057,-0.043560285,-0.5993324
7460_RPL32_P1P2_ENSG00000144713,RPL32,-0.034980863,-0.3059462,0.9872545,0.604422
7461_RPL34_P1P2_ENSG00000109475,RPL34,0.44060993,-0.20020969,1.2104192,0.8881505
7462_RPL35A_P1P2_ENSG00000182899,RPL35A,-0.1097966,-0.44653207,0.6621508,-0.22627005
7463_RPL35_P1P2_ENSG00000136942,RPL35,0.32920748,-0.6229803,0.74023646,1.5607558
7464_RPL36AL_P1P2_ENSG00000165502,RPL36AL,0.4356031,-0.03164965,0.2981728,-0.14900216
7465_RPL36A_P1P2_ENSG00000241343,RPL36A,1.2351822,-0.9742,-0.22117339,-0.43979457
7466_RPL36_P1P2_ENSG00000130255,RPL36,0.8763212,0.14126934,1.6921097,2.1605206
7467_RPL37A_P1P2_ENSG00000197756,RPL37A,-0.017543245,0.14617816,0.7750077,0.9917297
7468_RPL37_P1P2_ENSG00000145592,RPL37,0.0817746,-0.27981696,0.9600611,0.4410611
7469_RPL38_P1P2_ENSG00000172809,RPL38,0.38111025,0.04044227,1.1888045,1.6811262
746_BAG1_P1P2_ENSG00000107262,BAG1,-0.24691048,-0.171905,-0.06042378,0.32104015
7470_RPL39L_P1P2_ENSG00000163923,RPL39L,-0.31483695,-0.1082756,-0.04868567,-0.14302248
7471_RPL39_P1P2_ENSG00000198918,RPL39,-0.30952936,0.8451142,1.1053296,0.090386935
7472_RPL3_P1P2_ENSG00000100316,RPL3,-0.2216349,-0.2888899,-0.18695837,-0.14660007
7473_RPL41_P1P2_ENSG00000229117,RPL41,-0.18715698,-0.4452295,0.2666207,-1.0055786
7474_RPL4_P1P2_ENSG00000174444,RPL4,0.17477706,-0.54480225,0.2569069,0.57933277
7475_RPL5_P1P2_ENSG00000122406,RPL5,-0.19386494,-0.49872616,0.68358815,0.30615613
7476_RPL6_P1P2_ENSG00000089009,RPL6,0.8174652,-0.1343206,1.610241,1.6725538
7478_RPL7L1_P1P2_ENSG00000146223,RPL7L1,-1.1431079,-1.0532151,0.93710345,1.3291897
7479_RPL7_P1P2_ENSG00000147604,RPL7,0.6625944,-0.45732775,1.5842283,0.88075423
747_BAG2_P1P2_ENSG00000112208,BAG2,-0.39443272,0.42613065,0.3804417,-1.0854113
7480_RPL8_P1P2_ENSG00000161016,RPL8,0.2448579,-0.5678798,0.5044734,0.9269469
7481_RPL9_P1P2_ENSG00000163682,RPL9,-0.2629117,-0.20229341,0.9614412,0.373615
7482_RPLP0_P1P2_ENSG00000089157,RPLP0,0.19313107,0.29627633,-0.12362533,0.6994232
7483_RPLP1_P1P2_ENSG00000137818,RPLP1,0.10265081,0.41775823,0.66248554,-0.066047095
7484_RPLP2_P1P2_ENSG00000177600,RPLP2,0.021362329,1.1642711,0.9932819,0.17556493
7485_RPN1_P1P2_ENSG00000163902,RPN1,0.00562781,4.4176025,0.70369536,0.40222856
7486_RPN2_P1P2_ENSG00000118705,RPN2,-0.054540344,1.3251996,0.004821913,0.05307234
7487_RPP14_P1P2_ENSG00000163684,RPP14,-0.1606899,0.20342529,1.3682973,-0.16414684
7488_RPP21_P1P2_ENSG00000241370,RPP21,2.7230337,0.6758672,-0.7958704,1.4752802
7489_RPP25L_P1P2_ENSG00000164967,RPP25L,-0.9536362,-0.08975533,-0.42777038,0.06812899
748_BAG3_P1P2_ENSG00000151929,BAG3,-0.13695587,0.025914466,0.13917083,0.38083673
7490_RPP25_P1P2_ENSG00000178718,RPP25,-0.28932482,-0.24331614,0.104340866,-0.44097474
7491_RPP30_P1P2_ENSG00000148688,RPP30,-0.025381267,1.0794865,1.2414718,-0.040538035
7492_RPP38_P1P2_ENSG00000152464,RPP38,0.2871244,0.4239309,1.3543538,-0.45440415
7493_RPP40_P1P2_ENSG00000124787,RPP40,0.3368468,-1.063968,2.7992365,-0.272165
7494_RPRD1A_P1P2_ENSG00000141425,RPRD1A,1.0913968,-0.43046147,-1.0788974,-0.0410749
7495_RPRD1B_P1P2_ENSG00000101413,RPRD1B,-0.083047055,1.1264141,1.6973068,-0.31743
7496_RPRD2_P1P2_ENSG00000163125,RPRD2,-0.8134549,0.055977132,1.1577342,-0.48667192
7497_RPS10-NUDT3_P1P2_ENSG00000270800,RPS10-NUDT3,-0.41544837,0.7123586,1.1104141,-0.46418887
7498_RPS10_P1P2_ENSG00000124614,RPS10,-0.015197105,2.0803149,1.286982,-1.1322438
7499_RPS11_P1P2_ENSG00000142534,RPS11,0.5179507,0.18354627,0.308733,1.0075227
749_BAG4_P1P2_ENSG00000156735,BAG4,0.21292852,-0.35187185,-0.0061833235,0.2504576
74_ACAP3_P1P2_ENSG00000131584,ACAP3,-0.049827132,-0.49631786,-0.36791065,-0.31444925
7500_RPS12_P1P2_ENSG00000112306,RPS12,-0.2207244,0.2333956,0.1493271,0.4988449
7501_RPS13_P1P2_ENSG00000110700,RPS13,0.58227044,0.5213775,-0.36088237,1.304885
7502_RPS14_P1P2_ENSG00000164587,RPS14,0.62620336,-0.18823546,-0.13024665,0.49772504
7503_RPS15A_P1P2_ENSG00000134419,RPS15A,-0.5286255,0.6518758,0.1410877,0.100559175
7506_RPS17_ENST00000330339.7_ENSG00000182774,RPS17,0.11678372,0.17790726,0.4799781,0.47866538
7507_RPS18_P1P2_ENSG00000231500,RPS18,0.36138096,-0.110310204,0.55339086,2.596891
7508_RPS19BP1_P1P2_ENSG00000187051,RPS19BP1,-1.4668796,0.38223642,1.1241378,0.32723197
7509_RPS19_P1P2_ENSG00000105372,RPS19,0.5270854,0.47386605,1.1974584,0.7964775
750_BAG5_P1P2_ENSG00000166170,BAG5,0.02957611,-0.78709537,-0.037686598,-0.3678211
7510_RPS20_P1P2_ENSG00000008988,RPS20,0.13348652,0.01027044,-0.3517842,-0.0273613
7511_RPS21_P1P2_ENSG00000171858,RPS21,0.8705503,1.3975761,0.8858358,0.38293222
7512_RPS23_P1P2_ENSG00000186468,RPS23,-0.32791835,-0.16337767,1.6125115,0.4500406
7513_RPS24_P1P2_ENSG00000138326,RPS24,-0.048859116,0.048691075,0.038834315,0.84167606
7514_RPS25_P1P2_ENSG00000118181,RPS25,-0.47655782,-0.00592541,1.297762,-1.5613416
7515_RPS26_P1P2_ENSG00000197728,RPS26,2.2690656,0.78636086,0.49216226,2.931295
7516_RPS27A_P1P2_ENSG00000143947,RPS27A,0.77521765,0.10271647,0.2977467,-0.18482788
7517_RPS27L_P1P2_ENSG00000185088,RPS27L,-0.42837626,0.16163011,-0.17909779,0.0025599303
7518_RPS27_P1P2_ENSG00000177954,RPS27,-0.3054428,0.18388669,1.0414767,0.52118886
7519_RPS28_P1P2_ENSG00000233927,RPS28,0.4935304,-0.18359008,0.73287743,-0.2547248
751_BAG6_P1P2_ENSG00000204463,BAG6,0.45416936,-0.34078512,0.6188639,0.26021287
7520_RPS29_P2_ENSG00000213741,RPS29,0.285793,0.12886004,-0.4008902,0.024365243
7521_RPS29_P1_ENSG00000213741,RPS29,-0.14822964,-0.15084192,0.79933345,0.15954423
7522_RPS2_P1P2_ENSG00000140988,RPS2,0.49310797,0.27141196,0.57832026,0.4287424
7523_RPS3A_P1P2_ENSG00000145425,RPS3A,-0.7208933,0.036827225,0.20287576,-0.6282576
7524_RPS3_P2_ENSG00000149273,RPS3,-0.4442089,-0.55697066,-1.1352912,-1.6210457
7525_RPS3_P1_ENSG00000149273,RPS3,0.6752288,0.70990276,0.8190215,0.15406255
7526_RPS4X_P1P2_ENSG00000198034,RPS4X,0.23063125,1.118221,0.6914773,1.1832693
7527_RPS5_P1P2_ENSG00000083845,RPS5,0.27389732,0.41102174,1.3090824,0.16309042
7528_RPS6KA1_P1_ENSG00000117676,RPS6KA1,0.005395763,-0.031058569,0.09213792,0.07298163
7529_RPS6KA1_P2_ENSG00000117676,RPS6KA1,-0.26792765,-0.81568176,-0.08474517,-0.28716016
752_BAHCC1_P1P2_ENSG00000266074,BAHCC1,-0.12021358,0.24166243,-0.086382136,-0.38531867
7530_RPS6KA3_P1P2_ENSG00000177189,RPS6KA3,-0.17157249,0.094785735,0.4222917,0.09371649
7531_RPS6KA4_P1P2_ENSG00000162302,RPS6KA4,-0.24577221,-0.10226792,-0.3194098,-0.20086582
7532_RPS6KB1_P1P2_ENSG00000108443,RPS6KB1,0.10182726,0.69102293,-0.55802315,0.012651931
7533_RPS6KB2_P1P2_ENSG00000175634,RPS6KB2,-0.8641397,0.28702146,0.11305672,0.07025971
7534_RPS6KC1_P1P2_ENSG00000136643,RPS6KC1,-0.36943367,-0.50574386,-0.38668433,-0.1374053
7535_RPS6KL1_P1P2_ENSG00000198208,RPS6KL1,0.18790346,-0.51993626,0.09189877,-0.5640548
7536_RPS6_P1P2_ENSG00000137154,RPS6,0.30451542,1.5512404,2.1186743,0.8149843
7537_RPS7_P1P2_ENSG00000171863,RPS7,0.36949232,0.12208892,0.49481094,0.30241004
7539_RPS9_P1P2_ENSG00000170889,RPS9,0.15954562,-0.7543883,0.42467964,0.64061624
753_BAHD1_P1P2_ENSG00000140320,BAHD1,-0.05390001,0.17288516,0.53378713,-0.6142239
7540_RPSA_P1P2_ENSG00000168028,RPSA,0.57798916,-0.05623952,-0.23516259,1.269513
7541_RPTOR_P1P2_ENSG00000141564,RPTOR,-1.7892456,-0.94696736,2.2711961,-3.5930479
7542_RPUSD1_P2_ENSG00000007376,RPUSD1,-0.41752273,-0.13437821,-0.18978451,0.24554163
7543_RPUSD1_P1_ENSG00000007376,RPUSD1,0.4177518,-0.1476125,0.3189026,-0.021865992
7544_RPUSD2_P1P2_ENSG00000166133,RPUSD2,0.46151242,-0.09235232,0.2699306,-0.10049367
7545_RPUSD3_P1P2_ENSG00000156990,RPUSD3,0.19737406,-0.6792768,-0.18452209,0.059868537
7546_RPUSD4_P1P2_ENSG00000165526,RPUSD4,1.0313624,-1.0544142,-1.0413201,-0.5352367
7547_CNOT9_P1P2_ENSG00000144580,CNOT9,0.14518136,1.7422976,-1.6347473,1.387213
7548_RRAGA_P1P2_ENSG00000155876,RRAGA,0.3794718,-0.16775039,0.1413676,0.42525482
7549_RRAGB_P1P2_ENSG00000083750,RRAGB,-0.8582628,-0.5446619,-0.32257232,-1.0930586
754_BAIAP2L1_P1P2_ENSG00000006453,BAIAP2L1,-1.1216127,-0.64876497,0.531421,-0.46027616
7550_RRAGC_P1P2_ENSG00000116954,RRAGC,0.2461398,0.69371384,-0.886595,0.32129222
7551_RRAGD_P1P2_ENSG00000025039,RRAGD,0.37197354,-0.038955342,-0.53444594,0.15170954
7552_RRAS2_P1P2_ENSG00000133818,RRAS2,-0.86105806,-0.11324484,0.10527237,0.3612566
7553_RRAS_P1P2_ENSG00000126458,RRAS,0.31208935,0.85631865,-0.34332305,0.0028163455
7554_RRBP1_P1P2_ENSG00000125844,RRBP1,-0.17045328,-0.31676435,-0.45457387,-0.40767923
7555_RREB1_P1P2_ENSG00000124782,RREB1,-0.53350276,0.7436855,1.0132792,0.3989921
7556_RRM1_P1P2_ENSG00000167325,RRM1,-1.1611708,0.44779164,4.1411858,-0.9360062
7557_RRM2B_P1P2_ENSG00000048392,RRM2B,-0.18347044,-0.058563095,-0.12381255,0.06591277
7558_RRM2_P1P2_ENSG00000171848,RRM2,-0.5374315,0.4405552,0.92573875,-0.3602585
7559_RRN3_P1P2_ENSG00000085721,RRN3,-0.24595582,-0.48106217,2.0593219,-0.14185332
755_BAIAP2_P1P2_ENSG00000175866,BAIAP2,0.124196686,-0.60429233,0.030175762,-0.30143663
7560_RRNAD1_P1P2_ENSG00000143303,RRNAD1,0.72396046,0.52993214,-0.38867182,0.23278147
7561_RRP12_P1P2_ENSG00000052749,RRP12,-0.79373634,-0.7748799,0.8557796,-0.28564784
7562_RRP15_P1P2_ENSG00000067533,RRP15,-0.44179347,1.1089118,0.026599161,0.12450061
7563_RRP1B_P1P2_ENSG00000160208,RRP1B,0.37926674,-0.0034943426,-0.61546105,0.3722352
7564_RRP1_P1P2_ENSG00000160214,RRP1,0.8128336,-0.6090232,0.82823443,-0.46533504
7565_RRP36_P1P2_ENSG00000124541,RRP36,0.15723464,-0.061808564,0.32679,-0.73134536
7566_RRP7A_P1P2_ENSG00000189306,RRP7A,0.44888514,-0.77912676,0.9961419,0.07014033
7567_RRP8_P1P2_ENSG00000132275,RRP8,-0.21864378,-0.86390287,-0.3311362,-0.52572876
7568_RRP9_P1P2_ENSG00000114767,RRP9,0.14850624,-0.15198429,1.483203,0.05857971
7569_RRS1_P1P2_ENSG00000179041,RRS1,-0.1333561,-1.209305,1.375443,0.29656112
756_BAK1_P1P2_ENSG00000030110,BAK1,0.47141916,0.648771,-0.13002329,0.4806055
7570_RSAD1_P1P2_ENSG00000136444,RSAD1,-0.40687433,0.55740327,0.2797448,-0.7260759
7571_RSBN1L_P1P2_ENSG00000187257,RSBN1L,0.40045998,-0.66415054,-0.45543483,-0.13690522
7572_RSBN1_P1P2_ENSG00000081019,RSBN1,0.0858875,-0.16734506,-0.6076408,-0.3274728
7573_RSC1A1_P1P2_ENSG00000215695,RSC1A1,-0.037184227,-0.89685386,-0.9098006,0.13600153
7574_RSF1_P1P2_ENSG00000048649,RSF1,-0.35017458,0.068721175,-0.71250266,0.63746667
7575_RSL1D1_P2_ENSG00000171490,RSL1D1,-0.08767069,-0.36087885,0.20202534,-0.04678065
7576_RSL1D1_P1_ENSG00000171490,RSL1D1,-1.0183483,-1.1710829,1.5718414,-0.97573566
7577_RSL24D1_P1P2_ENSG00000137876,RSL24D1,0.108641654,0.9940316,1.0695578,-0.5780891
7578_RSPRY1_P1P2_ENSG00000159579,RSPRY1,-0.73187894,0.13704693,-0.1897464,-0.17696886
7579_RSRC1_P1P2_ENSG00000174891,RSRC1,-0.22555377,-0.8878386,1.062269,-0.4472747
757_BAMBI_P1P2_ENSG00000095739,BAMBI,0.2878591,-0.72987443,-0.68941045,1.3467429
7580_RSRC2_P1P2_ENSG00000111011,RSRC2,0.08221825,-1.2779956,0.83461773,-1.0551322
7582_RTCA_P1P2_ENSG00000137996,RTCA,-0.029012306,0.7130864,0.054891154,0.09260045
7583_RTCB_P1P2_ENSG00000100220,RTCB,6.515623,-0.082055174,-2.8828475,3.1490033
7584_RTEL1_P1P2_ENSG00000258366,RTEL1,0.18204209,1.087111,0.04613439,0.46067074
7585_RTF1_P1P2_ENSG00000137815,RTF1,-0.047199596,-0.5676202,0.07434825,0.19383629
7586_RTF2_P1P2_ENSG00000022277,RTF2,0.5497544,0.4786648,-0.15781853,0.58852935
7587_RTKN2_P1P2_ENSG00000182010,RTKN2,-0.7569834,-0.30872068,0.2818166,-0.58191466
7588_RTN2_P2_ENSG00000125744,RTN2,-0.054900832,-0.3507554,0.6196274,-1.8223438
7589_RTN2_P1_ENSG00000125744,RTN2,0.060390063,-0.510896,-0.36344793,-0.15698735
758_BANF1_P1P2_ENSG00000175334,BANF1,-0.1202865,0.033955812,0.123152666,-0.30252555
7590_RTN3_P1P2_ENSG00000133318,RTN3,0.80617243,-0.4532403,0.06500934,-0.111076795
7591_RTN4IP1_P1P2_ENSG00000130347,RTN4IP1,-0.018686987,-0.38731724,-0.22185464,-0.5050548
7592_RTN4_ENST00000394609.2_ENSG00000115310,RTN4,-0.061132587,-0.647248,-0.124992274,0.24578303
7593_RTTN_P1P2_ENSG00000176225,RTTN,-0.47730926,0.001102548,0.38774768,-0.8973898
7594_RUFY1_P1_ENSG00000176783,RUFY1,-0.31223702,0.023920905,-0.6046916,0.5059138
7595_RUFY1_P2_ENSG00000176783,RUFY1,-0.08896158,-0.63524663,0.20083791,-0.811193
7596_RUFY2_P1P2_ENSG00000204130,RUFY2,0.6927966,-0.06419599,-0.074812464,-0.15439412
7597_RUFY3_P2_ENSG00000018189,RUFY3,-0.3009536,0.23818243,0.078948185,-0.26611346
7598_RUFY3_P1_ENSG00000018189,RUFY3,0.12620428,-0.5305825,0.019811958,-0.41215342
7599_RUNDC1_P1P2_ENSG00000198863,RUNDC1,-0.44938377,0.43166378,-0.42815486,-0.47979665
759_BANP_P1P2_ENSG00000172530,BANP,0.38983122,-0.60492814,0.37836465,0.12514526
75_ACAT1_P1P2_ENSG00000075239,ACAT1,-0.3690815,-0.113943905,-0.32254615,-0.1404873
"7600_RUNX1_ENST00000300305.3,ENST00000437180.1_ENSG00000159216",RUNX1,0.90981066,0.6867012,0.2940867,-1.4414225
7601_RUNX2_P2_ENSG00000124813,RUNX2,-0.4504806,0.24158019,0.83325493,-0.012526897
7602_RUNX2_P1_ENSG00000124813,RUNX2,-0.093933,0.12425512,0.64786214,-0.032369133
7603_RUNX3_P2_ENSG00000020633,RUNX3,-1.1921428,-0.19830574,0.026827157,-1.3309429
7604_RUNX3_P1_ENSG00000020633,RUNX3,-0.044204853,-0.39044404,-0.5868834,0.040305655
7605_RUSC1_P2_ENSG00000160753,RUSC1,-0.40350285,-0.055209603,0.081736326,1.0573272
7606_RUSC1_P1_ENSG00000160753,RUSC1,-0.58525306,0.7043483,-0.026370743,-0.22879644
7607_RUVBL1_P1P2_ENSG00000175792,RUVBL1,-1.0153387,0.08138486,-1.5123782,1.3800733
7609_RWDD1_P1P2_ENSG00000111832,RWDD1,0.34123638,0.07287406,-0.48008135,0.00017528931
760_BAP1_P1P2_ENSG00000163930,BAP1,1.2665594,1.7130495,-3.560495,3.038631
7610_RWDD2B_P1P2_ENSG00000156253,RWDD2B,-0.6740235,-0.07234679,0.5085547,-0.8675419
7611_RWDD3_P1P2_ENSG00000122481,RWDD3,-0.7984745,-1.0614218,-0.2152463,0.6956987
7612_RWDD4_P1P2_ENSG00000182552,RWDD4,-0.49773288,-0.16819908,0.1171429,0.12212639
7613_RXRA_P1P2_ENSG00000186350,RXRA,-0.25030684,-0.5723926,-0.28925356,-0.010945846
7614_RXRB_P1P2_ENSG00000204231,RXRB,-0.2221624,0.9170499,-0.41971314,-0.06125457
7615_RXRG_P1P2_ENSG00000143171,RXRG,-0.44037446,-0.33368182,-1.2433835,0.9592935
7616_RYBP_P1P2_ENSG00000163602,RYBP,-0.25411847,-0.13395356,-0.18836015,-0.09101659
7617_RYK_P1P2_ENSG00000163785,RYK,-0.16188176,-0.029164799,-0.93559724,0.010519885
7618_S100A10_P2_ENSG00000197747,S100A10,0.48329663,-0.13338026,0.105733655,-0.73672134
7619_S100A10_P1_ENSG00000197747,S100A10,-0.16668987,-0.6942291,-0.5651928,-0.24320237
761_BARD1_P1P2_ENSG00000138376,BARD1,-0.34853548,-0.23553775,0.14115019,-0.13647914
7620_S100A11_P1P2_ENSG00000163191,S100A11,-0.5231887,-1.1752905,-0.20500064,0.02362213
7621_S100A13_P1P2_ENSG00000189171,S100A13,-0.056925867,-0.9240848,0.20434882,-0.03905715
7622_S100A1_P1_ENSG00000160678,S100A1,0.2096187,-0.5570742,-0.38292703,0.25307328
7623_S100A1_P2_ENSG00000160678,S100A1,1.1304486,-0.083751604,0.9620506,5.820042
7624_S100A4_P1P2_ENSG00000196154,S100A4,0.33664307,0.16615877,-0.39699477,1.0316917
7625_S100A6_P1P2_ENSG00000197956,S100A6,-0.20205772,0.95235956,-0.46450877,-0.4018835
7626_S100PBP_P1P2_ENSG00000116497,S100PBP,0.39523837,0.28857958,-0.3960472,0.28220552
7627_S100P_P1P2_ENSG00000163993,S100P,0.35481513,-0.612618,-0.34997034,-0.6039897
7628_SAAL1_P2_ENSG00000166788,SAAL1,-0.6107483,0.19396152,-0.047416728,-0.024777533
7629_SAAL1_P1_ENSG00000166788,SAAL1,-0.06498819,0.6922907,0.046435345,0.05547654
762_BARHL1_P1P2_ENSG00000125492,BARHL1,0.2214023,-0.3995399,-0.8430576,-0.39656785
7630_SAC3D1_P1P2_ENSG00000168061,SAC3D1,-0.32449034,-0.021369822,0.028994702,0.022530276
7631_SACM1L_P1P2_ENSG00000211456,SACM1L,0.16996984,0.09024879,0.22678664,1.4400406
7632_SACS_ENST00000382292.3_ENSG00000151835,SACS,-0.76325905,-0.53390217,-0.12080968,0.33721656
7633_SACS_ENST00000382298.3_ENSG00000151835,SACS,-0.79662293,-1.5370442,0.40813717,-0.34113464
7634_SAE1_P1P2_ENSG00000142230,SAE1,-0.037687264,2.553705,-0.13996042,2.6853254
7635_SAFB2_P1P2_ENSG00000130254,SAFB2,0.5002769,-0.30067486,-0.47903794,-0.45085785
7636_SAFB_P1P2_ENSG00000160633,SAFB,-0.17819603,-0.18587609,3.3651106,-0.5267979
7637_SAGE1_P1P2_ENSG00000181433,SAGE1,-0.1511917,0.16772048,0.4974249,-0.035584476
7638_SALL1_P1P2_ENSG00000103449,SALL1,0.8083581,0.44942966,-0.4950936,0.28027108
7639_SALL2_P1P2_ENSG00000165821,SALL2,-0.17649378,-0.48312062,0.10903675,-0.23339576
763_BARHL2_P1P2_ENSG00000143032,BARHL2,-0.3539253,0.16712576,0.09111783,-0.5944545
7640_SALL3_P1P2_ENSG00000256463,SALL3,-0.09377589,-0.42878613,0.2928367,-0.49199343
7641_SALL4_P1P2_ENSG00000101115,SALL4,-1.1537507,-1.0895755,1.2607238,-0.89238924
7642_SAMD1_P1P2_ENSG00000141858,SAMD1,-0.5050146,0.24773452,-1.190064,-0.042006887
7643_SAMD4B_P1P2_ENSG00000179134,SAMD4B,2.4729276,0.97649574,-0.5467503,1.3103228
7644_SAMHD1_P1P2_ENSG00000101347,SAMHD1,-0.3734652,-0.09463532,-0.22209011,-0.091409154
7645_SAMM50_P1P2_ENSG00000100347,SAMM50,8.348041,3.763836,-2.1027792,4.7794843
7646_SAMSN1_P1P2_ENSG00000155307,SAMSN1,0.024359392,0.22773036,0.063990675,0.09827611
7647_SAP130_P1P2_ENSG00000136715,SAP130,-0.22510323,0.27485964,1.0363252,-0.40974113
7648_SAP18_P1P2_ENSG00000150459,SAP18,0.7482939,1.1698487,4.0103292,0.4780911
7649_SAP30BP_P1P2_ENSG00000161526,SAP30BP,0.095440604,-0.3150857,0.02422292,-0.34115934
764_BARX1_P1P2_ENSG00000131668,BARX1,-0.36192542,-0.23597859,-0.32418454,-0.44585645
7650_SAP30L_P1P2_ENSG00000164576,SAP30L,0.54946274,-0.22900029,-0.65942657,-0.40462625
7651_SAP30_P1P2_ENSG00000164105,SAP30,0.3646057,0.13203527,-1.2089171,-0.12439404
7652_SAPCD2_P1P2_ENSG00000186193,SAPCD2,-0.090230614,-0.10469019,-0.04185425,-0.2878269
7653_SAR1A_P1P2_ENSG00000079332,SAR1A,-0.3629175,-0.08808035,0.17968716,-0.28995728
7654_SAR1B_P1P2_ENSG00000152700,SAR1B,-0.4617915,-0.7198438,-0.26030907,-0.38110554
7655_SARNP_P1P2_ENSG00000205323,SARNP,-0.50828284,-0.3599133,-0.11245608,-0.3655035
7656_SARS2_P1P2_ENSG00000104835,SARS2,-0.18160662,-0.028574023,-1.0638669,0.8525973
7658_SART1_P1P2_ENSG00000175467,SART1,0.85012275,0.5579246,-0.61475426,0.32967862
7659_SART3_P1P2_ENSG00000075856,SART3,-0.14139825,-0.07740512,-1.8345869,1.8532137
765_BARX2_P1P2_ENSG00000043039,BARX2,-0.94208974,-0.13192478,0.016058471,-0.33184677
7660_SASS6_P1P2_ENSG00000156876,SASS6,-0.59735996,0.6011698,0.48836046,-0.866174
7661_SAT1_P1P2_ENSG00000130066,SAT1,-0.04108824,-0.025692713,-0.08851403,-0.18652275
7662_SAT2_P1P2_ENSG00000141504,SAT2,0.63620317,-0.081577785,0.13027649,0.5223107
7663_SATB1_P1_ENSG00000182568,SATB1,-0.25524348,-0.18703845,-0.5038435,-0.6460325
7664_SATB1_P2_ENSG00000182568,SATB1,-0.75844085,-0.025530512,0.3110295,-0.5191422
7665_SATB2_P1P2_ENSG00000119042,SATB2,0.07475921,-0.5714828,-0.2581815,-0.46525505
7666_SAV1_P1P2_ENSG00000151748,SAV1,-0.521772,-0.008859905,-0.83217275,-0.52764875
7667_SAYSD1_P1P2_ENSG00000112167,SAYSD1,-0.65310323,-0.8342769,-0.7084338,-0.4193447
7668_SBDS_P1P2_ENSG00000126524,SBDS,-0.3705362,0.16110718,-0.7865106,-0.40987122
7669_SBF1_P1P2_ENSG00000100241,SBF1,0.4419883,-0.31629193,-0.37760144,-0.113762
766_BATF2_P1P2_ENSG00000168062,BATF2,-0.34077257,-0.8419387,0.07087153,-0.1601032
7670_SBNO1_P1P2_ENSG00000139697,SBNO1,-0.21415819,-0.10094806,0.08933726,0.04203015
7672_SBNO2_P1_ENSG00000064932,SBNO2,-0.38765702,-0.7140447,0.23173769,0.27435112
7673_SC5D_P1P2_ENSG00000109929,SC5D,-0.85647464,-0.33520883,0.37695786,-0.8376337
7674_SCAF11_P1P2_ENSG00000139218,SCAF11,0.025209414,0.8240723,-0.96552616,-0.3686963
7675_SCAF1_P1P2_ENSG00000126461,SCAF1,-0.08217874,-0.12960039,0.60480344,-0.46795332
7676_SCAF4_P1P2_ENSG00000156304,SCAF4,-0.15640256,0.14025271,-0.74318355,0.55506104
7677_SCAF8_P1P2_ENSG00000213079,SCAF8,-0.3319332,-1.0705248,1.4761397,-1.0807618
7678_SCAI_P1P2_ENSG00000173611,SCAI,-0.3348362,0.25741047,-0.66321623,-0.08551509
7679_SCAMP1_P1P2_ENSG00000085365,SCAMP1,-1.2777681,-1.3922375,1.505706,-0.4735664
767_BATF3_P1P2_ENSG00000123685,BATF3,-0.7476236,-0.03572094,0.2946303,-0.7337229
7680_SCAMP2_P1_ENSG00000140497,SCAMP2,-0.34711596,-0.66100216,-0.5067161,-0.44434214
7681_SCAMP2_P2_ENSG00000140497,SCAMP2,-0.11904612,0.44431004,0.015586748,-0.49471036
7682_SCAMP3_P1P2_ENSG00000116521,SCAMP3,-0.27988777,-0.13839315,-0.40520054,-0.69909537
7683_SCAMP4_P1P2_ENSG00000227500,SCAMP4,-0.24309325,-0.14973259,-0.63138026,-0.69093615
7684_SCAND1_P1P2_ENSG00000171222,SCAND1,-0.20429678,-0.29342908,-0.14773671,0.23115902
7685_SCAPER_P1P2_ENSG00000140386,SCAPER,0.5075032,0.034717835,-0.62417996,-0.24020198
7686_SCAP_P1P2_ENSG00000114650,SCAP,0.68024707,-0.030205274,-1.5542533,0.5529778
7687_SCARB1_P1P2_ENSG00000073060,SCARB1,-0.71890813,-0.44159323,0.67655635,-0.8686112
7688_SCARB2_P1P2_ENSG00000138760,SCARB2,0.05335858,-0.52393323,0.2990831,0.04315477
7689_SCCPDH_P1P2_ENSG00000143653,SCCPDH,-0.37661642,0.329992,-0.2989878,0.2209151
768_BATF_P1P2_ENSG00000156127,BATF,0.0148301255,0.013105333,-0.53989905,0.44783005
7691_SCFD1_P1P2_ENSG00000092108,SCFD1,1.1395206,-0.06371648,-0.23303199,0.8382985
7692_SCFD2_P1P2_ENSG00000184178,SCFD2,-0.25533536,-0.42836002,-0.16745676,-0.37567472
7693_SCG3_P1P2_ENSG00000104112,SCG3,-0.20661357,-0.5706004,0.09682911,-0.78650635
7694_SCIN_P1P2_ENSG00000006747,SCIN,-0.5652124,-0.96086115,0.14494489,-0.67233413
7695_SCLT1_P1P2_ENSG00000151466,SCLT1,0.17129064,-0.28158507,0.2034653,0.12418989
"7696_SCLY_ENST00000254663.6,ENST00000555827.1_ENSG00000132330",SCLY,0.35827154,0.6209054,-0.47821817,0.33197168
7697_SCMH1_ENST00000326197.7_ENSG00000010803,SCMH1,0.26177886,0.6754789,-0.07624088,0.05275384
7698_SCMH1_ENST00000402904.2_ENSG00000010803,SCMH1,-0.25012276,-0.8862011,0.41805804,-0.5215947
7699_SCML2_P1P2_ENSG00000102098,SCML2,-0.48355314,-0.86063355,0.2955791,-0.20139416
769_BAX_P1P2_ENSG00000087088,BAX,-0.14340024,-0.37166885,-0.15602875,-0.06070989
76_ACAT2_P1P2_ENSG00000120437,ACAT2,1.1457598,-0.859043,0.63732344,-0.3882808
7700_SCML4_P1P2_ENSG00000146285,SCML4,-0.07445465,-0.23830132,-0.18953948,-0.3358037
7701_SCNM1_P1P2_ENSG00000163156,SCNM1,-0.45754948,-0.19068062,0.12668388,-0.3491593
7702_SCO1_P1P2_ENSG00000133028,SCO1,0.26667112,-0.9529106,-0.16167499,-0.6327998
7703_SCO2_P1P2_ENSG00000284194,SCO2,0.5417276,-0.061026156,-0.42360586,-0.21296224
7704_SCOC_P1P2_ENSG00000153130,SCOC,0.20166421,-0.01760968,-0.19280738,-0.009205761
7705_SCP2_ENST00000371514.3_ENSG00000116171,SCP2,-0.2215966,1.2994716,0.120545626,-0.5692349
7706_SCRIB_P1P2_ENSG00000180900,SCRIB,-0.41742826,-0.33663762,-0.08634091,-1.4008398
7707_SCRN2_P1P2_ENSG00000141295,SCRN2,-0.07827321,-0.04225055,0.06758492,-0.091089256
7708_SCRN3_P1P2_ENSG00000144306,SCRN3,-0.5890665,-0.048755463,0.16828433,-0.030837364
7709_SCRT1_P1P2_ENSG00000261678,SCRT1,-0.7189328,-0.2668609,-0.25547725,-0.019150587
770_BAZ1A_P1P2_ENSG00000198604,BAZ1A,0.027253587,-0.10829866,0.097285055,-0.86494786
7710_SCRT2_P1P2_ENSG00000215397,SCRT2,0.061207358,0.16405852,-0.22293147,-0.2561819
7711_SCYL1_P1P2_ENSG00000142186,SCYL1,1.3241509,6.240866,-0.57794505,0.98952293
7712_SCYL2_P1P2_ENSG00000136021,SCYL2,-0.3447993,0.012539292,-0.15370873,-0.5261964
7713_SDAD1_P1P2_ENSG00000198301,SDAD1,-0.47063226,0.3367781,0.7896952,0.47964305
7714_SDC1_P1P2_ENSG00000115884,SDC1,-0.9403853,-1.6965976,1.742877,-0.6345694
7715_SDC3_P1P2_ENSG00000162512,SDC3,-0.63235825,-0.758173,-0.2198986,0.014063349
7716_SDCBP_P1P2_ENSG00000137575,SDCBP,-0.3795662,-0.41818368,0.2216593,-0.27528322
7717_ENTR1_P1P2_ENSG00000165689,ENTR1,-0.6090242,0.4931064,3.524578,-0.115181416
7718_SDCCAG8_P1P2_ENSG00000054282,SDCCAG8,0.08425788,0.081963204,-0.23286206,0.23286521
7719_SDE2_P1P2_ENSG00000143751,SDE2,1.292912,0.18235865,-0.6640671,1.1571485
771_BAZ1B_P1P2_ENSG00000009954,BAZ1B,-0.95872,-0.6363579,0.6099988,-0.55309176
7720_SDF2L1_P1P2_ENSG00000128228,SDF2L1,-0.24860963,-0.7211519,-0.26358753,0.008615998
7721_SDF2_P1P2_ENSG00000132581,SDF2,-0.50118035,0.51089966,-0.6709589,0.62614006
7722_SDF4_P1P2_ENSG00000078808,SDF4,0.27813992,0.81507516,-0.35602188,-0.36334223
7724_SDHAF2_P1P2_ENSG00000167985,SDHAF2,-0.20340396,-0.18385713,-0.24714431,-0.5005775
7725_SDHA_P1P2_ENSG00000073578,SDHA,0.3816444,-0.09147096,-0.1375615,-0.4915896
7726_SDHB_P1P2_ENSG00000117118,SDHB,-1.2261477,-1.809139,0.0065916474,-0.9450065
7727_SDHC_P1P2_ENSG00000143252,SDHC,0.51585764,0.646294,0.15197256,0.61109596
7728_SDHD_P1P2_ENSG00000204370,SDHD,-0.32656708,0.32438165,-0.46699277,-0.5062203
7729_SDR39U1_P1P2_ENSG00000100445,SDR39U1,-0.3170405,1.4778228,0.27167058,0.018740937
772_BAZ2A_P2_ENSG00000076108,BAZ2A,0.14501016,0.048367318,-0.41397715,0.222695
7730_SDSL_P1P2_ENSG00000139410,SDSL,0.042610142,0.3281326,-0.49112365,0.40744692
7731_SEBOX_P1P2_ENSG00000274529,SEBOX,-0.8042068,-0.018415969,-0.9632046,-0.61402786
7732_SEC11A_P1P2_ENSG00000140612,SEC11A,-0.4457191,1.6220797,0.104366705,0.60832834
7733_SEC11C_P1P2_ENSG00000166562,SEC11C,-1.1580443,-0.10077597,-0.9102746,-0.64044523
7735_SEC14L1_P2_ENSG00000129657,SEC14L1,0.16450615,-0.3997283,0.018683527,-0.10830069
7736_SEC14L1_P1_ENSG00000129657,SEC14L1,-0.8723565,-0.057941526,0.024405057,-0.28252935
7737_SEC16A_P1P2_ENSG00000148396,SEC16A,-0.26136604,-0.321768,-0.47884208,0.12029815
7738_SEC22A_P1P2_ENSG00000121542,SEC22A,-0.6465433,-0.72374076,0.010541179,0.09497912
7739_SEC22B_P1P2_ENSG00000265808,SEC22B,0.9716949,-0.24930891,-0.41418827,1.1242565
773_BAZ2A_P1_ENSG00000076108,BAZ2A,-0.5012645,-0.17618449,0.004603415,-0.58206874
7740_SEC22C_P1P2_ENSG00000093183,SEC22C,-0.097692914,0.40412256,-0.57166684,-0.2674668
7741_SEC23A_P1P2_ENSG00000100934,SEC23A,-0.08932598,-0.6453441,0.43174335,-0.26214182
7742_SEC23B_P1P2_ENSG00000101310,SEC23B,-0.6491301,-0.22567612,-0.66336626,-0.34086645
7743_SEC23IP_P1P2_ENSG00000107651,SEC23IP,-0.49907625,-0.37390614,0.04185466,-0.0012723695
7744_SEC24A_P1P2_ENSG00000113615,SEC24A,0.3925528,0.27255717,-0.44077596,0.45940366
7745_SEC24B_P1P2_ENSG00000138802,SEC24B,0.2138547,0.41821322,-0.2922697,-0.01566249
7746_SEC24C_P1P2_ENSG00000176986,SEC24C,0.074002944,-0.36725718,0.005809681,-0.15968677
7747_SEC24D_P1P2_ENSG00000150961,SEC24D,-0.1103074,-0.9582679,-0.37317657,-0.41199672
7748_SEC31A_P1_ENSG00000138674,SEC31A,-0.22736585,-0.105186984,-0.08832232,0.30763978
7749_SEC31A_P2_ENSG00000138674,SEC31A,0.023964534,-0.2658412,-0.51962286,0.18453039
774_BAZ2B_P1P2_ENSG00000123636,BAZ2B,0.36463824,0.26119706,0.10013202,-0.15018937
7750_SEC61A1_P2_ENSG00000058262,SEC61A1,-0.40832958,0.8109633,-0.18657453,-0.3096319
7751_SEC61A1_P1_ENSG00000058262,SEC61A1,0.22705086,7.22633,-0.8349671,3.4138196
7752_SEC61B_P1P2_ENSG00000106803,SEC61B,0.57097286,7.6893144,0.26062423,0.08024778
7753_SEC61G_P1P2_ENSG00000132432,SEC61G,0.9188861,8.2409,-0.736794,3.029058
7755_SEC63_P1P2_ENSG00000025796,SEC63,-0.052161507,6.5117297,0.15173309,0.04793752
7756_SECISBP2L_P1P2_ENSG00000138593,SECISBP2L,-0.18127048,-0.12964238,-0.05638612,-0.13856132
7757_SECISBP2_P1P2_ENSG00000187742,SECISBP2,0.4254393,-0.10340147,0.15162961,-0.5661677
7758_SEH1L_P1P2_ENSG00000085415,SEH1L,-1.2538705,-1.679129,-0.19744985,-1.7006586
7759_SEL1L3_P1P2_ENSG00000091490,SEL1L3,-0.25003734,-0.16291644,-0.17038831,-0.5851269
775_BBC3_P1P2_ENSG00000105327,BBC3,0.30515772,-0.22567986,-0.7911728,-0.49732128
7760_SEL1L_P1P2_ENSG00000071537,SEL1L,-0.01871897,6.75177,-0.24960513,-0.79171795
7761_SELENBP1_P1P2_ENSG00000143416,SELENBP1,-0.45718485,-0.21687444,0.06675557,-0.42828003
7762_SELENOK_P1P2_ENSG00000113811,SELENOK,0.45432973,-0.15611139,0.40244943,-0.027691172
7763_SELENOM_P1P2_ENSG00000198832,SELENOM,0.5017204,-0.11186713,-0.3307179,-0.5250943
7764_SELENOO_P1P2_ENSG00000073169,SELENOO,-0.018407308,0.29763478,-0.40930468,-0.10154792
7765_SELPLG_P1P2_ENSG00000110876,SELPLG,-0.099970765,0.010701253,0.12417397,-0.41375375
7766_SELENOT_P1P2_ENSG00000198843,SELENOT,0.31989065,-0.8615872,-0.27349716,-0.6300093
7767_SEMA4B_P1_ENSG00000185033,SEMA4B,-0.20554262,0.15543303,-0.030165248,0.4338591
7768_SEMA4B_P2_ENSG00000185033,SEMA4B,-0.3597913,-0.58719575,-0.19474976,-0.62969565
7769_SEMA4C_P2_ENSG00000168758,SEMA4C,-0.7128696,0.05637109,0.31350476,-0.6480285
776_BBIP1_P1P2_ENSG00000214413,BBIP1,-0.2268432,-0.024186485,-0.41589043,-0.4629235
7770_SEMA4C_P1_ENSG00000168758,SEMA4C,-0.14948045,0.14169478,-0.15996915,0.024278546
7771_SENP1_P1P2_ENSG00000079387,SENP1,-1.0869796,-0.4709759,-0.6847589,-0.43535253
7772_SENP2_P1P2_ENSG00000163904,SENP2,-0.1814046,-0.4915263,-0.404333,-0.352289
7773_SENP3_P1P2_ENSG00000161956,SENP3,-0.38121423,-0.009874185,0.19787551,0.098280445
7774_SENP5_P1P2_ENSG00000119231,SENP5,-0.08916776,1.007364,-0.25416204,3.7512457
7775_SENP6_P1P2_ENSG00000112701,SENP6,-0.52054787,-0.25045577,-0.4707755,-0.4429603
7776_SENP7_P1P2_ENSG00000138468,SENP7,0.064963564,-0.104573146,0.22421503,-0.006013078
7777_SELENOF_P1P2_ENSG00000183291,SELENOF,-0.22332057,-0.3542329,-0.12772492,-0.26067087
7778_SEPHS1_P1P2_ENSG00000086475,SEPHS1,-1.0629545,-1.0530773,2.4988892,-0.593827
7779_SEPHS2_P1P2_ENSG00000179918,SEPHS2,-0.07562038,0.6661414,-0.9957542,0.21246037
777_BBS1_P1P2_ENSG00000174483,BBS1,0.041258533,-0.4012627,-0.07423958,-0.35151842
7780_SELENOP_P1P2_ENSG00000250722,SELENOP,-0.48910296,-0.0245764,0.22645794,-0.5645909
7781_SEPSECS_P1P2_ENSG00000109618,SEPSECS,0.13554434,0.14635198,0.34012625,-0.38021865
7782_SEPTIN11_P1P2_ENSG00000138758,SEPTIN11,-0.08376342,-0.5383161,0.17014053,-0.27715108
7783_SEPTIN1_P1_ENSG00000180096,SEPTIN1,-0.55753744,-0.24899454,0.27142537,-0.49168232
7784_SEPTIN1_P2_ENSG00000180096,SEPTIN1,-0.41029218,-0.31820586,-0.17881581,-0.40363163
7786_SEPTIN5_P2_ENSG00000184702,SEPTIN5,-0.67257756,-0.6063393,0.020811465,-0.60765946
7787_SEPTIN5_P1_ENSG00000184702,SEPTIN5,-0.017183004,-0.34911868,0.42193106,-0.07287475
7788_SEPTIN6_P1P2_ENSG00000125354,SEPTIN6,-0.73894835,-0.2818405,0.54989845,-0.662957
7789_SEPTIN7_P1P2_ENSG00000122545,SEPTIN7,-0.08537814,0.37299684,-0.17120793,0.42145193
778_BBS2_P1P2_ENSG00000125124,BBS2,-0.63950455,-0.16766182,-0.3469976,-0.65560347
7790_SEPTIN8_P1P2_ENSG00000164402,SEPTIN8,-0.3735604,0.24500348,-0.21307963,-0.67559034
7791_SEPTIN9_P1P2_ENSG00000184640,SEPTIN9,-0.20324416,0.07009367,0.027228188,-0.6191858
7792_SELENOW_P1P2_ENSG00000178980,SELENOW,-0.4056052,-0.15918872,-0.2598957,-0.2477144
7793_SERBP1_P1P2_ENSG00000142864,SERBP1,-0.8778065,1.3833531,0.46126413,-0.8110814
7794_SERF1B_ENST00000380751.5_ENSG00000205572,SERF1B,-0.2996712,-0.0059440504,-0.08300849,-0.19137454
7795_SERF2_P1_ENSG00000140264,SERF2,-1.3883815,-0.6296024,1.2502168,0.1396866
7796_SERF2_P2_ENSG00000140264,SERF2,-0.09810136,-0.21373604,-0.4046583,-0.098499365
7797_SERGEF_P1P2_ENSG00000129158,SERGEF,0.5319647,-0.043543667,-1.231175,0.47451466
7798_SERHL2_P1P2_ENSG00000183569,SERHL2,-0.059300218,-1.3316029,0.3644215,-0.18955353
7799_SERINC1_P1P2_ENSG00000111897,SERINC1,-0.37194958,-0.12154301,0.6109552,0.040385604
779_BBS4_P1P2_ENSG00000140463,BBS4,-0.24785058,-0.07092446,-0.23249198,-0.58451205
77_ACBD3_P1P2_ENSG00000182827,ACBD3,-0.53902274,0.2547499,-0.10483285,-0.24249418
7800_SERINC3_P1P2_ENSG00000132824,SERINC3,-0.26350257,-0.16067123,-0.20976505,0.16690946
7801_SERP1_P1P2_ENSG00000120742,SERP1,0.6124747,-0.74049205,-0.46551773,-0.3854793
7802_SERPINB1_P1P2_ENSG00000021355,SERPINB1,2.87425,1.3536291,-1.0983573,1.483705
7803_SERPINB6_P1P2_ENSG00000124570,SERPINB6,-0.5692239,0.03940484,-0.3861168,0.24065289
7804_SERPINB9_P1P2_ENSG00000170542,SERPINB9,-1.1056428,-0.95783293,0.1626878,-0.68691295
7805_SERPINF1_P1P2_ENSG00000132386,SERPINF1,-0.42163745,0.107593685,0.22209246,-0.03877285
7806_SERPING1_P1P2_ENSG00000149131,SERPING1,0.027284523,-0.6174643,-0.14372641,0.14816973
7807_SERPINH1_P1P2_ENSG00000149257,SERPINH1,-0.32551116,0.1699603,0.07166092,-1.0044228
7808_SERTAD1_P1P2_ENSG00000197019,SERTAD1,-0.3212782,-0.12689511,-0.22533126,-0.53725815
7809_SERTAD2_P1P2_ENSG00000179833,SERTAD2,0.13047478,0.2825685,-0.014130383,-0.013326438
780_BBS7_P1P2_ENSG00000138686,BBS7,-0.00969781,-0.19116694,-0.18783389,-0.06917307
7810_SERTAD3_P1P2_ENSG00000167565,SERTAD3,-0.34520203,-0.83425343,-0.7341535,-0.7171743
7811_SESN1_ENST00000436639.2_ENSG00000080546,SESN1,-0.77242506,1.1686027,0.45747483,-0.21871178
7812_SESN2_P1P2_ENSG00000130766,SESN2,0.5945817,0.21206304,-0.22903107,0.010970142
7813_SETBP1_P1P2_ENSG00000152217,SETBP1,-0.18708721,-0.2998818,0.24819818,-0.08281685
7814_SETD1A_P1P2_ENSG00000099381,SETD1A,7.6559277,3.3794308,-0.38638088,2.9440057
7815_SETD1B_P1P2_ENSG00000139718,SETD1B,-1.2263937,-0.7510593,-0.6027146,-0.8683991
7816_SETD2_P1P2_ENSG00000181555,SETD2,0.2805725,-0.6676458,-0.6761252,-0.5021563
7817_SETD3_P1P2_ENSG00000183576,SETD3,-0.26460493,-0.39986324,0.07312116,-0.812046
7818_SETD4_P1P2_ENSG00000185917,SETD4,0.026342293,-0.44773534,0.2132007,-0.7139425
7819_SETD5_P1P2_ENSG00000168137,SETD5,0.052009,-1.2141603,0.18082929,-0.9202065
781_BBX_P1P2_ENSG00000114439,BBX,-0.6734708,-0.55053073,0.028389247,-0.91550124
7820_SETD6_P1P2_ENSG00000103037,SETD6,-0.2692249,-0.31308508,-0.24364741,-0.27279043
7821_SETD7_P1P2_ENSG00000145391,SETD7,-0.8158391,-0.045345332,0.90673006,-0.35672128
7822_SETD9_P1P2_ENSG00000155542,SETD9,-0.09904028,0.25922832,0.24487351,0.7206439
7823_SETDB1_P1P2_ENSG00000143379,SETDB1,-1.0970043,2.9089465,1.6886703,0.27202508
7824_SETDB2_P1P2_ENSG00000136169,SETDB2,0.24365354,-0.52611065,-0.015514736,0.45331672
7825_SETMAR_P1P2_ENSG00000170364,SETMAR,-0.52812636,-0.09029429,-0.2347769,-0.02536635
7826_SETX_P1P2_ENSG00000107290,SETX,0.4399887,0.68905914,-0.98327166,0.9780593
7827_SET_P1P2_ENSG00000119335,SET,-0.023781365,-0.64316064,-0.6500284,-1.1793678
7828_SEZ6L2_P1P2_ENSG00000174938,SEZ6L2,-0.18626553,0.43202272,-0.32870382,-0.3004401
7829_SF1_P1P2_ENSG00000168066,SF1,-0.68695,-0.73186266,1.5167032,-0.94789827
782_BCAP29_P1P2_ENSG00000075790,BCAP29,-0.93762225,-0.6231519,-0.17443669,-0.42357838
7830_SF3A1_P1_ENSG00000099995,SF3A1,-0.15750489,-0.21000503,-1.2339948,0.5263203
7831_SF3A1_P2_ENSG00000099995,SF3A1,0.05469201,-0.28247917,-0.5853897,-0.43275738
7832_SF3A2_P2_ENSG00000104897,SF3A2,0.28841844,-0.65844256,-0.09622548,-0.27458698
7833_SF3A2_P1_ENSG00000104897,SF3A2,3.391761,0.8643161,-0.2524717,1.6405505
7835_SF3B1_P1P2_ENSG00000115524,SF3B1,-0.09399983,-0.23123376,-0.29014516,-0.15816356
7836_SF3B2_P1P2_ENSG00000087365,SF3B2,0.021637604,-0.28920352,0.10100778,-0.20585142
7837_SF3B3_P1P2_ENSG00000189091,SF3B3,-0.2046946,-0.11566318,-0.62801826,-0.019397985
7838_SF3B4_P1P2_ENSG00000143368,SF3B4,-0.61850464,-0.05550555,-0.9897399,-0.015110403
7839_SF3B5_P1P2_ENSG00000169976,SF3B5,-0.1811087,0.1562662,-0.28272402,-0.5359843
783_BCAP31_P1P2_ENSG00000185825,BCAP31,-0.22228469,0.90857065,0.4417503,0.16003443
7840_SFI1_P1P2_ENSG00000198089,SFI1,-0.12707046,-0.107493974,0.06745322,-0.4216834
7841_SFMBT1_P1P2_ENSG00000163935,SFMBT1,0.21038063,-0.11142754,-0.22386064,-0.11983983
7842_SFPQ_P1P2_ENSG00000116560,SFPQ,-0.27398905,-2.255132,3.4699655,-2.2431989
7843_SFSWAP_P1P2_ENSG00000061936,SFSWAP,0.27171013,-0.0110371355,1.6283468,-0.9042445
7844_SFT2D1_P1P2_ENSG00000198818,SFT2D1,-0.2090262,0.89430046,-0.14544456,-0.5829653
7845_SFT2D2_P1P2_ENSG00000213064,SFT2D2,0.06979005,0.64761287,0.17824726,-0.06368271
7846_SFT2D3_P1P2_ENSG00000173349,SFT2D3,-0.35743478,-0.034770697,-0.13020976,-0.4110687
7847_SFXN1_P1P2_ENSG00000164466,SFXN1,-1.0662303,-0.32910457,0.52221227,-0.92389363
7848_SFXN2_P1P2_ENSG00000156398,SFXN2,-0.5067086,0.37797993,0.47033256,0.14094688
7849_SFXN4_P1P2_ENSG00000183605,SFXN4,0.26520315,-0.7091752,0.3259906,1.5962566
784_BCAR1_P2_ENSG00000050820,BCAR1,-0.5281042,0.16240944,-0.5341493,-0.1024021
7850_SFXN5_P1P2_ENSG00000144040,SFXN5,-0.36496672,-0.59106755,-0.3404897,-0.26035976
7851_SGK1_P1_ENSG00000118515,SGK1,-0.037017234,-0.36882666,-0.49124572,-0.04751328
7852_SGK1_P2_ENSG00000118515,SGK1,-0.26033905,0.05395689,-0.047233835,0.21310553
7853_SGK3_ENST00000521198.2_ENSG00000104205,SGK3,0.30648655,0.014982483,-1.0874586,0.4310342
"7854_SGK3_ENST00000396596.1,ENST00000522398.1_ENSG00000104205",SGK3,-0.112392806,0.27918237,-2.2590742,1.4336025
7855_SGK3_ENST00000345714.4_ENSG00000104205,SGK3,0.18865564,0.78963226,-0.9306416,0.32661915
7856_RSKR_P1P2_ENSG00000167524,RSKR,-0.41753158,0.12426994,-0.5542798,-0.9167484
7857_SGMS1_P1P2_ENSG00000198964,SGMS1,-0.176313,-0.40337494,-0.36223835,0.03890851
7858_SGO1_P1P2_ENSG00000129810,SGO1,0.6327155,-0.6561351,0.37098122,-0.08783041
7859_SGO2_P1P2_ENSG00000163535,SGO2,-0.13344438,0.10183926,-0.53988314,-0.2694743
785_BCAR1_P1_ENSG00000050820,BCAR1,-0.10925912,-0.045987032,-0.6564019,-0.11814718
7860_SGPL1_P1P2_ENSG00000166224,SGPL1,-0.049388554,0.32967722,-0.5883971,-0.30589464
7861_SGPP1_P1P2_ENSG00000126821,SGPP1,-0.119368486,0.31411588,0.00081268034,-0.24992882
7862_SGSH_P1P2_ENSG00000181523,SGSH,0.05525871,-0.16954295,-0.5484054,-0.19230592
7863_SGSM2_P1P2_ENSG00000141258,SGSM2,0.50346476,-0.10729289,-0.0576019,-0.008862879
7864_SGSM3_P1P2_ENSG00000100359,SGSM3,0.18806575,-0.4354206,-0.18735218,0.15294644
7865_SGTA_P1P2_ENSG00000104969,SGTA,-0.5296871,0.5651326,-0.47174922,-0.19804102
7866_SGTB_P1P2_ENSG00000197860,SGTB,0.05288286,-0.5522072,0.48176053,0.026862368
7867_SH2B1_P1P2_ENSG00000178188,SH2B1,-0.6820307,-0.5580983,-0.44326514,-0.41872668
7868_SH2B3_P1P2_ENSG00000111252,SH2B3,0.07665117,0.1542147,-0.103523634,-0.32752547
7869_SH2D2A_P2_ENSG00000027869,SH2D2A,-0.46045333,-0.41852468,0.04253487,-0.51250905
786_BCAS2_P1P2_ENSG00000116752,BCAS2,-0.23062468,-1.0302219,3.9377475,0.6149403
7870_SH2D2A_P1_ENSG00000027869,SH2D2A,-0.12177964,-0.6284965,0.2714073,-0.25904015
7871_SH2D3A_P1P2_ENSG00000125731,SH2D3A,-0.45300552,0.24117291,0.3003142,-0.8447872
7872_SH3BGRL2_P1P2_ENSG00000198478,SH3BGRL2,0.15690528,-0.5949844,0.0803276,-0.15723807
7873_SH3BGRL3_P1P2_ENSG00000142669,SH3BGRL3,-1.1131341,0.23336814,-1.2126034,-0.40976024
7874_SH3BGRL_P1P2_ENSG00000131171,SH3BGRL,-0.59759325,-0.86703235,-0.17454183,-0.9699673
7875_SH3BGR_P1_ENSG00000185437,SH3BGR,-0.21076404,-0.23577951,0.47169173,-0.65945977
7876_SH3BGR_P2_ENSG00000185437,SH3BGR,-0.9498833,-0.21437322,0.711023,-1.4440265
7877_SH3BP1_P1P2_ENSG00000100092,SH3BP1,0.038197443,0.21871209,-0.65622014,1.2576262
7878_SH3BP2_P1_ENSG00000087266,SH3BP2,-0.118670836,-0.4740779,-0.31357276,0.21190757
7879_SH3BP2_P2_ENSG00000087266,SH3BP2,-0.4654851,-0.060693745,-0.15140846,-0.15457079
787_BCAT1_P1P2_ENSG00000060982,BCAT1,-0.53253895,-0.5520051,0.17454422,-0.4473571
7880_SH3BP5L_P1P2_ENSG00000175137,SH3BP5L,-0.2609442,-0.07310285,-0.36245954,-0.60198957
7881_SH3BP5_P1_ENSG00000131370,SH3BP5,-0.5273586,-0.20171985,-0.95619357,1.013735
7882_SH3BP5_P2_ENSG00000131370,SH3BP5,-1.095504,-0.76347786,0.17674585,-1.258758
7883_SH3GL1_P1P2_ENSG00000141985,SH3GL1,0.29376993,0.38027877,0.3395716,1.1248301
7884_SH3GL3_P1P2_ENSG00000140600,SH3GL3,-0.08200775,0.14212775,-0.30806085,-0.37490317
7885_SH3GLB1_P1P2_ENSG00000097033,SH3GLB1,-0.2694209,-0.1937814,0.022585306,-0.1949246
7886_SH3GLB2_P1P2_ENSG00000148341,SH3GLB2,1.1148845,1.6276935,-0.028694961,0.34694347
7887_SH3KBP1_P1P2_ENSG00000147010,SH3KBP1,-1.0570643,0.18752126,2.6887054,-0.97750545
7888_SHARPIN_P1P2_ENSG00000179526,SHARPIN,-0.6859319,-0.39708707,-0.32824236,-0.670032
7889_SHB_P1P2_ENSG00000107338,SHB,-0.0411741,-0.020934762,-0.034339216,-0.3572826
788_BCAT2_P1P2_ENSG00000105552,BCAT2,0.83420885,-0.30187142,0.17140116,-0.6461079
7890_SHC1_P1_ENSG00000160691,SHC1,-0.31043488,-1.0547343,0.17900498,-0.4501713
7891_SHC1_P2_ENSG00000160691,SHC1,-0.41862172,-0.6362786,2.4264262,-1.7931377
7892_SHCBP1_P1P2_ENSG00000171241,SHCBP1,0.0075446945,0.09591875,-0.46894923,0.013386486
7894_SHISA5_P1P2_ENSG00000164054,SHISA5,0.20455128,0.36256978,-0.45314884,-0.31094018
7895_SHKBP1_P1P2_ENSG00000160410,SHKBP1,-0.13577215,-0.6021725,-0.77204955,-0.79664993
7896_SHMT1_P1P2_ENSG00000176974,SHMT1,-0.33537024,-0.288945,0.17050588,-0.018270522
7897_SHMT2_P1P2_ENSG00000182199,SHMT2,0.36347678,-0.5562751,0.2596019,-0.50304615
7898_SHOC2_P1P2_ENSG00000108061,SHOC2,0.20057759,-1.0631285,2.119353,-1.9222513
7899_SHOX2_P1P2_ENSG00000168779,SHOX2,-0.50191987,-0.31614864,-0.4014831,-0.008075772
789_BCCIP_P1P2_ENSG00000107949,BCCIP,-0.749149,-1.1433133,0.34414187,-0.48411945
78_ACBD5_P1P2_ENSG00000107897,ACBD5,-0.6010316,0.27832776,-0.7388756,0.57221586
7900_SHOX_P1P2_ENSG00000185960,SHOX,0.35861638,-0.5315845,0.5496086,0.2852238
7901_SHPK_P1P2_ENSG00000197417,SHPK,-0.5175516,0.015920576,-0.99433434,0.9702129
7902_SHPRH_P1P2_ENSG00000146414,SHPRH,0.2251841,0.39404392,0.034327082,-0.42238072
7903_SHQ1_P1P2_ENSG00000144736,SHQ1,-0.24988021,-0.30772159,-0.58235395,0.01255323
7904_SHROOM1_P1P2_ENSG00000164403,SHROOM1,-0.26729804,0.115211286,-0.015120345,0.047562044
7905_SIAH1_P1P2_ENSG00000196470,SIAH1,-0.060630407,1.3985256,-0.81695694,0.07651508
7906_SIAH2_P1P2_ENSG00000181788,SIAH2,-0.81236666,0.27038103,-0.10273166,0.18712814
7907_SIGIRR_P1_ENSG00000185187,SIGIRR,-0.29567352,0.6021717,-0.5463346,-0.23479167
7908_SIGIRR_P2_ENSG00000185187,SIGIRR,-0.8357045,-0.24282254,-0.21816649,-0.08779968
7909_SIGLEC14_P1P2_ENSG00000254415,SIGLEC14,0.35146272,0.19279873,-0.79437554,0.21695863
790_BCKDHA_P2_ENSG00000248098,BCKDHA,0.092518955,-0.7933358,0.11080709,-0.13444099
7910_SIGMAR1_P1P2_ENSG00000147955,SIGMAR1,-0.8750493,0.46809855,0.14174892,1.1163973
7911_SIK3_P1P2_ENSG00000160584,SIK3,-0.037755545,-0.7288188,-0.3540379,0.1904761
7912_SIKE1_P1P2_ENSG00000052723,SIKE1,-0.75251,-0.3426771,0.33218417,-0.3947515
7913_SIL1_P1P2_ENSG00000120725,SIL1,-0.16088034,-0.43685663,-0.9740929,0.011465799
7914_SIM1_P1P2_ENSG00000112246,SIM1,-0.25673437,-0.28400958,0.64990604,-0.1812807
7915_SIM2_P1P2_ENSG00000159263,SIM2,-0.502248,-0.46238482,0.05646587,-0.8081168
7916_SIMC1_P1P2_ENSG00000170085,SIMC1,-0.26175615,-0.2446564,0.18192714,-0.37319306
7917_SIN3A_P2_ENSG00000169375,SIN3A,0.05833054,1.2865558,-0.59053785,0.7393918
7918_SIN3A_P1_ENSG00000169375,SIN3A,-0.49854845,1.0227587,-0.15987732,-0.023548327
7919_SIN3B_P1P2_ENSG00000127511,SIN3B,0.94976723,-0.65363586,-0.63267344,0.3598922
791_BCKDHA_P1_ENSG00000248098,BCKDHA,-0.30632162,0.3844764,-0.38456985,-0.34042943
7920_SIPA1_P1_ENSG00000213445,SIPA1,-0.29126483,1.7633535,-1.8756335,2.2146342
7921_SIPA1_P2_ENSG00000213445,SIPA1,-0.40786266,0.24086283,-0.23486891,-0.68617636
7922_SIRT1_P1P2_ENSG00000096717,SIRT1,-0.30191654,0.32853454,-0.6388587,0.33688185
7923_SIRT2_P1P2_ENSG00000068903,SIRT2,0.042640537,0.0027346762,-0.2740473,0.34439665
7924_SIRT3_P1P2_ENSG00000142082,SIRT3,0.30078983,-0.022811005,-0.034989566,-0.3833679
7925_SIRT5_P1P2_ENSG00000124523,SIRT5,-0.7847172,0.0811629,0.33756337,-0.78600746
7926_SIRT6_P1P2_ENSG00000077463,SIRT6,-1.1369638,0.20867367,1.3391328,-0.5718857
7929_SIRT7_P1P2_ENSG00000187531,SIRT7,-1.4157941,-0.6598723,3.8793952,-3.1234581
792_BCKDHB_P1P2_ENSG00000083123,BCKDHB,-0.5540953,0.7466149,-0.3606342,-0.1366189
7930_SIVA1_P1P2_ENSG00000184990,SIVA1,-0.8876566,-0.46384376,0.0023093976,-0.82685035
7931_SIX1_P1P2_ENSG00000126778,SIX1,0.048528597,-0.2784677,0.038287185,-0.9712005
7932_SIX2_P1P2_ENSG00000170577,SIX2,-0.30330852,-0.4509845,-0.48385823,-0.42153168
7933_SIX3_P1P2_ENSG00000138083,SIX3,0.019962423,-0.5098929,0.085925505,-0.5481771
7934_SIX4_P1P2_ENSG00000100625,SIX4,0.3805576,0.14472885,-0.22927272,-0.123727426
7935_SIX5_P1P2_ENSG00000177045,SIX5,-0.17491701,-0.12846826,-0.1732706,-0.514168
7936_SIX6_P1P2_ENSG00000184302,SIX6,-0.3401695,-0.61909485,-0.215696,-0.33622622
7937_SKA1_P1P2_ENSG00000154839,SKA1,-0.6214177,-0.037292946,2.5460951,-0.37461603
7938_SKA2_P1P2_ENSG00000182628,SKA2,-0.2548467,-0.9148994,0.65895766,-1.350296
7939_SKA3_P1P2_ENSG00000165480,SKA3,1.4662688,-0.58591264,0.35744384,-0.6102379
793_BCKDK_P1P2_ENSG00000103507,BCKDK,-0.3284378,-0.12068416,-0.069797635,-0.51491046
7940_SKAP2_P1P2_ENSG00000005020,SKAP2,-0.2775709,-0.41275343,0.15410608,-0.15228587
7941_SKIL_P1P2_ENSG00000136603,SKIL,0.06271904,0.25346547,0.8194517,-1.1390668
7942_MTREX_P1P2_ENSG00000039123,MTREX,-0.21732903,-0.029916791,0.992969,-0.07520631
7943_SKIV2L_P1P2_ENSG00000204351,SKIV2L,2.71206,0.5291178,-0.40854383,0.73650604
7944_SKI_ENST00000378536.4_ENSG00000157933,SKI,-0.06323406,-0.42090866,-0.22301297,-0.069228016
7945_SKOR1_P1P2_ENSG00000188779,SKOR1,-0.12424864,-0.07484321,0.2608098,-0.10036268
"7946_SKOR2_ENST00000400404.1,ENST00000425639.1_ENSG00000215474",SKOR2,-0.42461568,-0.39985678,-0.19327016,-0.30646512
7947_SKP1_P1P2_ENSG00000113558,SKP1,-0.2737579,-0.18203224,-0.788376,0.65371597
7948_SKP2_P1P2_ENSG00000145604,SKP2,-0.10485283,-0.11578342,1.1830148,-0.66218996
7949_SLAIN2_P1P2_ENSG00000109171,SLAIN2,-0.18756883,-0.7062292,-0.09173292,-0.46063852
794_BCL10_P1P2_ENSG00000142867,BCL10,-0.2880253,0.018511647,-0.058632575,-0.27587953
7950_SLBP_P1P2_ENSG00000163950,SLBP,-0.58002293,-0.91657954,9.514367,1.5689149
7951_SLC10A3_P1P2_ENSG00000126903,SLC10A3,0.35107887,0.90020454,-1.177015,-0.07032956
7952_SLC10A4_P1P2_ENSG00000145248,SLC10A4,-0.28341216,0.48028913,-1.1958041,-0.3220567
7953_SLC10A7_P1P2_ENSG00000120519,SLC10A7,0.046617262,0.4168898,-0.35395125,-0.5550691
7954_SLC11A2_P2_ENSG00000110911,SLC11A2,-0.2187552,1.0489285,-0.27193493,0.087109424
7955_SLC11A2_P1_ENSG00000110911,SLC11A2,0.12650453,-0.27485564,-0.02652953,-0.68638194
7956_SLC12A2_P1P2_ENSG00000064651,SLC12A2,-0.57756436,0.039904986,0.37996125,-0.53241366
7957_SLC12A4_P1_ENSG00000124067,SLC12A4,-0.8799617,-0.33431572,-0.0852899,0.31751
7958_SLC12A4_P2_ENSG00000124067,SLC12A4,-0.24689597,-0.8745064,0.65845805,-0.70716465
7959_SLC12A5_P1_ENSG00000124140,SLC12A5,-0.34111616,-0.15677273,-0.24561949,-0.20730908
795_BCL11A_P1P2_ENSG00000119866,BCL11A,-0.653984,0.08738965,-0.32817337,-0.6606036
7960_SLC12A5_P2_ENSG00000124140,SLC12A5,0.90805894,1.1201017,-0.9577309,0.5644536
7961_SLC12A7_P1P2_ENSG00000113504,SLC12A7,-0.86924326,-0.495369,1.929784,-0.6169894
7962_SLC12A9_P2_ENSG00000146828,SLC12A9,-0.32440582,0.13502909,-0.18630417,0.025669776
7963_SLC12A9_P1_ENSG00000146828,SLC12A9,-0.85356313,-0.4076775,-0.2557522,0.33543903
7964_SLC13A3_P1P2_ENSG00000158296,SLC13A3,-0.6050998,-0.39327052,0.18637618,-0.71546835
7965_SLC15A4_P1P2_ENSG00000139370,SLC15A4,0.6988409,0.41578254,-1.0403596,0.4274097
7966_SLC16A1_P2_ENSG00000155380,SLC16A1,-0.48005182,-0.4670777,0.601629,-0.3819676
7967_SLC16A1_P1_ENSG00000155380,SLC16A1,0.51356274,0.042920575,-0.71230084,0.2391503
7968_SLC16A5_P1P2_ENSG00000170190,SLC16A5,0.078683674,-0.07077158,0.8685621,0.03346498
7969_SLC16A9_P1P2_ENSG00000165449,SLC16A9,-0.52996147,0.11508834,-0.12109523,-0.1260522
796_BCL11B_P1P2_ENSG00000127152,BCL11B,-0.5196487,0.48285404,-0.04613983,0.11781339
7970_SLC17A5_P1P2_ENSG00000119899,SLC17A5,-0.856748,-0.39585775,0.10045183,-0.8059205
7971_SLC18B1_P1P2_ENSG00000146409,SLC18B1,0.13017039,-0.55111986,-0.21438824,-0.2795686
7972_SLC19A1_P1P2_ENSG00000173638,SLC19A1,-0.27643657,-0.17933649,0.38758188,-0.6505519
7973_SLC19A2_P1P2_ENSG00000117479,SLC19A2,-0.05437191,0.035236023,-0.14908998,-0.25821927
7974_SLC1A4_P1P2_ENSG00000115902,SLC1A4,0.037780017,-0.23578876,-0.41284245,-0.2678782
7975_SLC1A5_P2_ENSG00000105281,SLC1A5,0.21460028,-0.21247846,0.32830828,-0.34227166
7976_SLC1A5_P1_ENSG00000105281,SLC1A5,1.2934973,-0.58756626,-0.47920957,0.12717949
7977_SLC20A1_P1P2_ENSG00000144136,SLC20A1,0.65575904,0.6040781,-0.7803186,0.07713697
7978_SLC20A2_P1P2_ENSG00000168575,SLC20A2,-0.43081313,-0.0033759535,-0.04758791,-0.56622595
797_BCL2L11_P1_ENSG00000153094,BCL2L11,-0.15731238,-0.5224234,0.3827707,0.14031243
7980_SLC25A10_P1P2_ENSG00000183048,SLC25A10,2.2102413,0.68474364,-0.7047892,0.9720455
7981_SLC25A11_P1P2_ENSG00000108528,SLC25A11,-0.32392877,-0.12233728,0.8885153,-1.0282143
7982_SLC25A12_P1P2_ENSG00000115840,SLC25A12,0.10235246,-0.22678183,-0.266773,-0.5825292
7983_SLC25A13_P1P2_ENSG00000004864,SLC25A13,0.05175368,0.05792038,-0.504285,-0.17095768
7984_SLC25A14_P1P2_ENSG00000102078,SLC25A14,0.07979942,-0.1823736,-0.12191646,-0.35178652
7985_SLC25A15_P1P2_ENSG00000102743,SLC25A15,0.37422803,-0.033067416,-0.73224074,-0.15827878
7986_SLC25A16_P1P2_ENSG00000122912,SLC25A16,-0.26075774,0.27351776,0.18886568,-0.40363884
7987_SLC25A17_P1P2_ENSG00000100372,SLC25A17,-0.40337428,-0.5486678,-0.26316226,-0.44294366
7988_SLC25A19_P1P2_ENSG00000125454,SLC25A19,-0.061046284,-0.4374472,-1.0791675,0.4494326
7989_SLC25A1_P1P2_ENSG00000100075,SLC25A1,-0.053755887,-0.3110905,-0.03584128,-0.56803674
798_BCL2L11_P2_ENSG00000153094,BCL2L11,-0.3665699,-0.66106856,-0.28154543,-1.0465367
7990_SLC25A20_P1P2_ENSG00000178537,SLC25A20,0.050349995,0.23942277,-0.4889852,0.32499024
7991_SLC25A21_P1P2_ENSG00000183032,SLC25A21,-0.6548496,0.7796752,-0.18888284,0.19194831
7992_SLC25A22_P1P2_ENSG00000177542,SLC25A22,-0.87864166,0.5003596,-0.5498252,-0.5012306
7993_SLC25A23_P1P2_ENSG00000125648,SLC25A23,-0.6200865,0.30021384,-0.22279951,-0.82810277
7994_SLC25A24_P1P2_ENSG00000085491,SLC25A24,-0.5006654,-0.2266399,0.06969969,-0.66944087
7995_SLC25A25_ENST00000373064.5_ENSG00000148339,SLC25A25,0.20924146,-0.05189367,-0.08191228,0.23074956
7996_SLC25A26_ENST00000354883.6_ENSG00000144741,SLC25A26,-0.93999696,-0.29687342,-0.330166,-0.06349198
7997_SLC25A28_P1P2_ENSG00000155287,SLC25A28,0.078721136,-1.0025731,0.20894688,0.108865775
7998_SLC25A29_P1P2_ENSG00000197119,SLC25A29,-0.4408775,-0.2638645,-0.25181973,-0.5090943
7999_SLC25A32_P1P2_ENSG00000164933,SLC25A32,-0.02479964,-0.35393652,0.037095997,-0.5492976
799_BCL2L12_P1P2_ENSG00000126453,BCL2L12,0.5661737,-0.21250121,-0.29100177,0.1015587
79_ACBD6_P1P2_ENSG00000230124,ACBD6,0.6780632,0.1116383,-0.32150695,-0.18138766
7_AAMDC_P1P2_ENSG00000087884,AAMDC,-0.10796016,-0.60170937,-0.17546947,-0.64070207
8000_SLC25A33_P1P2_ENSG00000171612,SLC25A33,-0.30759084,-0.41907752,0.10959961,-0.36891147
8001_SLC25A36_P1P2_ENSG00000114120,SLC25A36,-0.2771786,-0.022918442,1.9522,-0.49038526
8002_SLC25A37_P1P2_ENSG00000147454,SLC25A37,-0.51170784,0.357838,-0.59216624,-0.50688386
8003_SLC25A38_P1P2_ENSG00000144659,SLC25A38,0.5935765,-0.17817502,-0.47718155,-0.29520994
8004_SLC25A39_P2_ENSG00000013306,SLC25A39,-0.16929114,-0.8913736,-0.13111903,-0.101949625
8005_SLC25A39_P1_ENSG00000013306,SLC25A39,-0.20616263,-0.32486266,-0.08675694,-0.0933586
8006_SLC25A3_P1P2_ENSG00000075415,SLC25A3,0.37256268,-0.18924873,0.13707997,-0.4227372
8007_SLC25A41_P1P2_ENSG00000181240,SLC25A41,1.5404301,0.66034365,-0.5765264,0.17085707
8008_SLC25A42_P1P2_ENSG00000181035,SLC25A42,12.755672,5.8323736,-1.5389781,7.229331
8009_SLC25A44_P1P2_ENSG00000160785,SLC25A44,-0.3158687,-1.2775723,0.009682498,-0.71520025
800_BCL2L13_P1P2_ENSG00000099968,BCL2L13,0.5476669,0.7345956,0.09769143,0.2557889
8010_SLC25A46_P1P2_ENSG00000164209,SLC25A46,-0.08551073,-0.11432922,-0.532045,0.32457805
8011_SLC25A4_P1P2_ENSG00000151729,SLC25A4,0.6537545,0.04747216,-0.08813062,0.22117442
8012_SLC25A51_P1P2_ENSG00000122696,SLC25A51,0.3463366,-0.8819177,-0.8951133,-0.28075835
8013_SLC25A53_P1P2_ENSG00000269743,SLC25A53,-0.47405413,-0.35678092,0.11691803,-0.33396107
8014_SLC25A5_P1P2_ENSG00000005022,SLC25A5,-0.28776917,0.24824904,-0.03521083,-0.6216959
8015_SLC25A6_P2_ENSG00000169100,SLC25A6,-0.08382607,0.15501869,-0.68396765,0.24925746
8016_SLC25A6_P1_ENSG00000169100,SLC25A6,-0.23616867,-0.11656115,-0.26884702,-0.22011673
8017_SLC26A6_P1P2_ENSG00000225697,SLC26A6,-0.53293127,-0.23112136,0.39627025,-0.5148834
8018_SLC27A2_P1P2_ENSG00000140284,SLC27A2,-0.25905886,-0.28024364,-0.5472223,-0.6899688
8019_SLC27A4_P1P2_ENSG00000167114,SLC27A4,-0.2455373,-1.2817117,3.0769405,0.19824845
801_BCL2L1_P1_ENSG00000171552,BCL2L1,-0.7736201,-0.2096025,-0.37196916,0.19901031
8020_SLC27A5_P1P2_ENSG00000083807,SLC27A5,0.2777729,-0.39276314,0.19595903,-0.32571027
8021_SLC29A1_P2_ENSG00000112759,SLC29A1,-0.32539216,-0.03906578,0.08488807,-0.27355972
8022_SLC29A1_P1_ENSG00000112759,SLC29A1,0.06477174,0.35074586,0.022499047,-0.091597594
8023_SLC29A2_P1P2_ENSG00000174669,SLC29A2,-0.61176056,-0.06387511,0.008892899,-0.49426657
8024_SLC2A11_P1P2_ENSG00000133460,SLC2A11,-0.08497825,0.20497416,2.964541,0.27838844
8025_SLC2A13_P1P2_ENSG00000151229,SLC2A13,-0.29897502,-0.25855556,-0.6416588,-0.38165915
8026_SLC2A1_P1P2_ENSG00000117394,SLC2A1,-0.548548,-0.61805916,-0.075732075,-0.63680387
8027_SLC2A3_P1P2_ENSG00000059804,SLC2A3,-0.4600989,0.7070122,-0.60848266,-0.4986863
8028_SLC2A4RG_P1P2_ENSG00000125520,SLC2A4RG,0.3028691,-0.83718085,0.19573484,-0.36028326
8029_SLC2A8_P1P2_ENSG00000136856,SLC2A8,-0.6669047,-0.4573068,0.9784622,3.5754375
802_BCL2L1_P2_ENSG00000171552,BCL2L1,-0.4487943,-0.848422,-0.9105262,0.4264992
8030_SLC30A1_P1P2_ENSG00000170385,SLC30A1,-0.29702786,-0.20848522,-0.037950616,-0.49245453
8031_SLC30A5_P1P2_ENSG00000145740,SLC30A5,-0.4561808,-0.45399764,-0.3208139,-0.23792969
8032_SLC30A6_P1P2_ENSG00000152683,SLC30A6,0.6186051,0.2862233,-0.53429484,0.4638218
8033_SLC30A7_P1P2_ENSG00000162695,SLC30A7,-0.49795952,-0.10491969,-0.20705625,-0.43458286
8034_SLC30A9_P1P2_ENSG00000014824,SLC30A9,1.076521,-0.34170344,-0.5784174,0.18842219
8035_SLC31A1_P1P2_ENSG00000136868,SLC31A1,-0.24303886,-1.2881886,0.14864227,-0.79153436
8036_SLC33A1_P1P2_ENSG00000169359,SLC33A1,0.54783076,2.2543266,-0.8910739,0.123077966
8037_SLC35A1_P1P2_ENSG00000164414,SLC35A1,1.9345733,0.6789832,-0.8572923,1.2300828
8038_SLC35A2_P1P2_ENSG00000102100,SLC35A2,-0.10169656,-0.1721159,-0.5099561,-0.8178193
8039_SLC35A3_P1P2_ENSG00000117620,SLC35A3,-0.31765735,-1.1111764,1.3380136,0.8150552
803_BCL2L2_P1P2_ENSG00000129473,BCL2L2,-0.047694758,-0.22527927,-0.30910733,-0.22073087
8040_SLC35A4_P1P2_ENSG00000176087,SLC35A4,-0.024911953,-0.33183527,2.1983168,4.816349
8041_SLC35B1_P1P2_ENSG00000121073,SLC35B1,-0.13247299,5.7429485,-0.73653704,0.17147969
8042_SLC35B2_P1P2_ENSG00000157593,SLC35B2,0.053625792,0.10234904,-0.46155605,-0.7318396
8043_SLC35B3_P1P2_ENSG00000124786,SLC35B3,0.037499733,1.6350825,-0.732293,0.492918
8044_SLC35B4_P1P2_ENSG00000205060,SLC35B4,0.2044398,1.5119528,-0.14646421,0.18946101
8045_SLC35C2_P1P2_ENSG00000080189,SLC35C2,0.050063897,-0.21150583,-0.18947652,0.13844676
8046_SLC35D1_P1P2_ENSG00000116704,SLC35D1,-0.087626874,0.53903514,0.017084608,0.11623074
8047_SLC35D2_P1P2_ENSG00000130958,SLC35D2,0.47175443,-0.06882292,-0.046249427,-0.32993877
8048_SLC35E1_P1P2_ENSG00000127526,SLC35E1,-0.15564707,0.26897407,-0.30571154,-0.536609
8049_SLC35E2B_P1P2_ENSG00000189339,SLC35E2B,0.20706397,0.13985512,-0.5909918,-0.53392905
804_BCL6B_P1P2_ENSG00000161940,BCL6B,-0.28810802,-0.13046178,-0.67128813,-0.3770954
8050_SLC35E3_P1P2_ENSG00000175782,SLC35E3,2.7133613,0.6826093,-0.16497934,0.5846441
8051_SLC35F2_P1P2_ENSG00000110660,SLC35F2,-0.6117762,0.9372149,-0.9567772,0.52127814
8052_SLC35F5_P1P2_ENSG00000115084,SLC35F5,0.92272425,-0.012447187,-0.31632122,0.1568281
8053_SLC35F6_P1P2_ENSG00000213699,SLC35F6,0.66462874,0.36478475,-0.6175607,3.4422307
8054_SLC35G1_P1P2_ENSG00000176273,SLC35G1,0.35176718,-0.44449854,-0.16324024,0.020598618
8055_SLC35G2_P1P2_ENSG00000168917,SLC35G2,-0.51454574,-0.16577746,3.6943393,-1.0702796
8058_SLC35G6_ENST00000412468.2_ENSG00000259224,SLC35G6,-0.087506436,-0.65649474,-0.06495092,-0.20529655
8059_SLC37A1_P1P2_ENSG00000160190,SLC37A1,-0.69923824,-0.67040545,0.04311099,-0.41921404
805_BCL6_P1P2_ENSG00000113916,BCL6,-0.07726187,-0.0077577378,-0.38758868,0.19561382
8060_SLC37A3_P1P2_ENSG00000157800,SLC37A3,-0.21592212,-0.12204131,-0.42092884,0.05248436
8061_SLC37A4_P1P2_ENSG00000137700,SLC37A4,0.25578284,-0.2525589,-1.2336346,-0.10911876
8062_SLC38A10_P1P2_ENSG00000157637,SLC38A10,-0.82517964,-1.2308389,-0.32052812,-0.74879164
8063_SLC38A1_P1P2_ENSG00000111371,SLC38A1,0.3372806,-0.6095548,-0.45539558,0.36259446
8064_SLC38A2_P1P2_ENSG00000134294,SLC38A2,-0.4440162,-0.6941285,0.8514465,-0.2301828
8065_SLC38A5_P1P2_ENSG00000017483,SLC38A5,-0.12373252,-0.47492507,0.1597824,-0.46051234
8066_SLC38A6_P1P2_ENSG00000139974,SLC38A6,2.0045207,0.6040652,-1.183783,0.5449109
8067_SLC38A7_P1P2_ENSG00000103042,SLC38A7,-0.20374496,-0.30689692,0.7479703,-0.45661142
8068_SLC38A9_P1P2_ENSG00000177058,SLC38A9,0.23564714,-0.30265585,0.19280617,-0.26198557
8069_SLC39A10_P1P2_ENSG00000196950,SLC39A10,-0.496294,-0.42747235,0.6819098,0.24176121
806_BCL7A_P1P2_ENSG00000110987,BCL7A,0.2633679,-0.0013577176,-0.25333694,-0.3906658
8070_SLC39A11_P1P2_ENSG00000133195,SLC39A11,-0.31305912,-0.13763048,0.242035,-0.5264371
8071_SLC39A13_P1P2_ENSG00000165915,SLC39A13,-0.49496922,-0.40058592,0.31173226,-0.2628724
8072_SLC39A14_P1P2_ENSG00000104635,SLC39A14,-0.58122355,0.72899234,-0.6359248,0.10902372
8073_SLC39A1_P1P2_ENSG00000143570,SLC39A1,-0.44063702,0.2892547,-0.5860356,-0.2212923
8074_SLC39A3_P1P2_ENSG00000141873,SLC39A3,-0.043432757,-0.5695602,-0.27727914,-0.01769236
8075_SLC39A4_P1_ENSG00000147804,SLC39A4,-0.25010917,-0.07569591,-0.15349856,0.11405697
8076_SLC39A4_P2_ENSG00000147804,SLC39A4,0.987301,1.1014996,-0.44183475,1.2393029
8077_SLC39A6_P1P2_ENSG00000141424,SLC39A6,0.75605553,0.7641024,-1.0084525,-0.025769567
8078_SLC39A7_P1P2_ENSG00000112473,SLC39A7,-0.24922562,6.868227,-0.60330343,0.23067576
8079_SLC39A8_P1P2_ENSG00000138821,SLC39A8,-0.34481174,-0.060017616,-0.34577206,0.06880731
807_BCL7B_P1P2_ENSG00000106635,BCL7B,-1.1242018,-0.7032805,-0.5418834,-0.3176087
8080_SLC39A9_P1P2_ENSG00000029364,SLC39A9,-0.25435334,0.010378359,0.7124077,-0.4676666
8081_SLC3A2_P1P2_ENSG00000168003,SLC3A2,0.5401847,-0.52247864,0.1207575,0.34559748
8082_SLC40A1_P1_ENSG00000138449,SLC40A1,-0.013787563,-0.093085945,-0.31435183,-0.4862229
8083_SLC40A1_P2_ENSG00000138449,SLC40A1,-0.36569756,0.06606888,-0.32043642,-0.40197912
8084_SLC41A3_P1P2_ENSG00000114544,SLC41A3,-0.095323205,-0.36678216,-0.7085618,-0.42004815
8085_SLC43A1_P1P2_ENSG00000149150,SLC43A1,1.210316,0.8452607,-1.0561116,-0.13973671
8086_SLC43A3_P1P2_ENSG00000134802,SLC43A3,0.2848113,-0.04080833,-0.44070515,-0.07080671
8087_SLC44A2_P1_ENSG00000129353,SLC44A2,0.75458264,-0.7178885,-0.18069227,-0.08220936
8088_SLC44A2_P2_ENSG00000129353,SLC44A2,-0.25979623,-0.12445374,-0.4491774,-0.73698765
8089_SLC44A4_P1P2_ENSG00000204385,SLC44A4,-0.19485757,0.32645398,-0.46387902,0.6868654
808_BCL7C_P1P2_ENSG00000099385,BCL7C,0.027780037,-0.055508263,-0.65459013,-0.416035
8090_SLC45A4_ENST00000024061.3_ENSG00000022567,SLC45A4,-0.27574325,-0.09616467,-0.34542707,-0.6324548
8091_SLC48A1_P2_ENSG00000211584,SLC48A1,-0.36321,-0.45912272,0.42001504,-0.75792545
8092_SLC48A1_P1_ENSG00000211584,SLC48A1,-0.22280754,-0.542806,-0.2617945,-0.91117436
8093_SLC4A1AP_P1P2_ENSG00000163798,SLC4A1AP,-0.42399687,0.5055604,-0.84500694,0.5072692
8094_SLC4A2_P2_ENSG00000164889,SLC4A2,-0.8689881,-0.56168115,-0.1631173,-0.42377964
8095_SLC4A2_P1_ENSG00000164889,SLC4A2,-0.24360594,-0.17703646,0.25290024,-0.032327063
8096_SLC4A5_P1_ENSG00000188687,SLC4A5,-0.07261626,0.30957443,0.09690674,0.16709809
8097_SLC4A5_P2_ENSG00000188687,SLC4A5,-0.43169835,0.29033342,-0.26836988,-0.16597691
8098_SLC4A7_P1P2_ENSG00000033867,SLC4A7,0.9112752,-0.13138768,1.528891,-0.3743281
8099_SLC50A1_P1P2_ENSG00000169241,SLC50A1,0.00062680524,0.20963742,-0.0023535546,-0.41362152
809_BCLAF1_P1P2_ENSG00000029363,BCLAF1,-0.2667339,0.14416574,0.3723836,0.34949812
80_ACCS_P1P2_ENSG00000110455,ACCS,0.26550284,-0.45455965,0.657871,-0.49164733
8100_SLC52A2_P1P2_ENSG00000185803,SLC52A2,-1.1738272,-0.96712965,0.6651705,-1.0126401
8101_SLC5A3_P1P2_ENSG00000198743,SLC5A3,1.046588,0.72203934,-1.2617466,-0.031234436
8102_SLC5A6_P1P2_ENSG00000138074,SLC5A6,-1.7257218,-0.45316732,0.07272288,-1.9754324
8103_SLC6A19_P1P2_ENSG00000174358,SLC6A19,0.45330024,0.2349522,-0.002777014,-0.46848243
8104_SLC6A6_P1P2_ENSG00000131389,SLC6A6,-0.48607144,-0.3161658,0.053791523,-0.46139523
8105_SLC6A8_P1P2_ENSG00000130821,SLC6A8,-0.042063408,-0.43169478,0.08231004,-0.09133386
8106_SLC7A11_P1P2_ENSG00000151012,SLC7A11,0.3308563,-0.13311806,-0.61497784,0.1640399
8107_SLC7A1_P1P2_ENSG00000139514,SLC7A1,2.4718535,1.0319318,-0.5357781,2.7962065
8108_SLC7A5_P1P2_ENSG00000103257,SLC7A5,1.2515458,0.22863404,-0.87213486,0.7209182
8109_SLC7A6OS_P1P2_ENSG00000103061,SLC7A6OS,0.69769824,0.67406744,-0.8548735,1.045393
810_BCORL1_P1P2_ENSG00000085185,BCORL1,0.02911421,-0.39479104,0.0043037916,0.035768267
8110_SLC7A6_P1P2_ENSG00000103064,SLC7A6,0.6024628,0.10420306,-0.3997654,0.1726956
8111_SLC7A8_P1P2_ENSG00000092068,SLC7A8,0.36934543,-1.0118068,-0.14101733,-0.34597802
8112_SLC8B1_P1_ENSG00000089060,SLC8B1,-0.1910369,-0.22906455,-0.13306761,-0.462767
8113_SLC8B1_P2_ENSG00000089060,SLC8B1,-0.021198241,-0.26620445,0.34568524,-0.030791933
8114_SLC9A3R1_P1P2_ENSG00000109062,SLC9A3R1,0.13224225,-0.4922144,-0.021721398,-0.309239
8115_SLC9A3R2_P1_ENSG00000065054,SLC9A3R2,0.49242118,-0.32619035,0.37803686,-0.065296285
8116_SLC9A3R2_P2_ENSG00000065054,SLC9A3R2,-0.3303056,-0.16308104,0.20958479,0.16224688
8117_SLC9A6_P1P2_ENSG00000198689,SLC9A6,0.059803206,-0.20848036,-0.22761893,-0.3109146
8118_SLC9B1_P1P2_ENSG00000164037,SLC9B1,0.295542,-0.4439578,0.1738031,0.24878581
8119_SLC9B2_P1P2_ENSG00000164038,SLC9B2,0.875992,0.17541151,-0.19221579,0.75377643
811_BCOR_P1P2_ENSG00000183337,BCOR,0.33733755,-0.19269027,0.07149587,-0.16701019
8120_SLCO4A1_P1P2_ENSG00000101187,SLCO4A1,-0.1115383,-0.18450744,-0.25671318,-0.27813485
8121_SLIRP_P1P2_ENSG00000119705,SLIRP,1.3401484,0.0673469,0.8432049,0.2679348
8122_SLK_P1P2_ENSG00000065613,SLK,-0.8856892,-0.47026652,-0.6242472,-0.33800706
8123_SLMAP_P1P2_ENSG00000163681,SLMAP,0.1154084,1.357597,-1.3076284,0.80170417
8124_PRELID3B_P1P2_ENSG00000101166,PRELID3B,7.7648926,4.1671934,-2.1158588,4.4592705
8125_SLTM_P1P2_ENSG00000137776,SLTM,0.19283056,-0.20907058,1.0242702,-0.17200226
8126_SLU7_P1P2_ENSG00000164609,SLU7,-0.89852387,-1.0143828,-0.73055226,-1.165594
8127_SLX1A_ENST00000251303.6_ENSG00000132207,SLX1A,-0.0048063113,0.56372887,0.12930524,-0.16402997
8128_SLX4IP_P1P2_ENSG00000149346,SLX4IP,0.37068546,0.2734009,-0.14651941,-0.07485682
8129_SMAD1_P1P2_ENSG00000170365,SMAD1,-0.15430614,-0.04780523,-0.35360682,0.11578373
812_BCR_P1P2_ENSG00000186716,BCR,-0.08506819,-1.361657,7.883335,-1.7045442
8130_SMAD2_P1P2_ENSG00000175387,SMAD2,-0.115359746,-0.63576084,0.19896908,-0.09333546
8131_SMAD3_P1P2_ENSG00000166949,SMAD3,-0.83713895,0.21726938,-1.0673431,0.3349587
8132_SMAD4_P1P2_ENSG00000141646,SMAD4,-0.093328394,0.15773852,1.2630593,-0.96548927
8133_SMAD5_P1P2_ENSG00000113658,SMAD5,0.59955233,-0.21057647,-0.31043783,-0.17214286
8134_SMAD6_P1P2_ENSG00000137834,SMAD6,-0.13254383,0.5162746,-0.2429498,-0.4834702
8135_SMAD9_P1P2_ENSG00000120693,SMAD9,-0.3234863,-0.74575156,-0.24488746,-0.65043265
8136_SMAGP_P1P2_ENSG00000170545,SMAGP,-0.40187877,-0.16180897,-0.27893415,-0.8483258
8137_SMAP1_P1P2_ENSG00000112305,SMAP1,0.059428804,0.2309089,-0.77040726,0.47942886
8138_SMAP2_P2_ENSG00000084070,SMAP2,-0.28292826,-0.5475423,-0.069421545,0.765517
8139_SMAP2_P1_ENSG00000084070,SMAP2,-0.25261807,-0.20942315,0.3362252,0.07662236
813_BCS1L_P1P2_ENSG00000074582,BCS1L,-0.0009878302,-0.46879023,-0.472778,0.1490526
8140_SMARCA1_P1P2_ENSG00000102038,SMARCA1,0.2519645,0.4331264,-0.4909103,-0.23328812
8141_SMARCA2_P1P2_ENSG00000080503,SMARCA2,0.8463408,-0.50057364,-0.42525414,0.5288012
8142_SMARCA4_P1P2_ENSG00000127616,SMARCA4,0.15946105,-0.38174403,-0.73219985,-0.23645692
8143_SMARCA5_P1P2_ENSG00000153147,SMARCA5,0.7837387,0.32301363,2.3760955,0.10920395
8144_SMARCAD1_P1P2_ENSG00000163104,SMARCAD1,-0.18689276,0.18511507,-0.20431398,-0.34346536
8145_SMARCAL1_P1P2_ENSG00000138375,SMARCAL1,-0.20478107,-0.48388514,0.4583692,-0.19598806
8146_SMARCB1_P1_ENSG00000099956,SMARCB1,-0.3697505,-0.9649441,1.6425676,-1.0400758
8147_SMARCB1_P2_ENSG00000099956,SMARCB1,-0.30716354,-0.5777267,0.42624313,-0.20643014
8148_SMARCC1_P1P2_ENSG00000173473,SMARCC1,2.5233414,-0.61159486,-1.1460043,-0.7424498
8149_SMARCC2_P1P2_ENSG00000139613,SMARCC2,-0.5423398,0.18397018,-0.17030172,0.28645757
814_BDH2_P1P2_ENSG00000164039,BDH2,0.25208992,-0.31020397,-0.016767668,-0.53138566
8150_SMARCD1_P1P2_ENSG00000066117,SMARCD1,0.032818656,-0.35961258,-0.8741869,-0.025319828
8151_SMARCD2_P1P2_ENSG00000108604,SMARCD2,-0.034601204,-0.11356497,-0.1286812,-0.27552724
8152_SMARCD3_P2_ENSG00000082014,SMARCD3,-0.98625225,-0.5898142,0.21104471,-0.44939297
8153_SMARCD3_P1_ENSG00000082014,SMARCD3,-0.23556294,-0.18304917,-0.119818516,0.10758137
8154_SMARCE1_P1P2_ENSG00000073584,SMARCE1,-0.61749226,-0.58940905,-0.14401248,1.4157722
8155_SMC1A_P1P2_ENSG00000072501,SMC1A,0.3022614,16.497585,0.08814213,5.176919
8156_SMC2_P1P2_ENSG00000136824,SMC2,1.6388189,0.27804387,0.3602486,0.17258148
8157_SMC3_P1P2_ENSG00000108055,SMC3,0.009719213,15.710258,-1.4755821,5.417339
8158_SMC4_P1_ENSG00000113810,SMC4,0.80527097,1.5298444,-0.16111693,1.3644071
8159_SMC4_P2_ENSG00000113810,SMC4,-0.38922855,-0.48850262,-0.077881485,-0.47094458
815_BDP1_P1P2_ENSG00000145734,BDP1,1.1030416,-0.46085832,0.65518,-0.054406196
8160_SMC5_P1P2_ENSG00000198887,SMC5,-0.23719755,0.0635248,0.010038671,0.6667321
8161_SMC6_P1P2_ENSG00000163029,SMC6,1.1444762,1.4465761,1.127997,0.8068329
8162_SMCHD1_P1P2_ENSG00000101596,SMCHD1,-0.3742476,0.4291322,-0.3298715,-0.059370235
8163_SMCO4_P1P2_ENSG00000166002,SMCO4,-0.40552756,-0.50666153,-0.17251855,-0.3356727
8164_SMDT1_P1P2_ENSG00000183172,SMDT1,-0.29093575,-0.2018943,-0.11855092,0.0532675
8165_SMG1_P1P2_ENSG00000157106,SMG1,-0.45505548,-0.46040553,0.64471895,-0.32949632
8166_SMG5_P1P2_ENSG00000198952,SMG5,-0.3263974,0.5947358,-0.8944095,-1.3601755
8167_SMG6_P1P2_ENSG00000070366,SMG6,0.05608701,1.1349984,-0.25738233,0.071181186
8168_SMG7_P1P2_ENSG00000116698,SMG7,-0.60417336,0.18083458,-1.2886919,-0.5471488
8169_SMG8_P1P2_ENSG00000167447,SMG8,-0.14001083,-0.39045063,0.5019133,0.31513673
816_BECN1_P1P2_ENSG00000126581,BECN1,-0.11897735,-0.648448,0.21181625,-0.9497752
8170_SMG9_P1P2_ENSG00000105771,SMG9,-0.31542963,-0.0023374984,0.3483907,-0.09955552
8171_SMIM10_P1P2_ENSG00000184785,SMIM10,-0.5889442,-0.15354669,-0.57887954,-0.21437435
8172_SMIM12_P1P2_ENSG00000163866,SMIM12,-0.04704809,-1.0478104,-0.045846518,-0.5394677
8173_SMIM13_P1P2_ENSG00000224531,SMIM13,-0.12336012,-0.037579905,-0.21220192,-0.06517286
8174_SMIM14_P1P2_ENSG00000163683,SMIM14,0.26322037,-0.31317696,-0.28654844,-0.48013294
8175_SMIM15_P1P2_ENSG00000188725,SMIM15,-0.036369648,-0.48153654,-0.13692845,0.0366813
8176_SMIM19_P1P2_ENSG00000176209,SMIM19,-0.3043241,-0.27494654,-0.4509087,-0.40583685
8177_SMIM1_P1P2_ENSG00000235169,SMIM1,-0.59560984,-0.1653269,-0.13225156,-0.46948603
8178_SMIM20_P1P2_ENSG00000250317,SMIM20,0.10342845,-0.29183465,-0.21768655,-0.1280107
8179_SMIM3_P1P2_ENSG00000256235,SMIM3,0.107773185,-0.48935544,0.124564216,-0.28767964
817_BEND6_P1P2_ENSG00000151917,BEND6,-0.44876114,0.37581515,-0.10930021,1.3454642
8180_SMIM4_P1P2_ENSG00000168273,SMIM4,-0.16289476,0.28359988,-0.4208951,-0.44629973
8181_SMIM7_P1P2_ENSG00000214046,SMIM7,-0.26425964,-0.2588872,-0.47367683,0.74433273
8182_SMIM8_P1P2_ENSG00000111850,SMIM8,0.23528346,-0.121671416,-0.7529745,0.4516381
8184_SMN2_ENST00000380743.4_ENSG00000205571,SMN2,0.14314668,-0.21981712,-1.4369558,2.3105483
8185_SMNDC1_P1P2_ENSG00000119953,SMNDC1,-0.0050268527,-1.5516921,1.5169879,-0.91825396
8186_SMPD2_P1P2_ENSG00000135587,SMPD2,-0.5842768,-0.3741468,0.0029844723,-0.6361002
8187_SMPD4_P1P2_ENSG00000136699,SMPD4,-0.39038497,-0.17021781,0.84413797,-1.2480791
8188_SMS_P1P2_ENSG00000102172,SMS,0.3147529,0.67427045,-1.1524498,0.66829866
8189_SMTN_P1P2_ENSG00000183963,SMTN,0.09456779,1.1461979,-0.56806517,-0.14138505
818_BEST1_P1_ENSG00000167995,BEST1,-1.0368804,0.06293372,0.47184482,-0.9596082
8190_SMU1_P1P2_ENSG00000122692,SMU1,0.20528983,0.2690177,0.08625171,0.442472
8191_SMUG1_P1P2_ENSG00000123415,SMUG1,0.11115473,-0.91737735,1.419029,-0.6762303
8192_SMURF1_P1P2_ENSG00000198742,SMURF1,-0.048977513,0.00970989,-0.5045881,-0.4336445
8193_SMURF2_P1P2_ENSG00000108854,SMURF2,-0.25054273,-0.3239397,-0.50640756,-0.50965685
8194_SMYD2_P1P2_ENSG00000143499,SMYD2,-0.523659,0.086834416,-0.16515629,-0.34343648
8195_SMYD3_P1P2_ENSG00000185420,SMYD3,0.07945197,0.47480986,-0.07528691,-0.2625543
8197_SMYD5_P1P2_ENSG00000135632,SMYD5,-0.36973336,-0.087375216,-0.3861855,-0.20904456
8198_SNAI1_P1P2_ENSG00000124216,SNAI1,0.5256359,-0.2541719,0.54212934,0.09217432
8199_SNAI2_P1P2_ENSG00000019549,SNAI2,0.6212281,-0.1730089,-0.7263417,0.102297164
819_BEST1_P2_ENSG00000167995,BEST1,0.055607427,-0.080569685,0.24542072,-0.6563597
81_ACD_P1P2_ENSG00000102977,ACD,0.04453636,-0.43037912,0.24780351,-0.4445218
8200_SNAI3_P1P2_ENSG00000185669,SNAI3,0.4872404,-0.071155906,0.03152724,-0.26718783
8201_SNAP23_P1P2_ENSG00000092531,SNAP23,-0.3662255,-0.48374003,0.0041775284,-1.1868249
8202_SNAP29_P1P2_ENSG00000099940,SNAP29,-0.03750609,0.2122985,-0.43160257,-0.40623066
8203_SNAP47_P2_ENSG00000143740,SNAP47,-0.21092568,-0.1877213,-0.15277976,-0.098241545
8204_SNAP47_P1_ENSG00000143740,SNAP47,0.3482148,-0.88034403,0.40127462,0.32267398
8205_SNAPC1_P1P2_ENSG00000023608,SNAPC1,0.041292407,1.7378645,0.3570446,-0.20409279
8206_SNAPC2_P1P2_ENSG00000104976,SNAPC2,-0.39877033,0.29320902,0.122724935,-0.14028293
8207_SNAPC3_P1P2_ENSG00000164975,SNAPC3,-0.3350053,0.23070295,0.33200005,0.14545797
8208_SNAPC4_P1P2_ENSG00000165684,SNAPC4,0.37470743,1.0222789,-0.5317908,2.1206095
8209_SNAPC5_P1P2_ENSG00000174446,SNAPC5,-0.54416263,0.2601545,-0.21941319,-0.029499404
820_BET1L_P1P2_ENSG00000177951,BET1L,-0.15693633,0.06918375,-0.5949115,0.113167055
8210_SNAPIN_P1P2_ENSG00000143553,SNAPIN,0.46943736,0.09792327,-0.07621757,-0.7255571
8211_SNCG_P1P2_ENSG00000173267,SNCG,-0.043219548,-0.34266353,0.100137874,0.17021115
8212_SND1_P1P2_ENSG00000197157,SND1,-0.24243537,-0.4550703,0.26016313,-0.40122208
8213_SNF8_P1P2_ENSG00000159210,SNF8,0.11656425,-0.11491843,-0.06972054,-0.5260188
8214_SNIP1_P1P2_ENSG00000163877,SNIP1,0.86632884,0.07445059,0.8866003,-0.16877307
8215_SNRK_P1P2_ENSG00000163788,SNRK,0.7837366,0.5022829,0.10632203,0.91567755
8216_SNRNP200_P1P2_ENSG00000144028,SNRNP200,0.55071425,0.7056849,-0.8727238,2.0393782
8217_SNRNP25_P1P2_ENSG00000161981,SNRNP25,-0.022641355,0.1777611,0.102125876,-0.34149453
8218_SNRNP27_P1P2_ENSG00000124380,SNRNP27,5.2037973,0.3548951,3.3984404,1.7713449
8219_SNRNP35_P1P2_ENSG00000184209,SNRNP35,-0.09359531,0.14512579,-0.16351554,-0.19094867
821_BET1_P1P2_ENSG00000105829,BET1,1.5330459,2.3787498,-0.25424513,1.4129002
8220_SNRNP40_P1P2_ENSG00000060688,SNRNP40,-0.3366128,0.18932784,0.13600811,-0.055621993
8221_SNRNP48_P1P2_ENSG00000168566,SNRNP48,-0.65898806,-0.048017494,0.889721,-1.2598004
8222_SNRNP70_P1P2_ENSG00000104852,SNRNP70,-0.11560388,2.0779464,0.35198405,0.81399417
8223_SNRPA1_P1P2_ENSG00000131876,SNRPA1,0.33654648,0.7210657,-0.43579912,-0.19897898
8224_SNRPA_P1P2_ENSG00000077312,SNRPA,0.33829314,0.09670494,0.68668586,-0.42884362
8225_SNRPB2_P1P2_ENSG00000125870,SNRPB2,0.09227019,-1.0590694,-0.8686906,0.5984307
8226_SNRPB_P1P2_ENSG00000125835,SNRPB,-0.8406559,0.17003511,-0.71746963,-0.110141605
8227_SNRPC_P1P2_ENSG00000124562,SNRPC,0.8850318,1.9542633,0.34155822,0.6703253
8228_SNRPD1_P1P2_ENSG00000167088,SNRPD1,-0.46065333,-1.0347869,-1.388333,0.108013764
822_BEX2_P1P2_ENSG00000133134,BEX2,0.5291931,-0.4674647,-0.12855192,0.5420568
8230_SNRPD3_P1P2_ENSG00000100028,SNRPD3,0.08055545,-0.16788317,-0.3374637,0.637734
8231_SNRPE_P1P2_ENSG00000182004,SNRPE,-0.8846131,-0.39991257,-1.0813498,-0.15382874
8232_SNRPF_P1P2_ENSG00000139343,SNRPF,-0.14715397,-0.02550695,-1.2175812,0.6673558
8233_SNRPG_P1P2_ENSG00000143977,SNRPG,0.4735893,0.5406367,-0.74317706,0.66389984
8234_SNTA1_P1P2_ENSG00000101400,SNTA1,0.5749163,0.15449002,-0.7150423,-0.15677154
8235_SNTB2_P1P2_ENSG00000168807,SNTB2,-0.83301425,-1.2916055,0.32232523,-0.77817434
8236_SNUPN_P1P2_ENSG00000169371,SNUPN,-0.39958185,-0.5242156,-0.70981497,-0.79792935
8237_SNW1_P2_ENSG00000100603,SNW1,-0.20945933,-0.7863386,0.048717972,-0.11442302
8238_SNW1_P1_ENSG00000100603,SNW1,-0.05468015,-0.32126868,1.2651893,-0.4364767
8239_SNX10_P1P2_ENSG00000086300,SNX10,-0.87154317,0.56639725,0.20388013,0.8858779
823_BEX4_P1P2_ENSG00000102409,BEX4,-0.5465703,-0.8370117,0.25597438,-0.5342503
8240_SNX11_P1P2_ENSG00000002919,SNX11,-0.032458488,-0.36863175,-0.23780937,-0.2546319
8241_SNX12_P1P2_ENSG00000147164,SNX12,0.3143228,-0.6107537,-0.919514,-0.20633323
8242_SNX13_P1P2_ENSG00000071189,SNX13,-0.5771468,-0.25804016,-0.26921362,-0.26539028
8243_SNX14_P1P2_ENSG00000135317,SNX14,-0.133738,0.73321307,-0.56098616,-0.09321473
8244_SNX15_P1_ENSG00000110025,SNX15,-0.016112862,0.08229335,0.8481568,0.079950705
8245_SNX15_P2_ENSG00000110025,SNX15,-0.32925838,-0.105212696,-0.6063471,-0.3127586
8246_SNX17_P1P2_ENSG00000115234,SNX17,-0.27505213,-0.36915076,-0.5245255,0.0008932748
8247_SNX19_P1P2_ENSG00000120451,SNX19,0.53106564,1.3525875,0.6622316,0.91996723
8248_SNX1_P1P2_ENSG00000028528,SNX1,-0.29664764,0.38076591,0.16441177,0.0037122623
8249_SNX24_P1P2_ENSG00000064652,SNX24,0.107596576,-0.2635094,-0.61364967,-0.06552206
824_BFAR_P1P2_ENSG00000103429,BFAR,-0.45840552,0.19851872,-0.39895597,-0.050134465
8250_SNX25_P1P2_ENSG00000109762,SNX25,-0.17580107,-0.015784863,-0.5559079,-0.1993188
8251_SNX27_P1P2_ENSG00000143376,SNX27,0.27328077,0.14335899,-0.5231248,-0.1413866
"8252_SNX29_ENST00000306030.3,ENST00000323433.4_ENSG00000048471",SNX29,-0.3648533,-0.9798785,0.5598857,-0.7376552
8253_SNX2_P1P2_ENSG00000205302,SNX2,0.2061993,-0.62572604,-0.01665102,-0.54277605
8254_SNX33_P1P2_ENSG00000173548,SNX33,-0.3750856,-0.049990747,0.08469284,-0.09142868
8255_SNX3_P1P2_ENSG00000112335,SNX3,-0.035368834,0.4715498,0.48927835,-0.7777536
8256_SNX4_P1P2_ENSG00000114520,SNX4,-0.71781653,-0.0881842,0.4954609,-0.49724814
8257_SNX5_P1P2_ENSG00000089006,SNX5,-0.38322273,0.10579675,-0.1461066,-0.25001317
8258_SNX6_P1P2_ENSG00000129515,SNX6,-0.2338193,-0.22056624,-0.64903283,-0.09301794
8259_SNX8_P1P2_ENSG00000106266,SNX8,-0.3885518,-0.21812092,0.26919964,0.2893433
825_BGLAP_P1P2_ENSG00000242252,BGLAP,1.1746117,4.2042494,1.8518093,2.3187633
8260_SNX9_P1P2_ENSG00000130340,SNX9,-0.30467057,0.11573314,-0.5719821,-0.20954114
8261_SOAT1_P1P2_ENSG00000057252,SOAT1,-0.55299324,-0.33221102,-0.49386093,0.07182999
8262_SOCS1_P1P2_ENSG00000185338,SOCS1,0.44840336,-0.54209316,-0.97717446,-0.40811008
8263_SOCS2_P1P2_ENSG00000120833,SOCS2,0.13896912,-0.3732881,-0.07339494,-0.057897363
8264_SOCS3_P1P2_ENSG00000184557,SOCS3,-0.495489,-1.1661192,5.6334033,0.23817162
8265_SOCS4_P1P2_ENSG00000180008,SOCS4,1.1047226,-0.7037448,0.3374111,-0.16634162
8266_SOD1_P1P2_ENSG00000142168,SOD1,0.23376566,0.03112739,-0.13547969,0.865159
8267_SOD2_P1P2_ENSG00000112096,SOD2,-0.33135548,-0.49839377,0.04288451,0.34599108
8268_SOGA1_P1P2_ENSG00000149639,SOGA1,-0.33571485,0.30453914,0.29552618,-0.44476905
8269_SOHLH1_P1P2_ENSG00000165643,SOHLH1,1.5816804,-1.0668917,0.6041603,-0.7425302
826_BHLHA15_P1P2_ENSG00000180535,BHLHA15,-0.012298686,-0.04597176,-0.3923773,-0.48461348
8270_SOHLH2_ENST00000379881.3_ENSG00000120669,SOHLH2,0.8114962,-0.20312607,-0.031862643,-0.06613912
8271_SON_P1_ENSG00000159140,SON,0.17749307,-0.6948003,-0.045516707,0.7544945
8272_SON_P2_ENSG00000159140,SON,0.33106914,-1.0153409,1.4538184,0.06654225
8273_SORBS3_P1P2_ENSG00000120896,SORBS3,0.121771194,0.5213863,-0.6618854,0.6580788
8274_SORD_P1P2_ENSG00000140263,SORD,-0.59714,-0.050673377,0.0658363,-0.63829005
8275_SORT1_P1P2_ENSG00000134243,SORT1,-0.56343603,-0.032135505,1.2431542,0.6378678
8276_SOS1_P1P2_ENSG00000115904,SOS1,-0.73729825,-1.2162575,1.4895446,-3.137716
8277_SOSTDC1_P1P2_ENSG00000171243,SOSTDC1,0.5374418,-0.26916525,0.12404304,-0.3973055
8278_SOX10_P1P2_ENSG00000100146,SOX10,-0.22537561,0.77394074,0.1868711,-0.32131356
8279_SOX11_P1P2_ENSG00000176887,SOX11,-0.24558692,0.06278199,1.0224593,0.33544087
827_BHLHA9_P1P2_ENSG00000205899,BHLHA9,-0.41794392,-0.5366309,-0.20532413,-0.2631852
8280_SOX12_P1P2_ENSG00000177732,SOX12,-0.3570188,-0.4077835,0.033319756,0.6306019
8281_SOX13_P1P2_ENSG00000143842,SOX13,-0.14113438,0.3542633,-0.07373163,0.39710808
8282_SOX14_P1P2_ENSG00000168875,SOX14,-0.53564966,-0.40076408,0.33682373,-0.15938304
8283_SOX15_P1P2_ENSG00000129194,SOX15,-0.19495665,-0.2782173,-0.026081868,0.067210644
8284_SOX17_P1P2_ENSG00000164736,SOX17,0.33300763,0.11943674,-0.18335183,-0.05130604
8285_SOX18_P1P2_ENSG00000203883,SOX18,-0.13357393,0.08160914,-0.09015438,-0.6524555
8286_SOX1_P1P2_ENSG00000182968,SOX1,-0.76555675,-0.22626472,-0.06747798,-0.43329468
8287_SOX21_P1P2_ENSG00000125285,SOX21,-0.24997799,-0.48503652,-0.4844974,-0.3806747
8289_SOX30_P1_ENSG00000039600,SOX30,0.36244923,-0.3099923,-0.29011336,-0.48765388
828_BHLHE22_P1P2_ENSG00000180828,BHLHE22,0.021671096,-0.27247784,0.1247773,-0.48077166
8290_SOX30_P2_ENSG00000039600,SOX30,-0.14034994,-0.55352145,-0.29356095,-0.09657247
8291_SOX3_P1P2_ENSG00000134595,SOX3,-0.017166268,-0.34361756,1.1605675,0.0033394566
8292_SOX4_P1_ENSG00000124766,SOX4,-0.53012484,0.41948688,-0.47596523,-0.39537352
8293_SOX4_P2_ENSG00000124766,SOX4,-0.36554888,-0.5135519,-0.42652506,-0.21795496
8294_SOX5_ENST00000309359.1_ENSG00000134532,SOX5,-0.49057353,-0.2226611,-0.24274693,-0.32558703
8295_SOX5_ENST00000546136.1_ENSG00000134532,SOX5,0.46257627,-0.91980433,0.2983212,0.3743431
8296_SOX6_ENST00000528429.1_ENSG00000110693,SOX6,-0.048979003,-0.9780392,-0.09087949,-0.30992833
"8297_SOX6_ENST00000352083.6,ENST00000396356.3_ENSG00000110693",SOX6,-0.26500073,0.19260317,-0.10489416,-0.2940131
8298_SOX6_ENST00000316399.6_ENSG00000110693,SOX6,-0.27551356,-0.19683276,-0.63499546,-0.043538313
829_BHLHE23_P1P2_ENSG00000125533,BHLHE23,-0.61636,-0.033506136,-0.33435732,-0.3428811
82_ACER3_P1P2_ENSG00000078124,ACER3,-0.07933213,-0.0050515425,-0.4695214,-0.16209617
8300_SOX8_P1P2_ENSG00000005513,SOX8,-0.8270604,-0.48381174,-0.6217974,-0.30189648
8301_SOX9_P1P2_ENSG00000125398,SOX9,-0.30929688,-0.90529287,0.52230966,-1.2166984
8302_SP100_P1P2_ENSG00000067066,SP100,-0.06499201,-0.14232083,-0.26198992,-0.31889546
8303_SP110_P1P2_ENSG00000135899,SP110,-0.11650334,-0.42169368,-0.68119276,-0.1849191
8304_SP140L_P1P2_ENSG00000185404,SP140L,-0.120416,-0.68451965,-0.15503861,-0.03770087
8305_SP140_P1P2_ENSG00000079263,SP140,-0.28197804,-0.29133767,-0.4946565,0.5119198
8306_SP1_P1P2_ENSG00000185591,SP1,-0.64680606,-0.1594249,1.8818529,-0.81741714
8307_SP2_P1P2_ENSG00000167182,SP2,-0.56944335,-0.14534716,1.529103,-0.6075518
8308_SP3_P1P2_ENSG00000172845,SP3,-0.013306732,-0.57980126,0.6635444,-1.155819
8309_SP4_P1P2_ENSG00000105866,SP4,0.469899,-0.85630506,0.77350485,-0.16644078
830_BHLHE40_P1P2_ENSG00000134107,BHLHE40,1.1586198,0.07824238,-1.2964226,1.2689465
8310_SP5_P1P2_ENSG00000204335,SP5,0.0012983262,1.0137569,-0.50307995,-0.07744825
8311_SP6_P1P2_ENSG00000189120,SP6,-0.07743861,-0.062200308,-0.6496876,-0.06403933
8312_SP7_P1P2_ENSG00000170374,SP7,-0.36313322,-0.572017,0.3715946,0.15012719
8313_SP8_P1P2_ENSG00000164651,SP8,0.3742306,0.25839806,-0.28225866,0.19301245
8314_SP9_P1P2_ENSG00000217236,SP9,-0.7701106,-0.5125425,0.6465595,0.63435256
8315_SPA17_P1P2_ENSG00000064199,SPA17,-1.2497939,1.4763936,0.21367812,-0.610001
8316_SPAG5_P1P2_ENSG00000076382,SPAG5,-0.3681501,-0.13351385,0.60672414,-0.34172332
8317_SPAG7_P1P2_ENSG00000091640,SPAG7,-0.037914887,-1.0141978,1.057704,-0.3720815
8318_SPAG9_P1P2_ENSG00000008294,SPAG9,-0.47656316,-0.5738484,-0.12166416,-0.47211552
8319_SPARC_P1P2_ENSG00000113140,SPARC,-0.32247642,-0.41223338,-0.056230545,-0.24600045
831_BHLHE41_P1P2_ENSG00000123095,BHLHE41,0.21847983,0.47448415,-0.47160116,0.2964989
8320_SPAST_P1P2_ENSG00000021574,SPAST,0.23840448,-0.36110738,-0.578132,-0.2496046
8321_SPATA22_P1P2_ENSG00000141255,SPATA22,0.43625757,0.26555622,-0.06833861,2.4317298
8322_SPATA24_P1P2_ENSG00000170469,SPATA24,-0.6084695,-0.21103315,-0.21419649,-0.28175527
8323_SPATA2L_P1P2_ENSG00000158792,SPATA2L,0.42064756,0.19569859,-0.14550857,-0.292141
8324_SPATA33_P1P2_ENSG00000167523,SPATA33,0.10171568,-0.26318768,-0.07140716,-0.26660937
8325_SPATA5L1_P1P2_ENSG00000171763,SPATA5L1,-1.159352,-1.2619827,0.18734023,-1.215816
8326_SPATA5_P1P2_ENSG00000145375,SPATA5,-0.93117785,-1.6033064,0.5870497,-1.0862652
8327_SPATC1L_P2_ENSG00000160284,SPATC1L,-0.4527903,0.49322805,0.3398833,-0.3721846
8328_SPATC1L_P1_ENSG00000160284,SPATC1L,-0.24832433,-0.645032,0.4693513,-0.88230485
8329_SPATS2L_P1P2_ENSG00000196141,SPATS2L,0.1370381,0.045491453,-0.21322744,-0.32073295
832_BICD1_P1P2_ENSG00000151746,BICD1,-0.17905428,0.16350184,-0.21657522,-0.24629678
8330_SPATS2_P1P2_ENSG00000123352,SPATS2,-0.8450272,0.23846406,0.31366014,-0.92162716
8332_SPC25_P1P2_ENSG00000152253,SPC25,0.67055696,5.20935,0.45299155,0.96386385
8333_SPCS1_P1P2_ENSG00000114902,SPCS1,-0.16523907,-0.7051984,0.03710232,-0.5035348
8334_SPCS2_P1P2_ENSG00000118363,SPCS2,2.0764635,8.567325,-1.6780517,1.9463542
8335_SPCS3_P1_ENSG00000129128,SPCS3,3.9274616,10.3960085,-1.8449795,3.1971087
8336_SPCS3_P2_ENSG00000129128,SPCS3,-0.23965386,-0.6628709,-0.19093311,-0.35440442
8337_SPDEF_P1P2_ENSG00000124664,SPDEF,0.17413908,-0.4543492,-0.18642822,-0.7349403
8338_SPDL1_P1P2_ENSG00000040275,SPDL1,0.07307759,0.23584595,0.93859833,-0.295368
8339_SPDYC_P1P2_ENSG00000204710,SPDYC,-0.90692264,-1.3525575,0.13783683,-0.14738916
833_BICD2_P1P2_ENSG00000185963,BICD2,0.07463448,-0.018898442,-0.48113787,-0.056529768
"8340_SPDYE2_ENST00000432940.1,ENST00000507918.1_ENSG00000205238",SPDYE2,-0.061685402,-0.27498248,-0.2700421,-0.47150642
8341_SPDYE2_ENST00000341656.4_ENSG00000205238,SPDYE2,-0.2827707,0.3706327,-0.5566739,-0.24944843
8342_SPECC1L_P1P2_ENSG00000100014,SPECC1L,-0.2949803,-0.09144901,-0.27100456,-0.26752454
8343_SPECC1_ENST00000395527.4_ENSG00000128487,SPECC1,0.5709892,0.60964644,0.15074398,0.76427656
8344_SPECC1_ENST00000261503.5_ENSG00000128487,SPECC1,0.60315204,-1.3476154,-0.041869435,-0.11531014
8345_SPEG_P2_ENSG00000072195,SPEG,-0.12000817,0.40788653,-0.70960736,0.09051694
8346_SPEG_P1_ENSG00000072195,SPEG,0.011652209,-0.25201282,-0.21096833,0.25387195
8347_SPEN_P1P2_ENSG00000065526,SPEN,-0.7602723,0.7485806,-0.3291194,-0.43061885
8348_SPG11_P1P2_ENSG00000104133,SPG11,-0.10943314,-0.060577583,-0.23614326,-0.47221056
8349_SPART_P1P2_ENSG00000133104,SPART,0.01845848,-0.01700741,0.38389948,-0.071277276
834_BID_P1P2_ENSG00000015475,BID,-0.11663755,-0.19040598,-0.31075668,-0.1726253
8350_SPG21_P1P2_ENSG00000090487,SPG21,-0.42879882,-0.569205,-0.40217552,-0.589056
8351_SPG7_P1P2_ENSG00000197912,SPG7,0.045249138,0.38683915,-0.27091482,1.9984142
8352_SPHK1_P1P2_ENSG00000176170,SPHK1,-0.6726081,0.614361,-0.43520504,0.22899075
8353_SPHK2_P1P2_ENSG00000063176,SPHK2,4.068855,1.6734977,-1.847833,2.0650349
8354_SPI1_P1P2_ENSG00000066336,SPI1,0.92994183,-0.31935015,-0.7847975,0.18939467
8355_SPIB_P1P2_ENSG00000269404,SPIB,-0.16607986,-0.08648011,-0.21626131,-0.42487058
8356_SPICE1_P1P2_ENSG00000163611,SPICE1,0.021475395,0.54584044,-0.33799344,0.111185916
8357_SPIC_P1P2_ENSG00000166211,SPIC,0.71348935,-0.1050075,-0.33107448,-0.10579524
8358_SPIDR_P1P2_ENSG00000164808,SPIDR,-0.19154647,1.3334955,-0.16663978,-0.27318275
8359_SPIN1_P1P2_ENSG00000106723,SPIN1,0.9518933,-0.6302445,0.45913404,-0.34205943
835_BIN3_P1P2_ENSG00000147439,BIN3,0.08436894,-0.5211746,-0.46519625,-0.5252146
8360_SPIN2B_P1P2_ENSG00000186787,SPIN2B,0.4607861,-0.62162787,-0.3539345,0.34037074
8361_SPIN4_P1P2_ENSG00000186767,SPIN4,-0.3236253,-1.0563385,0.05409717,-0.34261155
8362_SPINT2_P1P2_ENSG00000167642,SPINT2,0.4596674,-0.16891164,-0.28325734,-0.35022295
8363_SPIRE1_P1P2_ENSG00000134278,SPIRE1,-0.17586651,-0.49691242,-0.3649755,0.3018801
8364_SPNS1_P1P2_ENSG00000169682,SPNS1,-0.81362903,-0.010596204,-0.8260967,-0.140744
8365_SPN_P1P2_ENSG00000197471,SPN,0.27078676,-0.79926956,0.06051982,-0.7493345
8366_SPOP_P1P2_ENSG00000121067,SPOP,-0.5815605,-0.8971634,1.1605824,-1.3533299
8367_SPPL2A_P1P2_ENSG00000138600,SPPL2A,-0.22326274,-0.42364034,-0.48561686,-0.17353891
8368_SPPL2B_P1P2_ENSG00000005206,SPPL2B,0.2994589,-0.37669036,-0.32188264,0.16521727
8369_SPPL3_P1P2_ENSG00000157837,SPPL3,-0.31483626,-0.61079437,0.6528459,-0.60998774
836_BIRC2_P1P2_ENSG00000110330,BIRC2,-0.4348245,-0.58749205,0.36129138,-0.39114222
8370_SPRED1_P1P2_ENSG00000166068,SPRED1,0.047422048,0.08700911,-0.26895,-0.07543913
8371_SPRED2_ENST00000443619.2_ENSG00000198369,SPRED2,0.13576265,-0.31959915,0.438441,0.33493832
8372_SPRTN_P1P2_ENSG00000010072,SPRTN,0.05542315,0.24027666,-0.38137317,-0.24386287
8373_SPRY1_P1P2_ENSG00000164056,SPRY1,-1.7017639,-0.8362637,0.049124695,0.4145059
8374_SPRY2_P1P2_ENSG00000136158,SPRY2,-0.20562144,0.102990024,-0.8178289,0.17588323
8375_SPRY4_P1P2_ENSG00000187678,SPRY4,0.57692105,1.1342944,-1.4203353,1.0521284
8376_SPRYD3_P1P2_ENSG00000167778,SPRYD3,-0.19444126,-0.33265,-0.12668177,-0.36056957
8377_SPRYD4_P1P2_ENSG00000176422,SPRYD4,-0.5142221,-0.4562189,-0.20565817,-0.50785446
8378_SPRYD7_P1P2_ENSG00000123178,SPRYD7,-0.11064197,-0.48802507,0.3710476,-0.4552269
8379_SPR_P1P2_ENSG00000116096,SPR,-0.41193074,0.0031098162,0.101461045,-0.18262042
837_BIRC5_P1P2_ENSG00000089685,BIRC5,-0.4724737,-0.45979804,-0.7192391,1.6262745
8380_SPSB2_P1P2_ENSG00000111671,SPSB2,-0.94503134,0.107551485,-0.27081364,-0.11127125
8381_SPSB3_P1P2_ENSG00000162032,SPSB3,-0.07721578,-0.3519598,-0.32018837,-0.41399872
8383_SPTAN1_P1P2_ENSG00000197694,SPTAN1,-0.1161235,0.15389715,-0.73417413,0.6970015
8384_SPTBN1_P1P2_ENSG00000115306,SPTBN1,-0.35397744,-0.8312149,0.5756864,-0.29739362
8385_SPTBN2_P1P2_ENSG00000173898,SPTBN2,0.526857,1.811404,0.028419003,-0.7763042
8386_SPTB_P1P2_ENSG00000070182,SPTB,0.26295346,0.178093,-0.7525415,-0.4376722
8387_SPTLC1_P1P2_ENSG00000090054,SPTLC1,0.20268781,-1.0402216,-0.027127225,-0.76880074
8388_SPTLC2_P1P2_ENSG00000100596,SPTLC2,-0.44996002,0.04687493,-0.18083179,0.5111335
8389_SPTSSA_P1P2_ENSG00000165389,SPTSSA,0.17459752,-0.10978512,-0.22386324,0.10420817
838_BIRC6_P1P2_ENSG00000115760,BIRC6,-0.16178037,-0.38152304,-0.7404261,0.34227872
8390_SPTY2D1_P1P2_ENSG00000179119,SPTY2D1,-0.4268356,-0.68006885,-0.032136258,-0.4316915
8391_SPZ1_P1P2_ENSG00000164299,SPZ1,0.417633,-0.5403366,0.139774,-0.7286522
8392_SQLE_P1P2_ENSG00000104549,SQLE,-0.10769071,-0.30682954,0.2327267,0.22051272
8393_SQSTM1_P2_ENSG00000161011,SQSTM1,-0.20122454,-0.08635976,0.5675562,-0.06946037
8395_SRA1_P1P2_ENSG00000213523,SRA1,-0.1660862,-0.3738453,0.6139881,-0.058512427
8396_SRBD1_P1P2_ENSG00000068784,SRBD1,-0.9838088,-0.03450355,-0.13329533,0.3016418
8397_SRCAP_P1P2_ENSG00000080603,SRCAP,0.23162043,-0.23731132,-0.5347111,-0.18010943
8398_SRD5A1_P1P2_ENSG00000145545,SRD5A1,0.050410237,0.067041,0.26950747,-0.3088578
8399_SRD5A3_P1P2_ENSG00000128039,SRD5A3,-0.38386703,-0.30919012,-0.2223045,-0.010233461
839_BIVM_P2_ENSG00000134897,BIVM,-0.3033973,0.041545916,0.05630873,-0.13795963
83_ACIN1_P2_ENSG00000100813,ACIN1,-1.0748299,-1.3480182,2.079904,-2.1146226
8400_SREBF1_P2_ENSG00000072310,SREBF1,-0.6023666,0.39079523,-0.70264184,0.107914895
8401_SREBF1_P1_ENSG00000072310,SREBF1,-0.6547701,0.41515908,3.8931437,-0.43502447
8402_SREBF2_P1P2_ENSG00000198911,SREBF2,-0.21797754,-0.75064594,-0.7874246,0.056514118
8403_SREK1IP1_P1P2_ENSG00000153006,SREK1IP1,-0.07204653,0.109309405,0.67280245,0.5032355
8404_SREK1_P1P2_ENSG00000153914,SREK1,-0.12663116,-1.0960611,0.9793307,-0.7993715
8405_SRFBP1_P1P2_ENSG00000151304,SRFBP1,-0.74583226,1.2620581,1.2801784,-0.14671026
8406_SRF_P1P2_ENSG00000112658,SRF,-0.57202595,0.06564693,-0.34484437,-0.49306068
8407_SRGAP2_P1P2_ENSG00000266028,SRGAP2,0.4246846,-0.0022271923,-0.46493897,0.31509337
8408_SRGN_P2_ENSG00000122862,SRGN,-0.36130178,-0.167774,-0.19384007,0.018666474
8409_SRGN_P1_ENSG00000122862,SRGN,0.19258004,0.05948206,0.6372853,-0.25575846
840_BIVM_P1_ENSG00000134897,BIVM,0.024824632,0.29400596,-0.004993791,-0.21278287
8410_SRI_P1_ENSG00000075142,SRI,0.015344005,-0.10763055,-0.0019640184,-0.6040156
8411_SRI_P2_ENSG00000075142,SRI,0.5068753,0.0723205,-0.51540697,0.56900334
8412_SRM_P1P2_ENSG00000116649,SRM,-0.25623652,-0.5402297,0.50225544,-1.3357776
8413_SRP14_P1P2_ENSG00000140319,SRP14,0.103601925,1.5894002,-0.45051315,-0.30416128
8414_SRP19_P1P2_ENSG00000153037,SRP19,0.95146304,5.8832607,-0.44951117,0.16177917
8415_SRP54_P1P2_ENSG00000100883,SRP54,-0.38397533,2.431835,-0.3443446,0.104228675
8416_SRP68_P1P2_ENSG00000167881,SRP68,4.1678534,15.011415,-1.5580816,2.4732049
8417_SRP72_P1P2_ENSG00000174780,SRP72,3.1687133,13.130389,-1.5998027,0.44538298
8418_SRP9_P1P2_ENSG00000143742,SRP9,1.1294327,4.349415,-0.8976083,-0.18079232
8419_SRPK1_P1P2_ENSG00000096063,SRPK1,0.018118978,-0.36887607,0.15125634,-0.10865253
841_BLCAP_P1P2_ENSG00000166619,BLCAP,-0.2105174,-0.39038536,-0.44416985,-1.0942001
8420_SRPK2_P1_ENSG00000135250,SRPK2,-0.012521481,-0.003701029,0.514637,-0.35750777
8421_SRPK2_P2_ENSG00000135250,SRPK2,0.6556544,0.5489377,0.28140527,0.7364281
8422_SRPRB_P1P2_ENSG00000144867,SRPRB,-0.07303831,3.5038362,0.22916627,-0.20399776
8423_SRRD_P1P2_ENSG00000100104,SRRD,-0.7928825,-1.4077306,0.8240038,-1.2049414
8424_SRRM1_P1P2_ENSG00000133226,SRRM1,-0.90190786,0.81505173,0.1910229,0.7059794
8425_SRRM2_P1P2_ENSG00000167978,SRRM2,0.27344784,0.5397252,0.7447043,0.3441189
8426_SRRT_P1P2_ENSG00000087087,SRRT,-0.56079257,-1.699351,3.368518,1.9345282
8427_SRR_P1P2_ENSG00000167720,SRR,-0.74711967,-0.016928662,-1.1206275,-0.372176
8428_SRSF10_P1P2_ENSG00000188529,SRSF10,-0.40725937,0.6215291,2.865077,0.0952874
8429_SRSF11_P1_ENSG00000116754,SRSF11,-0.35723057,0.016282946,-0.0005853721,-0.30009148
842_BLMH_P1P2_ENSG00000108578,BLMH,-0.016140018,0.00360336,-0.01271038,0.21733539
8430_SRSF11_P2_ENSG00000116754,SRSF11,-0.36213833,1.0765319,0.48821595,-0.16854247
8431_SRSF1_P1P2_ENSG00000136450,SRSF1,0.8269476,2.4728484,-0.47149447,3.376365
8432_SRSF2_P1P2_ENSG00000161547,SRSF2,-0.13865255,-0.05258879,1.6427548,0.3507302
8433_SRSF3_P1P2_ENSG00000112081,SRSF3,-1.2000866,1.0383635,0.024918417,1.5323201
8434_SRSF4_P1P2_ENSG00000116350,SRSF4,0.026691088,0.37682107,-0.48993772,-0.62562567
8435_SRSF5_P1P2_ENSG00000100650,SRSF5,0.03979842,0.99808127,-0.34791934,-0.14299202
8436_SRSF6_P1_ENSG00000124193,SRSF6,-0.14665914,-0.39980182,0.12836851,0.03996668
8437_SRSF6_P2_ENSG00000124193,SRSF6,0.023966806,-0.6994538,-0.45864618,-0.7492479
8438_SRSF7_P1P2_ENSG00000115875,SRSF7,0.020966163,0.3767946,1.1075603,-0.9067926
8439_SRSF8_P1P2_ENSG00000263465,SRSF8,0.094989404,0.108763605,2.379379,-0.62932473
843_BLM_P1P2_ENSG00000197299,BLM,0.37283954,0.1448983,0.32881945,0.24308926
8440_SRSF9_P1P2_ENSG00000111786,SRSF9,0.1857425,-0.46564752,0.6747798,-0.25786012
8441_SRXN1_P1P2_ENSG00000271303,SRXN1,0.55895483,0.069555216,0.124768294,-0.4852561
8442_SRY_P1P2_ENSG00000184895,SRY,-0.8147312,0.36625051,-1.1816474,-0.2640171
8443_SS18L1_P1P2_ENSG00000184402,SS18L1,-0.87959886,0.63646805,-0.39563075,-0.17553408
8444_SS18L2_P1P2_ENSG00000008324,SS18L2,-0.91795456,0.36185864,1.6756951,-0.6933693
8445_SS18_P1P2_ENSG00000141380,SS18,-0.500091,-0.658352,0.2556898,-0.9958312
8446_SSBP1_P1P2_ENSG00000106028,SSBP1,2.395834,1.6435984,-0.7380935,1.9496297
8447_SSBP2_P1P2_ENSG00000145687,SSBP2,-0.37156713,-0.5678915,-0.14104272,0.24612884
8448_SSBP3_P1P2_ENSG00000157216,SSBP3,-0.23683256,0.268429,-0.79760593,0.6752813
8449_SSBP4_P1P2_ENSG00000130511,SSBP4,-0.6204114,-0.25440305,-0.22212005,-0.21725324
844_BLOC1S1_P1P2_ENSG00000135441,BLOC1S1,-0.9897077,-0.36924607,0.6845622,0.06876203
8450_SSB_P1P2_ENSG00000138385,SSB,1.7602895,0.42526436,-0.087826006,0.8331697
8451_ITPRID2_P1P2_ENSG00000138434,ITPRID2,-0.10074943,0.08134099,-0.15331846,-0.013264582
8452_SSH2_P1P2_ENSG00000141298,SSH2,-0.4908795,-0.4193196,-0.531427,-0.39443335
8453_SSNA1_P1P2_ENSG00000176101,SSNA1,-0.61445695,-0.5349884,0.7263908,0.9008437
8454_SSR1_P1P2_ENSG00000124783,SSR1,0.14942287,0.6176931,-1.3678651,-0.5970732
8455_SSR2_P1P2_ENSG00000163479,SSR2,0.11286507,-0.14077552,-0.1558491,0.8528298
8456_SSR3_P1P2_ENSG00000114850,SSR3,-1.1887484,-0.57664967,-0.45974785,-0.649973
8457_SSR4_P1P2_ENSG00000180879,SSR4,-0.02645696,-0.31748933,0.5572079,0.18511708
8458_SSRP1_P1P2_ENSG00000149136,SSRP1,-0.113747075,0.50918835,0.8986099,1.9325589
8459_ZNRD2_P1P2_ENSG00000173465,ZNRD2,-0.06824029,-0.5760098,-0.6200033,-0.10922903
845_BLOC1S2_P1P2_ENSG00000196072,BLOC1S2,-0.1645766,-0.90784043,1.216526,-0.5310746
8460_SSU72_P1P2_ENSG00000160075,SSU72,-0.050188772,1.0906502,0.9479976,1.3654858
8461_SSX1_P1P2_ENSG00000126752,SSX1,0.00081025454,-0.66810673,-0.18749419,-0.36867243
8462_SSX2IP_P1P2_ENSG00000117155,SSX2IP,0.26180863,0.6256352,2.353505,0.40601206
8463_SSX3_P1P2_ENSG00000165584,SSX3,-0.22879483,-0.61659604,-0.90147626,-1.0588353
8464_SSX4_ENST00000376886.2_ENSG00000268009,SSX4,-0.5018467,-0.2301313,0.05406314,-0.3038089
8465_ST13_P1P2_ENSG00000100380,ST13,0.13760516,0.15299906,-0.13039683,0.057466865
8466_ST18_P1P2_ENSG00000147488,ST18,0.06127412,0.6509613,-0.8198952,0.64359343
8467_ST20-MTHFS_P1P2_nan,ST20-MTHFS,-0.24442697,-0.51508766,0.25216293,-1.0700183
8468_AC015871.1_P1P2_ENSG00000180953,AC015871.1,0.67136854,-0.26967102,-0.32194796,0.36743933
8469_ST3GAL2_P1_ENSG00000157350,ST3GAL2,-0.059065394,-0.4184178,-0.35809633,-0.14073978
846_BLOC1S3_P1_ENSG00000189114,BLOC1S3,-0.36298707,-0.12562223,0.02053357,0.033642825
8470_ST3GAL2_P2_ENSG00000157350,ST3GAL2,-0.15469092,-0.69527674,-0.18985021,-0.43882453
8471_ST3GAL4_P1P2_ENSG00000110080,ST3GAL4,-0.4780647,-0.5350243,-0.22115822,-0.554141
8472_ST6GAL1_P1_ENSG00000073849,ST6GAL1,0.27689484,-0.24401574,0.28780997,0.07044657
8473_ST6GAL1_P2_ENSG00000073849,ST6GAL1,-0.17713335,0.12917832,0.45694065,-0.121631324
8474_ST6GALNAC1_P1P2_ENSG00000070526,ST6GALNAC1,-0.24844725,0.1051145,0.21799193,-0.11461141
8475_ST6GALNAC4_P1P2_ENSG00000136840,ST6GALNAC4,-0.3219242,0.2883791,-0.46637064,-0.20970781
8476_ST6GALNAC6_P1P2_ENSG00000160408,ST6GALNAC6,0.16026329,-0.4945531,0.23935305,-0.09262179
8477_ST7L_P1P2_ENSG00000007341,ST7L,-0.11286901,1.1266341,0.044312842,0.08326225
8478_ST7_P1P2_ENSG00000004866,ST7,-0.4617295,0.030811744,0.7558219,0.04167601
8479_STAC3_P1P2_ENSG00000185482,STAC3,0.11510794,-0.62562305,-0.27560762,-0.9212132
847_BLOC1S3_P2_ENSG00000189114,BLOC1S3,-0.5357072,0.38838786,0.08331522,-0.7053857
8480_STAG1_P1P2_ENSG00000118007,STAG1,0.3276101,0.4949899,-0.9089245,0.910876
8481_STAG2_P1_ENSG00000101972,STAG2,-0.67413646,3.310261,0.45656472,-0.26198
8482_STAG2_P2_ENSG00000101972,STAG2,1.4487429,1.1164622,-0.97814554,0.20492172
8483_STAM2_P1P2_ENSG00000115145,STAM2,-0.25012836,0.0645598,0.24914788,-0.40532383
8484_STAMBP_P1P2_ENSG00000124356,STAMBP,0.33703664,-0.05368926,-0.7295939,-0.22609156
8485_STAM_P1P2_ENSG00000136738,STAM,-0.28732118,0.4575046,-0.24639192,-0.14572887
8486_STAP2_P1P2_ENSG00000178078,STAP2,-0.863062,-0.7357096,0.26288494,0.15132616
8487_STARD10_P1P2_ENSG00000214530,STARD10,0.18386391,0.78813654,0.030447705,-0.48909175
8488_STARD3NL_P1P2_ENSG00000010270,STARD3NL,0.5462542,-1.0010172,-0.59600705,-0.48229453
8489_STARD3_P1P2_ENSG00000131748,STARD3,-0.6289174,1.1308396,-0.6123345,0.19914855
848_BLOC1S4_P1P2_ENSG00000186222,BLOC1S4,-0.57742554,0.8397869,-0.23172252,0.2987957
8490_STARD4_P1P2_ENSG00000164211,STARD4,-0.79302484,0.11057208,0.04704409,-0.8226378
8491_STARD7_P1P2_ENSG00000084090,STARD7,0.79977536,-0.33030164,-0.26105338,0.30828562
8492_STARD8_ENST00000374599.3_ENSG00000130052,STARD8,0.21329172,0.13491122,-0.73538375,-0.628687
8493_STAR_P1P2_ENSG00000147465,STAR,-0.31767187,0.42947412,-0.4712479,0.2708559
8494_STAT1_P1P2_ENSG00000115415,STAT1,-0.14836672,-0.39388663,0.39042374,-0.79112256
8495_STAT2_P1P2_ENSG00000170581,STAT2,-0.4042648,-0.43220136,-0.4437116,-0.59212524
8496_STAT3_P1P2_ENSG00000168610,STAT3,0.045548752,-0.022338226,0.15777929,-0.011559244
8497_STAT4_P1P2_ENSG00000138378,STAT4,-0.197791,0.61572516,-0.28165177,-0.30579007
8498_STAT5A_P1P2_ENSG00000126561,STAT5A,0.15347481,0.099392876,-0.6667111,0.7027958
8499_STAT5B_P1P2_ENSG00000173757,STAT5B,-0.79019195,-1.8986278,6.2816544,-2.1924357
849_BLOC1S5_P1P2_ENSG00000188428,BLOC1S5,-0.28183046,-0.28059644,-0.17050469,-0.31968397
84_ACIN1_P1_ENSG00000100813,ACIN1,-0.5022321,0.009212305,-0.5532613,-0.33595604
8501_STAU1_P1P2_ENSG00000124214,STAU1,-0.2503444,-0.5971911,-0.25643423,0.1105015
8502_STAU2_P1P2_ENSG00000040341,STAU2,-0.16435325,0.6504573,-0.04463261,-0.6929049
8503_STC2_P1P2_ENSG00000113739,STC2,-0.009828699,-0.39734942,-0.062458176,0.03404159
8504_STEAP1B_P1P2_ENSG00000105889,STEAP1B,-0.57258165,-0.4100171,-0.629614,-0.90081143
8505_STEAP3_P1P2_ENSG00000115107,STEAP3,0.3371207,0.4597735,-0.6193378,0.7908059
8506_STIL_P1P2_ENSG00000123473,STIL,-0.21098164,0.29168275,0.118909925,0.21268897
8507_STIM1_P1P2_ENSG00000167323,STIM1,-0.28128,0.3228597,0.13956428,-0.6591585
8508_STIM2_P1P2_ENSG00000109689,STIM2,0.34694752,0.085428506,-0.15631476,-0.17991185
8509_STIP1_P1P2_ENSG00000168439,STIP1,1.2259713,1.6459116,-1.0511024,-0.038414463
850_BLOC1S6_P1P2_ENSG00000104164,BLOC1S6,-0.12782067,-0.49137473,-0.07577943,-0.5218924
8510_STK11IP_P1P2_ENSG00000144589,STK11IP,-0.15105174,0.06063403,-0.72487986,-0.40622842
8511_STK11_P1_ENSG00000118046,STK11,0.21642081,0.057282414,-0.50511456,0.3525023
8512_STK11_P2_ENSG00000118046,STK11,-0.614334,0.04819948,-0.4569738,-0.5850973
8513_STK16_P1P2_ENSG00000115661,STK16,-0.5211117,0.3662066,-0.11041536,-0.43999615
8514_STK17A_P1P2_ENSG00000164543,STK17A,-0.34946078,-0.5824925,0.13449004,-0.4683487
8515_STK17B_P1P2_ENSG00000081320,STK17B,0.37301567,-0.26437387,-0.22101153,-0.044742163
8516_STK19_P1P2_ENSG00000204344,STK19,-0.37852132,-0.5490328,-0.037453547,-0.7172488
8517_STK24_P1P2_ENSG00000102572,STK24,-0.24909478,-0.62760985,0.37756845,1.575623
8518_STK25_P1P2_ENSG00000115694,STK25,-0.18551984,0.0028822927,0.046233345,-0.26082927
8519_STK32C_P1_ENSG00000165752,STK32C,-0.25054675,-0.8040182,-0.4642121,-0.15467434
851_BLVRA_P1_ENSG00000106605,BLVRA,0.6085823,-0.45770895,0.02133472,-0.4991226
8521_STK35_P1P2_ENSG00000125834,STK35,-0.3110838,-0.32117555,-0.46631867,-0.27713242
8522_STK38L_P1P2_ENSG00000211455,STK38L,-0.32435396,-0.23877575,-0.2403378,0.0035724961
8523_STK38_P1P2_ENSG00000112079,STK38,0.3871634,-0.59557253,0.068641536,-0.78694046
8524_STK3_P1P2_ENSG00000104375,STK3,-0.33947244,-0.57478887,-0.6117035,-0.042282283
8525_STK40_P1P2_ENSG00000196182,STK40,0.37356216,0.7754367,-0.6435915,1.0695126
8526_STK4_P1_ENSG00000101109,STK4,-0.28022158,-0.44478366,-0.2882804,-0.29859328
8527_STK4_P2_ENSG00000101109,STK4,1.3409188,-1.1028142,1.7860268,-0.5924355
8528_STMN1_P1P2_ENSG00000117632,STMN1,-0.39575943,-0.22553335,0.071839094,0.08227685
8529_STMN3_P1P2_ENSG00000197457,STMN3,-0.95043504,0.05437823,0.28544647,-0.50207597
852_BLVRA_P2_ENSG00000106605,BLVRA,-0.43668368,-0.36655888,-0.18505542,-1.0037998
8530_STOML1_P1P2_ENSG00000067221,STOML1,-0.4780993,-0.5714018,0.37395743,-0.19792265
8531_STOML2_P1P2_ENSG00000165283,STOML2,0.10236037,0.34873554,-0.61599606,0.4892954
8532_STOM_P1P2_ENSG00000148175,STOM,0.16595137,-0.19688672,-0.5769295,0.06049994
8533_STON2_ENST00000267540.2_ENSG00000140022,STON2,-0.76523525,-1.00341,0.19912946,-0.45898917
8534_STPG1_P1P2_ENSG00000001460,STPG1,-0.26726824,-0.4694887,-0.14923553,-0.6866223
8535_BHLHE40_P1P2_ENSG00000134107,BHLHE40,0.41175756,0.07311778,-0.27921215,-0.50549084
8536_STRADA_P1P2_ENSG00000266173,STRADA,-0.35100856,0.58876306,0.24455802,-0.5463305
8537_STRADB_P1P2_ENSG00000082146,STRADB,-0.5380803,-0.41719326,-0.21862133,-0.3193237
8538_STRAP_P1P2_ENSG00000023734,STRAP,-0.014056702,0.7138095,-2.2959857,-0.69537616
8539_STRBP_P1P2_ENSG00000165209,STRBP,0.14301094,-0.2649923,-0.62313694,-0.68328696
853_BLVRB_P1P2_ENSG00000090013,BLVRB,0.34494314,0.62797076,-0.34263864,0.2180315
8540_STRIP1_P1P2_ENSG00000143093,STRIP1,0.07684822,-0.55942166,0.87590873,-0.835606
8541_STRIP2_P1P2_ENSG00000128578,STRIP2,-0.49842122,-0.0047700447,-1.0029434,0.30625033
8542_STRN3_P1P2_ENSG00000196792,STRN3,0.45127195,1.202223,-0.70240176,-0.08021964
8543_STRN4_P1P2_ENSG00000090372,STRN4,0.2857648,-0.11898253,0.9672522,0.16728432
8544_STRN_P1P2_ENSG00000115808,STRN,0.08611583,-0.068801805,-0.40944096,0.18156828
8545_STT3A_P1P2_ENSG00000134910,STT3A,-0.33249423,2.022502,-0.05589064,0.85379416
8546_STT3B_P1P2_ENSG00000163527,STT3B,4.3823414,0.065324225,-0.5529216,3.7011368
8547_STUB1_P1P2_ENSG00000103266,STUB1,-0.38448447,-0.42694655,1.0354469,-0.3550686
8548_STX10_P1P2_ENSG00000104915,STX10,-0.34881315,0.1357955,-0.5182363,-0.2602566
8549_STX12_P1P2_ENSG00000117758,STX12,0.15989043,0.51994413,0.3323291,-0.32094607
854_BLZF1_P1P2_ENSG00000117475,BLZF1,0.33172014,-0.21887715,-0.35999262,0.017011965
8550_STX16_P1P2_ENSG00000124222,STX16,0.17407359,0.09753614,-0.0769647,0.38617885
8551_STX17_P1P2_ENSG00000136874,STX17,0.1161887,-0.6720824,-0.25743097,-0.5258213
8552_STX18_P1P2_ENSG00000168818,STX18,2.170136,1.3859155,-0.34470704,1.8569945
8553_STX1A_P1P2_ENSG00000106089,STX1A,0.54836434,-0.7217561,0.31744626,0.8797219
8554_STX2_P1P2_ENSG00000111450,STX2,-0.5657816,-0.32896283,0.1486051,-0.88012373
8555_STX3_P1P2_ENSG00000166900,STX3,-0.25337383,-0.5736378,0.1160938,-1.0233645
8556_STX4_P1P2_ENSG00000103496,STX4,-0.22225736,0.11585537,0.34180808,0.09987398
8557_STX5_P1P2_ENSG00000162236,STX5,0.8645177,-0.5277899,0.2164359,2.5975025
8558_STX6_P1P2_ENSG00000135823,STX6,-0.18991402,-0.010619633,-0.27529043,-0.3345856
8559_STX7_P1P2_ENSG00000079950,STX7,-0.6476359,0.7669026,0.671731,0.12694503
855_BMI1_P1P2_ENSG00000168283,BMI1,-0.0072322274,0.02328812,-0.56273395,-0.25080666
8560_STX8_P1P2_ENSG00000170310,STX8,-0.08703075,-0.4981869,-0.82407784,0.3795915
8561_STXBP1_P1P2_ENSG00000136854,STXBP1,0.06477955,0.08967154,0.23885612,-0.29226267
8562_STXBP2_P1P2_ENSG00000076944,STXBP2,-0.008260107,0.087825835,0.6158189,-0.88022685
8563_STXBP3_P1P2_ENSG00000116266,STXBP3,-0.17454597,0.9488765,0.13098563,3.3679795
8564_STXBP4_P1P2_ENSG00000166263,STXBP4,0.4875497,-0.94173497,-0.11628136,-0.5877238
8565_STXBP5_P1P2_ENSG00000164506,STXBP5,-0.9594324,0.36944345,1.9220492,-0.19000332
8566_STXBP6_P1P2_ENSG00000168952,STXBP6,-0.06416949,0.87050474,-0.59428495,-0.59747237
8567_STYXL1_P1P2_ENSG00000127952,STYXL1,-0.14327757,0.06106761,-0.10289134,-0.30852953
8568_STYX_P1P2_ENSG00000198252,STYX,0.3740721,-0.39811522,0.25037223,-0.45924702
8569_SUB1_P1_ENSG00000113387,SUB1,-0.1433228,-0.25378725,0.739791,-0.0070163393
856_BMP1_P1P2_ENSG00000168487,BMP1,-0.1358612,0.58155715,0.030060375,-0.28247502
8570_SUB1_P2_ENSG00000113387,SUB1,0.46017942,-0.37866127,-0.8261486,0.15770794
8571_SUCLA2_P1P2_ENSG00000136143,SUCLA2,-0.15964724,-0.26018897,-0.6830716,-0.46596763
8572_SUCLG1_P1P2_ENSG00000163541,SUCLG1,1.7882032,-0.4915624,-1.2581952,0.6505556
8573_SUCLG2_P1P2_ENSG00000172340,SUCLG2,-0.3815234,0.035328887,-0.0998999,-0.41423228
8574_SUCO_P1P2_ENSG00000094975,SUCO,0.21341224,0.79712903,-0.16490775,0.09672518
8575_SUDS3_P1P2_ENSG00000111707,SUDS3,-0.8202015,2.574901,-1.1422108,-0.6060785
8576_SUGP1_P1P2_ENSG00000105705,SUGP1,-0.7987642,-0.48475084,-2.0636919,1.0658263
8577_SUGP2_P1P2_ENSG00000064607,SUGP2,-0.13844934,0.45734388,-0.3512113,-0.08339901
8578_SUGT1_P1P2_ENSG00000165416,SUGT1,0.7563277,0.53870445,5.467478,-1.3644134
8579_SULT1A1_P1P2_ENSG00000196502,SULT1A1,-0.3966222,-0.20509131,-0.19922014,0.19903128
857_BMP2K_P1P2_ENSG00000138756,BMP2K,1.9356655,-0.5801339,1.8319198,3.482018
8580_SULT1A3_ENST00000395137.2_ENSG00000261052,SULT1A3,-0.048113775,-0.37994736,-0.2480633,-0.36627284
8581_SULT1A3_ENST00000338971.5_ENSG00000261052,SULT1A3,-0.34809867,-0.5066377,0.023366854,-0.3127116
8582_SULT1A3_ENST00000395138.2_ENSG00000261052,SULT1A3,-0.80711025,-0.518218,0.15489338,0.18334277
8583_SULT1A3_ENST00000563322.1_ENSG00000261052,SULT1A3,-0.87903804,-0.18096083,0.36919352,-0.53374696
"8584_SULT1A3_ENST00000354723.6,ENST00000355544.5_ENSG00000261052",SULT1A3,-0.6514798,0.07506115,0.12896778,-0.03291881
8585_SUMF2_P1_ENSG00000129103,SUMF2,0.009365731,-0.1875622,-0.72354853,0.18085764
8586_SUMF2_P2_ENSG00000129103,SUMF2,-0.7858479,-0.5125271,-0.41074562,-0.508998
8587_SUMO1_P1P2_ENSG00000116030,SUMO1,0.4363976,-1.212135,0.4925485,-0.23134537
8588_SUMO2_P1P2_ENSG00000188612,SUMO2,-0.65702826,0.22370312,0.41757268,1.1689335
8589_SUMO3_P1P2_ENSG00000184900,SUMO3,-0.013048133,0.37849876,0.13758041,-0.9691067
858_BMPR2_P1P2_ENSG00000204217,BMPR2,0.19651258,-0.55483764,-0.76686436,-0.3512022
8590_SUN1_P2_ENSG00000164828,SUN1,-0.22723871,0.33739558,-0.31488279,0.08337987
8591_SUN1_P1_ENSG00000164828,SUN1,0.2668929,0.27579862,0.258851,-0.3023609
8592_SUN2_P1P2_ENSG00000100242,SUN2,0.41513914,-0.6053409,0.18555023,-0.6650484
8593_SUOX_P1P2_ENSG00000139531,SUOX,0.24791169,0.17885292,0.070030846,0.29366365
8594_SUPT16H_P1P2_ENSG00000092201,SUPT16H,0.21714081,1.9212874,0.545197,2.6819634
8595_SUPT20H_P1P2_ENSG00000102710,SUPT20H,0.63862705,1.3057154,-0.517973,3.2845669
8596_SUPT3H_P1P2_ENSG00000196284,SUPT3H,-0.4597476,-0.1743151,-0.080849014,-0.06161942
8597_SUPT4H1_P1P2_ENSG00000213246,SUPT4H1,-0.47990304,-0.6943104,1.6028677,-0.011985579
8598_SUPT5H_P1P2_ENSG00000196235,SUPT5H,-0.73381585,0.8706681,-2.452597,1.725644
8599_SUPT6H_P1P2_ENSG00000109111,SUPT6H,0.4885326,10.937359,1.2833569,8.5875225
85_ACLY_P1P2_ENSG00000131473,ACLY,0.16904584,0.68527234,-0.8254746,0.6326562
8600_SUPT7L_P1P2_ENSG00000119760,SUPT7L,0.016229168,-0.06365088,0.0065968987,1.1166035
8601_SUPV3L1_P1P2_ENSG00000156502,SUPV3L1,3.4213321,3.1091971,0.10943468,1.1737353
8602_SURF1_P1P2_ENSG00000148290,SURF1,-0.28894612,-0.40821803,-0.5102116,-0.19833764
8603_SURF2_P1P2_ENSG00000148291,SURF2,-0.82196826,-0.37103778,-0.6257129,0.2937332
8604_SURF4_P1P2_ENSG00000148248,SURF4,-0.73521686,0.85624367,0.5874882,0.08170403
8605_SURF6_P1P2_ENSG00000148296,SURF6,-0.70014507,-1.4459572,0.63926643,-0.18513563
8606_SUSD1_P1P2_ENSG00000106868,SUSD1,0.1789694,-0.07015848,-0.375838,-0.13151702
8607_SUSD3_P1P2_ENSG00000157303,SUSD3,-0.5265009,0.1314735,-0.25368285,-0.6160751
8608_SUV39H1_P1P2_ENSG00000101945,SUV39H1,-0.11898393,-0.1610217,-0.07892175,1.2351112
8609_SUV39H2_P1P2_ENSG00000152455,SUV39H2,-0.37124252,0.24419008,-0.93686306,1.7968061
860_BNC1_P1P2_ENSG00000169594,BNC1,-0.5579287,0.030554086,0.18255024,-0.57830197
8610_SUZ12_P1P2_ENSG00000178691,SUZ12,-0.08590997,-0.09028203,0.024730539,-0.5571236
8611_SVIP_P1P2_ENSG00000198168,SVIP,0.15156485,-0.54321307,-0.4419917,-0.5276016
8612_SWI5_P1P2_ENSG00000175854,SWI5,-0.41794175,-0.4413518,0.33352828,-0.62318325
8613_SWSAP1_P1P2_ENSG00000173928,SWSAP1,-0.45675093,0.40161824,0.010469902,0.7822391
8614_SYAP1_P1P2_ENSG00000169895,SYAP1,0.21155064,0.09646509,0.12917745,-0.9376202
8615_SYCE1_P1P2_ENSG00000171772,SYCE1,-0.1690391,-0.34354514,-0.07713792,-0.13920438
8616_SYCP2L_ENST00000283141.6_ENSG00000153157,SYCP2L,1.0778625,0.93599755,-0.8636567,0.7643525
8617_SYCP2_P1P2_ENSG00000196074,SYCP2,-0.6143632,0.7241062,0.23723225,-0.3303422
8618_SYF2_P1P2_ENSG00000117614,SYF2,2.5668933,-0.06847846,1.3136774,-0.0587604
8619_SYK_P1_ENSG00000165025,SYK,-0.46930233,0.13206413,-0.21685864,-0.2922837
861_BNC2_P1P2_ENSG00000173068,BNC2,-0.0030296491,-0.9690276,0.20652269,-0.2539043
8620_SYK_P2_ENSG00000165025,SYK,-0.21687004,0.14263372,0.21458237,-0.7016739
8621_SYMPK_P1P2_ENSG00000125755,SYMPK,-0.9362966,0.5995436,0.8141155,0.7629575
8622_SYNCRIP_P1P2_ENSG00000135316,SYNCRIP,-0.4614153,-0.98825264,0.8488006,-0.97413516
8623_SYNC_P1P2_ENSG00000162520,SYNC,1.4593096,0.16639476,-0.36701417,1.5776169
8624_SYNGR1_P1P2_ENSG00000100321,SYNGR1,-0.26841867,0.594159,-0.0040601576,0.07881667
8625_SYNGR2_P1P2_ENSG00000108639,SYNGR2,-0.64720345,-0.6219615,-0.5263566,-0.2941865
8626_SYNGR3_P1P2_ENSG00000127561,SYNGR3,0.18150437,0.37953332,-1.4401776,0.90029585
8627_SYNJ2BP_P1P2_ENSG00000213463,SYNJ2BP,-0.21039225,-0.3507002,-0.02012388,-0.74534446
8628_SYNJ2_P1P2_ENSG00000078269,SYNJ2,-0.0853899,0.3428669,-0.50924975,-1.1024032
8629_SYNRG_P1P2_ENSG00000275066,SYNRG,-0.23253083,0.39404336,-0.07192664,-0.34939244
862_BNIP1_P1P2_ENSG00000113734,BNIP1,2.6699278,2.970615,-0.98948455,3.4992712
8630_SYPL1_P1P2_ENSG00000008282,SYPL1,-0.021405466,-0.16975619,-0.3512351,-0.1984961
8631_SYPL2_P1P2_ENSG00000143028,SYPL2,-0.33642673,-0.4681522,0.006870126,-0.34266788
8632_SYP_P1P2_ENSG00000102003,SYP,-0.50091815,-0.054656286,-0.7948396,-0.28530467
8633_SYS1_P1P2_ENSG00000204070,SYS1,-0.06956378,-0.052616145,0.010322845,1.2405376
8634_SYT5_P1P2_ENSG00000129990,SYT5,-0.5691075,-0.862023,0.73805904,-0.45971546
8635_SYTL4_P1P2_ENSG00000102362,SYTL4,-0.20082533,-0.5438277,1.7421526,0.1398243
8636_SYVN1_P1P2_ENSG00000162298,SYVN1,-0.12436275,5.2782774,0.032956067,-0.62767404
8637_SZRD1_P1P2_ENSG00000055070,SZRD1,0.78581697,-0.14389999,0.20706232,0.19039534
8638_SZT2_P1P2_ENSG00000198198,SZT2,0.43800813,0.027031409,0.089545794,0.32477695
8639_TAB1_ENST00000216160.6_ENSG00000100324,TAB1,-0.29424202,-0.6581773,0.4312562,-0.85078263
863_BNIP2_P1P2_ENSG00000140299,BNIP2,0.043979336,-0.10460931,-0.5069478,-0.08933014
8640_TAB2_P1P2_ENSG00000055208,TAB2,-1.1293691,0.2710596,0.34219408,-0.83023
8641_TAB3_P1P2_ENSG00000157625,TAB3,0.3264703,-0.38208047,-0.18706538,-0.15571529
8642_TAC3_P1P2_ENSG00000166863,TAC3,-0.40773362,-0.79755044,1.374578,0.23285952
8643_TACC1_P1P2_ENSG00000147526,TACC1,-0.47130972,-0.4114066,0.8151252,-0.17247911
8644_TACC3_P2_ENSG00000013810,TACC3,0.035690848,-0.32454285,-0.027211862,0.25050747
8645_TACC3_P1_ENSG00000013810,TACC3,-0.34881097,0.47307378,0.11127595,-0.03487166
8646_TACO1_P1P2_ENSG00000136463,TACO1,-0.06590365,-0.16307503,-0.42490694,-0.103099175
8647_TADA1_P1P2_ENSG00000152382,TADA1,0.055231214,1.0205194,-0.49222472,1.4172053
8648_TADA2A_P1P2_ENSG00000276234,TADA2A,0.06575018,-0.32769692,1.1433408,-0.76140946
8649_TADA2B_P1P2_ENSG00000173011,TADA2B,0.6120438,1.5671104,-0.44851387,2.2812235
864_BNIP3L_P1P2_ENSG00000104765,BNIP3L,-0.43915865,0.020245677,-0.080980934,-0.23632082
8650_TADA3_P1P2_ENSG00000171148,TADA3,0.7916283,2.658943,0.9821245,2.2476878
8651_TAF10_P1P2_ENSG00000166337,TAF10,0.1628245,2.1219633,-1.7374911,4.3593173
8652_TAF11_P1P2_ENSG00000064995,TAF11,-0.546672,0.09462484,0.014672497,0.49904543
8653_TAF12_P1P2_ENSG00000120656,TAF12,1.1074396,1.3484213,-1.7483147,4.574059
8654_TAF13_P1P2_ENSG00000197780,TAF13,-0.46307486,0.53111917,1.8332064,1.1280758
8655_TAF15_P1P2_ENSG00000270647,TAF15,-0.20938803,-0.41793135,0.0751862,-0.04592531
8656_TAF1A_P1P2_ENSG00000143498,TAF1A,0.02110902,-1.07337,2.9012468,-0.44920042
8657_TAF1B_P1P2_ENSG00000115750,TAF1B,-0.016186062,-0.45641604,1.6638149,-1.0979767
8658_TAF1C_P1P2_ENSG00000103168,TAF1C,-0.19366583,-0.022169845,3.677373,-0.62005734
8659_TAF1D_P2_ENSG00000166012,TAF1D,0.10039112,-0.055677842,0.34268713,0.09318565
865_BNIP3_P1P2_ENSG00000176171,BNIP3,-0.0037177247,0.48636663,0.07037645,-0.6359831
8660_TAF1D_P1_ENSG00000166012,TAF1D,0.026002932,-0.3722735,3.5076392,-0.45041886
8661_TAF1_P1P2_ENSG00000147133,TAF1,-0.688779,-0.78739494,-2.0306294,1.455297
8662_TAF2_P1P2_ENSG00000064313,TAF2,-0.7832798,-1.5447963,-2.2708452,1.9421743
8663_TAF3_P1P2_ENSG00000165632,TAF3,-0.65334785,1.1778308,-1.3919015,1.4114414
8664_TAF4B_P1P2_ENSG00000141384,TAF4B,-0.52267444,-0.4343221,-0.31600657,-0.62216413
8665_TAF5L_P1P2_ENSG00000135801,TAF5L,-0.009010398,0.04496117,-0.39141932,2.9125257
8666_TAF5_P1P2_ENSG00000148835,TAF5,-0.59204006,-0.011957699,-0.80207837,1.9843397
8667_TAF6L_P1P2_ENSG00000162227,TAF6L,0.3988431,1.5232301,-0.34872738,3.0202072
8668_TAF6_P1P2_ENSG00000106290,TAF6,-1.0366352,-0.5496736,0.085642494,0.8746661
8669_TAF7_P1P2_ENSG00000178913,TAF7,0.6889023,-1.0574898,2.32564,-0.13419423
866_BOD1L1_P2_ENSG00000038219,BOD1L1,0.72105485,-0.18024243,-0.35123476,0.57357293
8670_TAF8_P1P2_ENSG00000137413,TAF8,-1.4923369,-1.2804453,-1.6059393,0.8162489
8671_TAF9B_P1P2_ENSG00000187325,TAF9B,-0.4606726,0.0042518564,0.047325414,-0.37470466
8672_TAF9_P1P2_ENSG00000273841,TAF9,-0.081134304,-0.55040103,0.57104826,-0.31000906
8673_TAGLN2_P1P2_ENSG00000158710,TAGLN2,0.21447186,-0.36120903,-0.31766886,-0.11103663
8674_TAL1_ENST00000371884.2_ENSG00000162367,TAL1,0.65380096,-0.21741661,-1.4134052,1.3310945
"8675_TAL1_ENST00000294339.3,ENST00000371883.3_ENSG00000162367",TAL1,0.20615156,1.42061,-1.4897703,1.6592473
8676_TAL2_ENST00000334077.3_ENSG00000186051,TAL2,-0.048730623,-0.11942799,-0.10216779,-0.19405803
8677_TALDO1_P1P2_ENSG00000177156,TALDO1,-0.4587953,0.3747665,-0.21463735,-0.6177737
8678_TAMM41_P1P2_ENSG00000144559,TAMM41,4.7112494,0.53190315,-1.2714659,0.9382973
8679_TANGO2_P1P2_ENSG00000183597,TANGO2,0.27956584,-0.48944965,0.06827757,-0.22808677
867_BOD1L1_P1_ENSG00000038219,BOD1L1,-0.20675768,0.06628891,1.0655181,0.4186157
8680_TANGO6_P1P2_ENSG00000103047,TANGO6,-0.64753276,-0.087773725,-0.5170126,1.5104691
8681_TANK_P2_ENSG00000136560,TANK,0.22238058,-0.15586784,-0.2530255,-0.5845091
8682_TANK_P1_ENSG00000136560,TANK,-0.39218637,-0.32239887,-0.90105873,-0.3003905
8683_TAOK1_P1P2_ENSG00000160551,TAOK1,0.14502294,0.52648866,-0.7781242,0.33066994
8684_TAOK2_P1P2_ENSG00000149930,TAOK2,-0.072729625,-0.022323495,0.04061453,0.45926645
8685_TAOK3_P2_ENSG00000135090,TAOK3,-0.09606453,-0.8591493,0.33317226,0.20716488
8686_TAOK3_P1_ENSG00000135090,TAOK3,-0.5314507,-0.07521932,-0.7009933,-0.10262863
8687_TAP2_P1P2_ENSG00000204267,TAP2,0.34821677,0.8649613,-0.2558818,0.06095206
8688_TAPBP_P1P2_ENSG00000231925,TAPBP,0.29017672,-0.03428342,-1.1285367,0.058225486
8689_TAPT1_P1P2_ENSG00000169762,TAPT1,1.7931551,1.4608979,-1.0605555,1.8725877
868_BOD1_P1P2_ENSG00000145919,BOD1,-0.6004568,-0.68156594,-0.43797645,-0.8132135
8690_TARBP1_P1P2_ENSG00000059588,TARBP1,-0.14929944,-0.24900858,-0.24947263,-0.35472828
8691_TARBP2_P1P2_ENSG00000139546,TARBP2,0.7470891,0.9645967,-0.41582623,-0.2952132
8692_TARDBP_P1P2_ENSG00000120948,TARDBP,-0.58676064,-1.0099607,1.1145005,-1.5984697
8693_TARS2_P1P2_ENSG00000143374,TARS2,1.7659051,-0.9620912,-1.3135018,-0.41167906
8694_TARSL2_P1P2_ENSG00000185418,TARSL2,-0.83162636,-0.4500236,0.21107833,-0.59189516
8695_TARS_P1P2_ENSG00000113407,TARS,8.19818,2.5185816,-2.8182983,2.9756706
8696_TASP1_P1P2_ENSG00000089123,TASP1,-0.14499763,-0.8449384,-0.6645749,-0.42828774
8697_TATDN1_P1P2_ENSG00000147687,TATDN1,0.0034391112,-0.29922637,-0.43056646,0.50031644
8698_TATDN2_P1P2_ENSG00000157014,TATDN2,-0.36657932,-0.10961309,0.054480836,-0.16734573
8699_TATDN3_P1_ENSG00000203705,TATDN3,0.273499,0.08727602,-0.43936515,0.78554296
869_BOLA1_P1_ENSG00000178096,BOLA1,-0.6038268,-0.37085915,0.61249155,-0.62078786
86_ACO1_P1P2_ENSG00000122729,ACO1,-0.006061913,-0.08676584,-0.36378607,-0.11980105
8700_TATDN3_P2_ENSG00000203705,TATDN3,0.10168058,0.07911044,-0.6767239,0.28063178
8701_TAX1BP1_P1P2_ENSG00000106052,TAX1BP1,-0.6225596,0.048478108,-0.014850793,-0.27299976
8702_TAX1BP3_P1P2_ENSG00000213977,TAX1BP3,-0.3245055,-0.06905787,-0.3423723,0.07109883
8703_TAZ_P1P2_ENSG00000102125,TAZ,3.8665948,1.9072554,-1.7630225,2.7397504
8704_TBC1D10A_P1P2_ENSG00000099992,TBC1D10A,-0.043476406,0.21312846,-0.16414292,0.088354625
8705_TBC1D10B_P1P2_ENSG00000169221,TBC1D10B,0.2481375,-0.20486042,0.29433832,0.0027374884
8706_TBC1D12_P1P2_ENSG00000108239,TBC1D12,0.07585315,-0.21812873,-0.52667546,0.3634233
8707_TBC1D13_P1P2_ENSG00000107021,TBC1D13,-0.44896585,-0.09503975,-0.44419366,-0.1929655
8708_TBC1D14_P1P2_ENSG00000132405,TBC1D14,0.12577973,-0.1488503,0.51115334,-0.26518777
8709_TBC1D15_P1P2_ENSG00000121749,TBC1D15,0.3288255,0.42782626,-0.48865715,0.10058298
870_BOLA1_P2_ENSG00000178096,BOLA1,-0.40052745,0.041534524,0.018704696,-0.17713177
8710_TBC1D1_ENST00000261439.4_ENSG00000065882,TBC1D1,-0.123455025,0.093489915,1.527182,-0.45693251
8711_TBC1D20_P1P2_ENSG00000125875,TBC1D20,-0.37177947,0.032149915,-0.277599,0.16631943
8712_TBC1D22A_P1P2_ENSG00000054611,TBC1D22A,0.017921608,-0.2797089,0.23403488,-0.39711425
8713_TBC1D22B_P1P2_ENSG00000065491,TBC1D22B,0.07195779,-0.2568237,-0.46296296,-0.52918947
8714_TBC1D23_P1P2_ENSG00000036054,TBC1D23,-0.26213127,-0.50842524,0.04632117,-0.5004685
8715_TBC1D24_P1P2_ENSG00000162065,TBC1D24,-0.0111717,0.28202295,-0.31969163,-0.28057218
8716_TBC1D28_ENST00000405044.1_ENSG00000189375,TBC1D28,-0.26567855,-0.1355113,0.28457537,-0.35633957
8717_TBC1D28_ENST00000345096.4_ENSG00000189375,TBC1D28,-0.5615486,-0.0040024123,-0.02361729,-1.3342233
8718_TBC1D31_P1P2_ENSG00000156787,TBC1D31,-0.41600797,-1.0505545,0.59244126,-0.14214446
8719_TBC1D3_ENST00000537432.1_ENSG00000274611,TBC1D3,-0.1092857,-0.40811038,0.5935577,-0.27648804
8720_TBC1D4_P1P2_ENSG00000136111,TBC1D4,0.7095022,0.27111587,1.5939378,0.38942304
8721_TBC1D5_P1P2_ENSG00000131374,TBC1D5,-0.50225234,-0.46192196,0.5942687,0.010889274
8722_TBC1D7_P1P2_ENSG00000145979,TBC1D7,0.43389744,0.5749765,-0.86009264,0.4846839
8723_TBC1D9B_P1P2_ENSG00000197226,TBC1D9B,-0.033094708,0.7519001,-0.83905816,0.088025674
8724_TBCA_P1P2_ENSG00000171530,TBCA,-0.27839273,0.57031506,0.7119564,0.029974213
8725_TBCB_P1P2_ENSG00000105254,TBCB,-0.34555203,0.7733992,-0.69718754,0.54711723
8726_TBCCD1_P2_ENSG00000113838,TBCCD1,0.1287991,0.78730214,-0.7552272,0.28694075
8727_TBCCD1_P1_ENSG00000113838,TBCCD1,-0.99698484,-1.5948429,0.18999097,0.15486161
8728_TBCC_P1P2_ENSG00000124659,TBCC,-0.4815187,0.15864258,-0.16097167,-0.764193
8729_TBCD_P1P2_ENSG00000141556,TBCD,-0.6272563,0.48177075,-0.6858759,0.22606689
872_BOLA2_ENST00000330978.3_ENSG00000183336,BOLA2,0.5470997,0.7075097,-1.0847001,0.39969337
8730_TBCE_P1P2_ENSG00000285053,TBCE,0.36311916,1.0200267,1.0475507,0.47983485
8731_TBCK_P1P2_ENSG00000145348,TBCK,0.25351998,-0.33802387,-0.1559689,-0.11589453
8732_TBK1_P1P2_ENSG00000183735,TBK1,-0.47143364,-0.51780015,0.13507599,0.12895584
8733_TBKBP1_P1P2_ENSG00000198933,TBKBP1,0.33188987,-0.04803047,2.84635,0.07860875
8734_TBL1XR1_P1P2_ENSG00000177565,TBL1XR1,0.1772055,0.2513006,-0.48221752,-0.23780662
8735_TBL1X_P1P2_ENSG00000101849,TBL1X,-0.13747017,0.08193693,-0.24653752,-0.5760815
8736_TBL2_P2_ENSG00000106638,TBL2,-0.08626918,-0.43511727,0.5077228,-0.27139857
8737_TBL2_P1_ENSG00000106638,TBL2,-0.0469525,-0.15480599,-0.006640017,-0.1949841
8738_TBL3_P1P2_ENSG00000183751,TBL3,0.08980976,-0.12177706,1.353602,0.17030622
8739_TBPL1_P1P2_ENSG00000028839,TBPL1,-0.96701694,-0.36861765,0.5441781,-0.37540105
873_BOLA3_P1P2_ENSG00000163170,BOLA3,-0.4185129,-0.49604458,0.008984948,0.18141717
8740_TBPL2_ENST00000247219.5_ENSG00000182521,TBPL2,0.44274172,0.078355156,-0.33358157,-0.4971331
8741_TBP_P1P2_ENSG00000112592,TBP,-0.55161184,0.9397368,1.451952,-0.26312464
8742_TBR1_P1P2_ENSG00000136535,TBR1,-0.64079124,-0.6107371,-0.52849656,-0.14488852
8743_TBRG1_P1P2_ENSG00000154144,TBRG1,0.27732554,0.4457664,-0.8135222,0.33447334
8744_TBRG4_P1P2_ENSG00000136270,TBRG4,0.5616107,-0.6457651,1.7205439,0.20531452
8745_TBX10_P1P2_ENSG00000167800,TBX10,0.04050816,0.28999007,-0.0946669,0.1706603
8746_TBX15_P1P2_ENSG00000092607,TBX15,0.09425579,0.116200306,-0.06498949,-0.35659516
8747_TBX18_P2_ENSG00000112837,TBX18,-0.3482505,-0.31210476,-0.41883004,-0.60426015
8748_TBX18_P1_ENSG00000112837,TBX18,-0.42024726,-0.6055545,0.7729231,-1.1347153
8749_TBX19_ENST00000367821.3_ENSG00000143178,TBX19,-0.004148227,0.42550614,-0.29334477,-0.4118969
874_BOP1_P1_ENSG00000261236,BOP1,0.599318,-0.4085152,0.9535671,-0.10626422
8750_TBX1_P1P2_ENSG00000184058,TBX1,-0.31736764,0.8595236,-0.19668865,1.5943599
8751_TBX20_P1P2_ENSG00000164532,TBX20,-0.4092558,-0.11089243,-0.36965498,-0.027859485
8752_TBX21_P1P2_ENSG00000073861,TBX21,-0.4618895,-0.8328799,0.66566515,-0.64804375
8753_TBX22_P1P2_ENSG00000122145,TBX22,0.0805546,0.09388709,-0.040475313,0.4288475
8754_TBX2_P1P2_ENSG00000121068,TBX2,-0.6897491,-0.19867116,-0.26806307,0.910242
8755_TBX3_P1P2_ENSG00000135111,TBX3,-0.15189664,-0.15782462,-0.23397185,-0.23786862
8756_TBX4_P1_ENSG00000121075,TBX4,0.006172425,-0.51074356,-0.1529928,-0.45259878
8757_TBX4_P2_ENSG00000121075,TBX4,-0.3899906,-0.42698216,-0.53228027,-0.22776744
8758_TBX5_P2_ENSG00000089225,TBX5,0.10888305,0.21726298,0.32957736,0.84876966
875_BOP1_P2_ENSG00000261236,BOP1,0.20994851,-0.25668752,-0.07755252,-0.27137497
8760_TBX6_P1P2_ENSG00000149922,TBX6,-0.8110572,-0.28082567,0.30091533,-0.28825763
8761_TBXA2R_P1P2_ENSG00000006638,TBXA2R,-0.57835025,-0.5023407,1.0983913,-0.6881393
8762_TBXAS1_P1P2_ENSG00000059377,TBXAS1,0.09803315,-0.0679516,0.07719019,-0.43391094
8763_TCAIM_P1P2_ENSG00000179152,TCAIM,0.08114091,-0.12600365,-0.63020337,-0.03370899
8764_TCEA1_P1P2_ENSG00000187735,TCEA1,-0.18541625,-0.51526827,0.09911365,-0.64266604
8765_TCEA2_P1P2_ENSG00000171703,TCEA2,-1.2904615,0.86703736,-0.91634256,1.1499283
8766_TCEAL1_P1P2_ENSG00000172465,TCEAL1,-0.60239065,-0.27877274,-0.04788949,-0.87962425
8767_TCEAL8_P1P2_ENSG00000180964,TCEAL8,-0.655115,-0.6018668,-0.071438245,-0.2945093
8768_TCEANC2_P1P2_ENSG00000116205,TCEANC2,0.12520073,-0.6245055,-0.63213795,-0.051742394
8769_ELOB_P1P2_ENSG00000103363,ELOB,-0.40572026,-0.38213632,4.537013,-1.3324116
876_BORA_P1P2_ENSG00000136122,BORA,-0.66464067,-0.60000396,2.5808396,-0.50216794
8770_ELOB_P1P2_ENSG00000103363,ELOB,-0.8313543,1.7549596,2.6284938,-1.5540694
8771_ELOA_P1P2_ENSG00000011007,ELOA,0.4860952,-0.83838814,0.57958305,-0.70588404
8772_TCERG1_P1P2_ENSG00000113649,TCERG1,0.31233594,0.34063917,2.2053666,1.5821096
8773_TCF12_P1_ENSG00000140262,TCF12,-1.4711633,0.08449083,1.3482727,-1.1665844
8774_TCF12_P2_ENSG00000140262,TCF12,-0.39997467,0.030138955,-0.8107961,0.04712804
8775_TCF15_P1P2_ENSG00000125878,TCF15,-0.1350571,-0.68983984,-0.052775502,-0.3573005
8776_TCF19_P1_ENSG00000137310,TCF19,0.64492416,0.61131245,-0.1740821,-1.059718
8777_TCF19_P2_ENSG00000137310,TCF19,-0.13010234,-0.8508955,-0.29406896,-0.75196546
8778_TCF20_P1P2_ENSG00000100207,TCF20,0.72302854,-0.39462766,-0.24228786,-0.31269938
8779_TCF21_P1P2_ENSG00000118526,TCF21,-0.29391706,-0.34306198,-0.40615287,0.037347537
877_BPGM_P1P2_ENSG00000172331,BPGM,-0.39543286,-0.3719365,-0.4294723,-0.06563861
8780_TCF23_P1P2_ENSG00000163792,TCF23,-0.20708017,-0.9897718,-0.17223792,-0.24223405
8781_TCF24_P1P2_ENSG00000261787,TCF24,0.8583857,0.15128689,-0.03788271,0.5514325
8782_TCF25_P1P2_ENSG00000141002,TCF25,-0.5059939,0.33398584,0.713479,-0.34860653
8783_TCF3_P1P2_ENSG00000071564,TCF3,-0.17032662,0.21884531,-1.6899004,1.2156633
8784_TCF4_P1P2_ENSG00000196628,TCF4,-0.64756036,0.16096126,-0.73909706,-0.40107802
8785_TCF7L1_P1P2_ENSG00000152284,TCF7L1,-0.31482077,0.19816421,0.44476286,-0.57116634
8786_TCF7L2_P1P2_ENSG00000148737,TCF7L2,-0.3230157,-0.2877402,-0.36259082,0.33778936
8787_TCF7_P1P2_ENSG00000081059,TCF7,0.41012782,-0.028188473,0.80159557,-0.24099015
8788_TCFL5_P1P2_ENSG00000101190,TCFL5,0.54369885,-1.5451639,0.57187194,0.8371212
8789_TCHP_P1P2_ENSG00000139437,TCHP,0.08437676,-0.4567773,0.47228834,0.06454242
878_BPHL_P1P2_ENSG00000137274,BPHL,-1.8061081,-0.12816288,0.06838098,-0.9333917
8790_TCIRG1_P1P2_ENSG00000110719,TCIRG1,-0.22042234,-0.53353554,-0.31269988,-0.75863916
8791_TCOF1_P1P2_ENSG00000070814,TCOF1,-0.32090348,-0.27248833,1.9819564,0.22292122
8792_TCP11L1_P1P2_ENSG00000176148,TCP11L1,0.1454022,0.5649774,-0.22103284,-0.49847528
8793_TCP1_P1P2_ENSG00000120438,TCP1,-0.5129281,0.7545814,-1.0927099,1.3849401
8794_TCTA_P1P2_ENSG00000145022,TCTA,0.3526669,0.19449997,-0.5208463,0.080210336
8795_TCTEX1D2_P1P2_ENSG00000213123,TCTEX1D2,-0.86372113,-0.8617138,-0.2632236,-0.04644101
8796_TCTN1_P1P2_ENSG00000204852,TCTN1,-0.100237615,0.73750764,-0.6288787,0.63239074
8797_TCTN3_P1P2_ENSG00000119977,TCTN3,0.22417574,-0.13852806,-0.064398296,-0.36178195
8798_TDGF1_P1P2_ENSG00000241186,TDGF1,-0.36509073,-0.4336502,-0.16286197,-0.56769925
8799_TDG_P1P2_ENSG00000139372,TDG,-0.25253478,-0.6904382,-0.28788334,-0.48494935
879_BPNT1_P1P2_ENSG00000162813,BPNT1,0.17102998,-0.08892449,0.24781673,-0.40353394
87_ACO2_P1P2_ENSG00000100412,ACO2,-0.05623226,-0.2666596,-0.5780596,-0.30679336
8800_TDP1_P1P2_ENSG00000042088,TDP1,-0.03204314,-0.12013066,-0.42215553,0.13344221
8801_TDP2_P1P2_ENSG00000111802,TDP2,-0.015402962,0.12175848,-0.46827808,-0.015390424
8802_TDRD3_P1P2_ENSG00000083544,TDRD3,0.8884609,-0.92982167,-1.1245269,0.4064238
8803_TDRKH_P1P2_ENSG00000182134,TDRKH,-0.64064324,0.18265395,-0.102802314,-0.38532922
8804_TEAD1_P1P2_ENSG00000187079,TEAD1,0.39765322,-0.25434327,-0.8010145,0.5750252
8805_TEAD2_P1P2_ENSG00000074219,TEAD2,-0.13039248,0.065408394,-0.7898186,-0.35413718
8806_TEAD3_P1P2_ENSG00000007866,TEAD3,0.037704002,0.1797246,-0.1694304,-0.2731215
8807_TEAD4_P1P2_ENSG00000197905,TEAD4,-0.19517283,-0.38969073,-0.80552787,-0.03137739
8808_TECPR1_P1P2_ENSG00000205356,TECPR1,-0.20079541,-0.13492861,0.096492216,-0.17692083
8809_TECR_P1P2_ENSG00000099797,TECR,0.086656846,-1.2496549,0.01043004,0.33127326
880_BPTF_P1P2_ENSG00000171634,BPTF,0.042420477,0.5612065,1.1778381,0.032997064
8810_TEC_P1P2_ENSG00000135605,TEC,-0.27269313,0.18008246,-0.13675353,-0.15262704
8811_TEFM_P1P2_ENSG00000172171,TEFM,2.2390254,0.52536523,0.091397844,0.9107527
8812_TEF_P2_ENSG00000167074,TEF,0.1298809,-0.21228215,-0.2927964,0.10264714
8813_TEF_P1_ENSG00000167074,TEF,-0.11672976,-0.56245285,-0.340021,-0.73516136
8814_TEKT2_P1P2_ENSG00000092850,TEKT2,-0.22537518,-0.30857912,-0.06681026,-0.4701873
8815_TEKT4_P1P2_ENSG00000163060,TEKT4,-0.2616839,-0.44872668,-0.2887223,-0.23581715
8816_TELO2_P1P2_ENSG00000100726,TELO2,-1.0050775,0.6679348,8.881294,0.47641915
8817_TEN1_P1P2_ENSG00000257949,TEN1,0.5779682,0.21320403,-0.75146466,0.7215868
8818_TERF1_P1P2_ENSG00000147601,TERF1,0.2671259,-0.70615315,-0.5364417,-0.6163089
8819_TERF2IP_P1P2_ENSG00000166848,TERF2IP,1.7224116,0.87286085,-0.7847427,1.2416705
881_BRAF_P1P2_ENSG00000157764,BRAF,0.12900662,-0.49429318,0.21324645,-0.7606112
8820_TERF2_P1P2_ENSG00000132604,TERF2,-1.4742523,0.09689694,-0.73336643,2.546868
8821_TESC_P1P2_ENSG00000088992,TESC,-0.17831962,-0.35323903,-0.075858876,-0.7934283
8822_TES_P1P2_ENSG00000135269,TES,-0.059222955,-0.63651156,-0.26014858,-0.15510309
8823_TET1_P1P2_ENSG00000138336,TET1,0.691665,0.6248664,-0.72070384,0.46238652
8824_TET2_P1P2_ENSG00000168769,TET2,-0.36847812,-0.90220803,-0.6874453,-0.5605199
8825_TET3_ENST00000409262.3_ENSG00000187605,TET3,-0.081357665,-0.35326084,-0.7122355,-0.20171846
8826_TEX10_P1P2_ENSG00000136891,TEX10,-0.95451343,-1.8430653,0.53111994,-0.26873344
8827_TEX15_ENST00000256246.2_ENSG00000133863,TEX15,-0.69004834,-0.07543305,0.08749742,-0.36058584
8828_TEX261_P1P2_ENSG00000144043,TEX261,-0.59803396,-0.522796,-0.019195896,-0.14135486
8829_TEX264_P1P2_ENSG00000164081,TEX264,0.005333768,-0.47445837,-0.09321364,-0.21176022
882_BRAP_P1P2_ENSG00000089234,BRAP,-0.5192521,-0.15699714,-0.6553877,-0.08254508
8830_TEX2_P1P2_ENSG00000136478,TEX2,-0.1368462,-0.14072362,-0.28496072,-0.49078622
8831_TEX30_P1P2_ENSG00000151287,TEX30,-0.29058495,-0.5020774,0.33709925,-0.4848512
8832_TFAM_P1P2_ENSG00000108064,TFAM,1.277522,0.54895175,0.6389192,0.9137208
8833_TFAP2A_P1_ENSG00000137203,TFAP2A,0.100694336,-0.3899891,-1.6244305,-1.4517016
8834_TFAP2A_P2_ENSG00000137203,TFAP2A,-0.41398552,-0.1490626,-0.6312825,0.10740769
8835_TFAP2B_P1P2_ENSG00000008196,TFAP2B,-0.56758654,-0.23194113,-0.11177266,-0.049104754
8836_TFAP2C_P1P2_ENSG00000087510,TFAP2C,0.042442586,-0.32422847,-0.35343766,-0.40348035
8837_TFAP2D_P1P2_ENSG00000008197,TFAP2D,0.83644336,0.4957391,-0.6627166,1.1356326
8838_TFAP2E_P1P2_ENSG00000116819,TFAP2E,0.12512623,0.10945311,-0.9261836,0.9745479
8839_TFAP4_P1P2_ENSG00000090447,TFAP4,-0.68263555,-0.99528575,-1.5968853,0.3670388
883_BRAT1_P1P2_ENSG00000106009,BRAT1,-0.012618878,0.100395836,0.0943541,0.016340472
8840_TFB1M_P1P2_ENSG00000029639,TFB1M,1.165954,0.10729236,-1.0474446,-0.009008819
8841_TFB2M_P1P2_ENSG00000162851,TFB2M,-0.22429314,-0.47070503,-0.011577014,-0.15011369
8843_TFCP2_P1P2_ENSG00000135457,TFCP2,-0.5733613,-0.5338824,0.23660463,-0.3653306
8844_TFDP1_P1P2_ENSG00000198176,TFDP1,-0.4365185,-0.729245,1.6614343,-2.5849936
8845_TFDP2_P1_ENSG00000114126,TFDP2,0.048160248,-0.6746038,0.49483374,-0.50824845
8846_TFDP2_P2_ENSG00000114126,TFDP2,-0.6874285,-0.47557023,0.0026850123,-0.04428344
8847_TFDP3_P1P2_ENSG00000183434,TFDP3,-1.0225279,-0.70659584,0.15598373,-0.6379677
8848_TFE3_P1P2_ENSG00000068323,TFE3,0.10699865,0.2014532,-0.118836455,-0.0499362
8849_TFEB_P1_ENSG00000112561,TFEB,-0.11836069,-0.21439281,-0.21093796,0.11977808
884_BRCA1_P1P2_ENSG00000012048,BRCA1,-0.2770122,-0.043833114,1.7949656,-0.46950707
8850_TFEB_P2_ENSG00000112561,TFEB,-0.23925848,-0.9327647,-0.12552772,0.3199358
8851_TFEC_P1P2_ENSG00000105967,TFEC,-0.25496587,-0.6546617,-0.52062935,0.17986707
8852_TFG_P1P2_ENSG00000114354,TFG,0.1303038,-0.79809874,0.037104957,-0.5167805
8853_TFIP11_P1P2_ENSG00000100109,TFIP11,-0.26135534,0.10108221,-0.99768686,0.48935008
8854_TFPI_P1P2_ENSG00000003436,TFPI,0.7979945,2.009798,-0.727448,-0.24305665
8855_TFPT_P1P2_ENSG00000105619,TFPT,0.0813663,0.19098333,-0.2380129,0.3303007
8857_TFRC_P1P2_ENSG00000072274,TFRC,1.014012,0.013156232,0.4374199,0.64220774
8858_TGDS_P1P2_ENSG00000088451,TGDS,-0.20129472,0.77981687,0.4520199,-0.31538963
8859_TGFB1_P1P2_ENSG00000105329,TGFB1,-0.37656066,-0.28884816,-0.02471845,-0.62041694
885_BRCA2_P1P2_ENSG00000139618,BRCA2,0.2631463,0.23467529,0.7184008,0.22797267
8860_TGFBR1_P1P2_ENSG00000106799,TGFBR1,-0.113746695,-1.8253521,0.46507144,2.0349061
8861_TGFBR3_P1P2_ENSG00000069702,TGFBR3,-0.33968756,-0.6032031,-0.29781753,-0.55907685
8862_TGFBRAP1_P1P2_ENSG00000135966,TGFBRAP1,-0.91587675,0.33848476,-0.25098288,-0.54521793
8863_TGIF1_P1P2_ENSG00000177426,TGIF1,-0.27919096,-0.033879697,0.28858587,0.028526096
8864_TGIF2LX_P1P2_ENSG00000153779,TGIF2LX,-0.5256274,-0.31471285,-0.11775153,-0.5723955
"8865_TGIF2LY_ENST00000321217.4,ENST00000559055.2_ENSG00000176679",TGIF2LY,-0.40250984,0.27342123,-0.3923253,-0.51762676
8866_TGIF2_P1P2_ENSG00000118707,TGIF2,-0.4687432,-0.6348309,-0.2674286,-0.09936496
8867_TGM2_P1P2_ENSG00000198959,TGM2,0.34245598,0.5330927,-1.3192927,-0.09345242
8868_TGOLN2_P1P2_ENSG00000152291,TGOLN2,-0.10546446,-0.55834377,-0.57892704,0.14527601
8869_TGS1_P1P2_ENSG00000137574,TGS1,-0.78364265,-0.6421992,-0.33830652,-0.41239867
886_BRCC3_P1P2_ENSG00000185515,BRCC3,-0.29572204,-0.3004681,0.46453622,-0.44655874
8870_THADA_P1P2_ENSG00000115970,THADA,0.8824959,0.47301304,-1.0378938,0.32505217
8871_THAP10_P1P2_ENSG00000129028,THAP10,0.031315178,-0.29876295,0.3590345,-0.42502856
8872_THAP11_P1P2_ENSG00000168286,THAP11,-1.1613041,0.34483606,0.25084502,-1.0930815
8873_THAP1_P1P2_ENSG00000131931,THAP1,-0.70568585,-0.62434244,1.3430507,0.35961628
8874_THAP2_P1_ENSG00000173451,THAP2,-0.30475363,-0.14105666,0.6166685,-1.0900759
8875_THAP2_P2_ENSG00000173451,THAP2,0.27609366,-0.8504948,-0.10269628,-0.29920974
8876_THAP3_P1P2_ENSG00000041988,THAP3,-0.6916176,-0.5015567,-0.5328122,-0.12860668
8877_THAP4_P1P2_ENSG00000176946,THAP4,-0.89439064,-0.3140173,1.0385966,-1.7441965
8878_THAP5_P1P2_ENSG00000177683,THAP5,0.37527716,-0.009262471,0.4946333,-0.19101872
8879_THAP6_P1P2_ENSG00000174796,THAP6,-0.6016533,-0.8039299,0.91486746,-0.13560966
887_BRD1_P1P2_ENSG00000100425,BRD1,0.014632938,0.1318308,0.36057386,-0.5966053
8880_THAP7_P1P2_ENSG00000184436,THAP7,-0.39056727,-0.2187866,-0.45143205,-0.2372506
8881_THAP8_P1P2_ENSG00000161277,THAP8,0.2958201,0.7546393,-0.6022524,-0.27638754
8882_THAP9_P1P2_ENSG00000168152,THAP9,-0.6662075,-0.4125215,0.07070002,-0.4785458
8883_THEM4_P1P2_ENSG00000159445,THEM4,0.0050795944,-0.59077495,-0.028499102,-0.14367843
8884_THEM6_P1P2_ENSG00000130193,THEM6,0.019655306,-0.7621907,-0.11263363,-0.6212524
8885_THEMIS2_P1P2_ENSG00000130775,THEMIS2,0.22759154,0.04903744,1.2579347,0.4358886
8886_THG1L_P1P2_ENSG00000113272,THG1L,7.980581,-0.15284185,-2.4131062,2.1078856
8887_THOC1_P1P2_ENSG00000079134,THOC1,-0.17871696,-0.20967259,1.4421555,-0.5937087
8888_THOC2_P1P2_ENSG00000125676,THOC2,0.49987075,-0.34944046,1.9712679,-0.50187796
8889_THOC3_P1P2_ENSG00000051596,THOC3,0.022001907,-0.25407645,2.3980036,-0.8183919
888_BRD2_P1_ENSG00000204256,BRD2,0.096023135,-1.0244312,-2.3450975,-0.81208295
8891_THOC6_P1P2_ENSG00000131652,THOC6,-0.4444678,-0.27908444,-0.36630255,-0.15938504
8892_THOC7_P1P2_ENSG00000163634,THOC7,0.014919598,0.70425785,0.39090177,0.08031656
8893_THOP1_P1P2_ENSG00000172009,THOP1,-0.07911861,0.21087675,0.18395351,-0.18217953
8894_THRAP3_P1P2_ENSG00000054118,THRAP3,-0.45892474,-0.67712945,1.4293511,-0.43164244
8895_THRA_P1P2_ENSG00000126351,THRA,0.27021676,-0.18702593,-0.40305156,0.17377445
8896_THRB_P1P2_ENSG00000151090,THRB,-0.31208086,-0.5419791,-0.6084906,-0.38136983
8898_THUMPD1_P1P2_ENSG00000066654,THUMPD1,-0.04113407,-0.4912061,2.9329088,-0.08015231
8899_THUMPD2_P1P2_ENSG00000138050,THUMPD2,-0.33493394,-0.12936117,-0.11271513,-0.42973053
889_BRD2_P2_ENSG00000204256,BRD2,-0.33675277,-1.1816885,-1.4738641,0.21499145
88_ACOT12_P1P2_ENSG00000172497,ACOT12,-0.52353907,-0.5234191,-0.056754477,-0.6448046
8900_THUMPD3_P1P2_ENSG00000134077,THUMPD3,-0.24185644,-0.5626038,-0.5288627,-0.3945595
8901_THYN1_P1P2_ENSG00000151500,THYN1,-0.16821605,-0.7967524,0.114456065,-0.3331378
8902_TIA1_P1P2_ENSG00000116001,TIA1,-1.0191197,1.151778,0.30975994,-0.55570155
8904_TICRR_P1P2_ENSG00000140534,TICRR,0.17852715,-0.71069884,3.496127,-0.7377426
8905_TIFA_P1P2_ENSG00000145365,TIFA,7.5069857,3.4284248,-1.3723828,2.2063305
8906_TIGD1_P1P2_ENSG00000221944,TIGD1,0.15403083,-0.054580595,-0.83508825,-0.3191126
8907_TIGD2_P1P2_ENSG00000180346,TIGD2,0.44829494,-0.35364917,-0.8188717,-0.5478626
8908_TIGD3_P1P2_ENSG00000173825,TIGD3,0.21066952,-0.7225116,-0.4149703,-0.6194654
8909_TIGD4_P1P2_ENSG00000169989,TIGD4,-0.58258,-0.4932588,-0.44380212,-0.3273814
890_BRD3_P1P2_ENSG00000169925,BRD3,-0.7873185,0.29213625,-1.1317337,0.09062147
8910_TIGD5_P1P2_ENSG00000179886,TIGD5,0.72635126,-0.70110786,-0.87933946,1.9748923
8911_TIGD6_P1P2_ENSG00000164296,TIGD6,-0.07592448,0.1885816,0.12388744,-0.60992825
8912_TIGD7_P1P2_ENSG00000140993,TIGD7,0.71691215,0.34463117,-1.4311128,0.9372592
8913_TIMELESS_P1P2_ENSG00000111602,TIMELESS,-1.3274438,-1.1332318,3.533008,-0.5097664
8914_TIMM10B_P1P2_ENSG00000132286,TIMM10B,-0.2130605,-0.04721497,-0.3193562,0.19771351
8915_TIMM10_P1P2_ENSG00000134809,TIMM10,-0.16626768,-0.5829261,-0.3471392,-0.20072287
8916_TIMM13_P1P2_ENSG00000099800,TIMM13,3.681474,2.5886996,-1.8071231,2.2352564
8917_TIMM17A_P1P2_ENSG00000134375,TIMM17A,1.6042614,1.2150704,-0.7241955,1.4897853
8918_TIMM17B_P1P2_ENSG00000126768,TIMM17B,0.31204405,0.31745726,0.6771291,-0.0605908
8919_TIMM21_P1P2_ENSG00000075336,TIMM21,-0.3608286,-0.5285603,-0.18365069,-0.30923927
"891_BRD4_ENST00000263377.2,ENST00000371835.4_ENSG00000141867",BRD4,-0.37429813,-0.51670754,0.73698527,0.189364
8920_TIMM22_P1P2_ENSG00000177370,TIMM22,0.53007424,-0.8915809,0.5528409,0.40518424
8921_TIMM23B_P1P2_ENSG00000204152,TIMM23B,16.202047,5.516174,-3.8297732,7.5470634
8923_TIMM44_P1P2_ENSG00000104980,TIMM44,11.922266,6.509115,-3.0901926,7.2920437
8924_TIMM50_P1P2_ENSG00000105197,TIMM50,0.43649998,-1.0810089,1.2681354,-0.17239292
8925_TIMM8A_P1P2_ENSG00000126953,TIMM8A,-0.5028848,-0.22641909,-0.035239883,-0.1438828
8926_TIMM8B_P1P2_ENSG00000150779,TIMM8B,-0.39256743,-0.2556736,0.05167229,-0.18669629
8927_TIMM9_P1P2_ENSG00000100575,TIMM9,0.8091654,-0.02865519,0.43204358,0.2564921
8928_TIMMDC1_P1P2_ENSG00000113845,TIMMDC1,0.30687702,-0.9492255,-0.5085253,-0.95967287
8929_TIMP1_P1_ENSG00000102265,TIMP1,0.014178821,0.8381164,0.21087131,-0.29734272
892_BRD7_P1P2_ENSG00000166164,BRD7,-0.5670244,-0.46904925,-0.5922167,-0.2592878
8930_TIMP1_P2_ENSG00000102265,TIMP1,-0.48026276,0.64125645,0.26416,-0.2422088
8931_TINF2_P1P2_ENSG00000092330,TINF2,-0.23143789,0.17135541,1.2046659,-0.4831063
8932_TIPARP_P1P2_ENSG00000163659,TIPARP,-0.2312407,0.1466318,-2.1396804,2.1232831
8933_TIPIN_P1P2_ENSG00000075131,TIPIN,-0.23837948,-0.58655226,3.1430473,-0.3900621
8934_TIPRL_P1P2_ENSG00000143155,TIPRL,0.2265567,0.927371,-2.01505,0.22322705
8935_TJAP1_P1_ENSG00000137221,TJAP1,0.45647982,-0.409402,-0.43308368,-0.24659424
8936_TJAP1_P2_ENSG00000137221,TJAP1,-0.23946844,-0.62752223,-0.12659612,-0.02485438
8937_TJP1_P1P2_ENSG00000104067,TJP1,-0.42315036,-0.2529314,-0.27385187,-0.22546138
8938_TJP2_P2_ENSG00000119139,TJP2,0.18582022,-0.9636801,-0.19865343,-0.7043092
8939_TJP2_P1_ENSG00000119139,TJP2,-0.1273598,-0.754602,0.24378313,0.12866256
893_BRD8_P1P2_ENSG00000112983,BRD8,-0.008871584,-1.3791561,9.244255,-0.5560478
8940_TK1_P1P2_ENSG00000167900,TK1,-0.78809255,0.019371282,2.656296,0.41652355
8941_TKT_P2_ENSG00000163931,TKT,0.010920865,-0.032293856,-0.8004456,-0.296385
8942_TKT_P1_ENSG00000163931,TKT,-0.18965751,-0.9573835,-0.357365,-0.44700098
8943_TLCD1_P1P2_ENSG00000160606,TLCD1,0.34372965,-0.45133847,-0.22545388,0.14021648
8944_TLE3_P1P2_ENSG00000140332,TLE3,-0.51390576,-0.09227062,0.9034894,-0.6747777
8945_TLE4_P1P2_ENSG00000106829,TLE4,0.11622873,-0.034254238,-0.49695522,-0.719133
8946_TLK1_P1P2_ENSG00000198586,TLK1,0.3716211,-0.4383488,-0.23187031,0.3658591
8947_TLK2_P1P2_ENSG00000146872,TLK2,-0.4054615,0.516667,1.3365766,0.30759698
8948_TLN1_P1P2_ENSG00000137076,TLN1,0.070471324,0.09232564,-0.14583623,-0.55173606
8949_TLX1_P1P2_ENSG00000107807,TLX1,-0.3023743,-0.28527853,0.14887172,-0.35909918
894_BRD9_P1P2_ENSG00000028310,BRD9,-0.07305767,-0.9007506,-0.8235665,-0.07367485
8950_TLX2_P1P2_ENSG00000115297,TLX2,-0.43795842,-0.20486252,-0.8778798,-0.67110133
8951_TLX3_P1P2_ENSG00000164438,TLX3,0.11066732,-0.10019179,-0.30133975,-0.4858395
8952_TM2D1_P1P2_ENSG00000162604,TM2D1,-0.033652365,-0.33791408,0.19493997,-0.1256545
8953_TM2D2_P1P2_ENSG00000169490,TM2D2,0.2921644,-0.11630195,-0.7096628,-0.51839876
8954_TM2D3_P1P2_ENSG00000184277,TM2D3,-0.8175337,-0.18488307,-0.09923589,-1.2876596
8955_TM4SF19_P1P2_ENSG00000145107,TM4SF19,-0.8879749,-0.0702543,-0.22067666,-0.32527855
8956_TM7SF2_P1P2_ENSG00000149809,TM7SF2,0.07742896,-0.4229361,0.18666305,0.16494106
8957_TM7SF3_P1P2_ENSG00000064115,TM7SF3,-0.05089324,0.55762523,0.3061048,0.39910266
8958_TM9SF1_P2_ENSG00000100926,TM9SF1,-0.2369851,-0.17502888,-0.27084437,-0.35466853
8959_TM9SF1_P1_ENSG00000100926,TM9SF1,0.41622245,1.4876229,-0.5392809,0.8790889
895_BABAM2_P1P2_ENSG00000158019,BABAM2,0.042448338,-0.35260183,0.13190503,0.2616794
8960_TM9SF2_P1P2_ENSG00000125304,TM9SF2,-0.27774873,-0.27270636,-0.504619,0.4035083
8961_TM9SF3_P1P2_ENSG00000077147,TM9SF3,0.39924273,-0.33605915,0.2881352,0.3071428
8962_TM9SF4_P1P2_ENSG00000101337,TM9SF4,0.6690442,0.54338753,1.0567044,0.29885375
8963_TMA16_P1P2_ENSG00000198498,TMA16,0.39436403,-1.2136377,0.4448041,-0.106633134
8964_TMA7_P1P2_ENSG00000232112,TMA7,-0.30000666,0.52920294,-0.39058244,0.13520408
8965_TMBIM1_P1P2_ENSG00000135926,TMBIM1,0.25079462,-0.91154814,0.5772104,-0.41091585
8966_TMBIM4_P1P2_ENSG00000155957,TMBIM4,-0.5093173,-0.007630065,-0.4389554,-0.15707946
8967_TMBIM6_P1P2_ENSG00000139644,TMBIM6,0.07786984,-0.17575611,-0.11193582,0.118339755
8968_TMC6_P1P2_ENSG00000141524,TMC6,0.077806704,-0.23722675,-0.21747164,-0.1830575
8969_TMCO1_P1P2_ENSG00000143183,TMCO1,-0.27572423,-0.10279773,0.24133629,-0.7890922
896_BRF1_P1P2_ENSG00000185024,BRF1,0.19319412,-0.47073206,-0.4435286,-0.866426
8970_TMCO3_P1P2_ENSG00000150403,TMCO3,-0.51943856,-0.11538004,-0.007381549,0.27415198
8971_TMCO6_P1P2_ENSG00000113119,TMCO6,-0.6583811,0.14609765,-0.08428686,-0.374511
8972_TMED10_P1P2_ENSG00000170348,TMED10,-0.09824586,4.150756,-0.0008274072,0.033283833
8973_TMED1_P1P2_ENSG00000099203,TMED1,-0.07747758,0.86022496,-0.30861568,0.0098637
8974_TMED2_P1P2_ENSG00000086598,TMED2,0.14432432,3.2277713,0.61546516,0.10932783
8975_TMED3_P1P2_ENSG00000166557,TMED3,-0.1254835,0.2408723,-0.44654995,-0.44575185
8976_TMED4_P1P2_ENSG00000158604,TMED4,-0.34646532,-0.19413944,-1.103064,0.111263536
8977_TMED5_P1P2_ENSG00000117500,TMED5,-0.08991452,-0.8734839,-0.38353422,-0.53859687
8978_TMED7_P1P2_ENSG00000134970,TMED7,0.0837365,0.35240486,-0.69645363,0.5515864
8979_TMED8_P1P2_ENSG00000100580,TMED8,0.50259006,-0.8500345,-0.093854696,-0.006431946
897_BRF2_P1P2_ENSG00000104221,BRF2,-0.3411271,0.06918331,-0.468278,-0.23889825
8980_TMED9_P1P2_ENSG00000184840,TMED9,0.26422557,0.7004556,1.0457333,-0.7960658
8981_TMEM101_P1P2_ENSG00000091947,TMEM101,-0.1225927,-0.5607114,-0.16176578,0.29965273
8982_TMEM106B_P1P2_ENSG00000106460,TMEM106B,-0.10709519,-0.18416812,0.043519393,-0.08077072
8983_TMEM106C_P1P2_ENSG00000134291,TMEM106C,0.14877647,0.44888067,0.189128,-0.042378314
8984_TMEM107_P1P2_ENSG00000179029,TMEM107,0.17619236,-1.2314731,0.06411353,-0.7971875
8985_TMEM109_P1P2_ENSG00000110108,TMEM109,-0.21270813,0.11376745,-0.14641143,-0.6104016
8986_TMEM115_P1P2_ENSG00000126062,TMEM115,2.151819,-0.32737792,-0.73841286,0.32262334
8987_TMEM116_P1P2_ENSG00000198270,TMEM116,0.26129308,-0.4975208,-0.43706533,-0.26032612
8988_TMEM11_P1P2_ENSG00000178307,TMEM11,0.22963749,0.52418005,-1.3646121,0.9631315
8989_TMEM120A_P1P2_ENSG00000189077,TMEM120A,0.270194,-0.240592,0.15998292,-0.27119982
898_BRI3BP_P1P2_ENSG00000184992,BRI3BP,-0.061614335,-0.48822784,-0.06455554,-0.26136932
8990_TMEM120B_P1P2_ENSG00000188735,TMEM120B,0.22757642,-0.023186922,-0.30164728,0.07703161
8991_TMEM123_P1P2_ENSG00000152558,TMEM123,-0.8828747,0.4233173,0.59301984,-1.1238828
8992_TMEM126A_P1P2_ENSG00000171202,TMEM126A,-0.33298394,-0.21472633,-0.32269222,-0.2143389
8993_TMEM126B_P1P2_ENSG00000171204,TMEM126B,-0.49561605,-2.033036,0.06770369,-0.9618949
8994_TMEM127_P1P2_ENSG00000135956,TMEM127,-0.37798747,-0.35532117,-0.31335166,0.005817773
8995_TMEM128_P1P2_ENSG00000132406,TMEM128,-0.35584792,0.17704195,0.34625772,-0.24133614
8996_TMEM129_P1P2_ENSG00000168936,TMEM129,0.26182145,1.3404555,2.2890797,1.1665217
8997_TMEM131_P1P2_ENSG00000075568,TMEM131,-0.008810253,1.869936,-0.12707902,0.025230173
8998_TMEM134_P1P2_ENSG00000172663,TMEM134,-0.45647553,-0.2220173,-0.18333997,-0.89054966
8999_TMEM135_P1P2_ENSG00000166575,TMEM135,-0.460476,0.5254835,0.41994363,-0.2430766
899_BRI3_P1P2_ENSG00000164713,BRI3,0.17025745,-0.8070477,0.9332668,0.58603394
89_ACOT13_P1P2_ENSG00000112304,ACOT13,0.13240765,-0.8339465,-0.7261104,0.349153
8_AAMP_P1P2_ENSG00000127837,AAMP,-0.13257188,0.31072208,0.1927046,-0.6040837
9000_TLCD5_P1P2_ENSG00000181264,TLCD5,0.10558849,-0.47451872,-0.34416026,-0.076766655
9001_TMEM138_P1P2_ENSG00000149483,TMEM138,-0.13735789,0.39342546,-0.37299976,-0.22730781
9002_TMEM141_P1P2_ENSG00000244187,TMEM141,-0.3588929,-0.26735923,-0.1483283,-0.052993886
9003_TMEM147_P1P2_ENSG00000105677,TMEM147,0.32037887,0.10117095,0.12505308,-0.08788868
9004_TMEM14A_P1P2_ENSG00000096092,TMEM14A,-0.09258869,-0.27224106,-0.89656764,-0.70731825
9005_TMEM14B_P1P2_ENSG00000137210,TMEM14B,-0.6130797,-0.2895476,-0.3406222,-0.24435134
9006_TMEM14C_P1P2_ENSG00000111843,TMEM14C,-0.25677037,-0.29214704,0.1509912,-0.5460034
9007_TMEM150A_P1P2_ENSG00000168890,TMEM150A,-0.5883763,0.13709068,0.34961227,-0.701622
9008_TMEM158_P1P2_ENSG00000249992,TMEM158,-0.86694825,1.464491,-0.6716175,-0.2849782
9009_TMEM159_P1P2_ENSG00000011638,TMEM159,-0.31893203,-0.39050946,-0.80538744,0.36302075
900_BRIP1_P1P2_ENSG00000136492,BRIP1,0.26616666,0.6524404,-0.23606345,0.014155445
9010_TMEM160_P1P2_ENSG00000130748,TMEM160,0.4134351,-0.2724141,-0.28211257,0.043990895
9011_TMEM161A_P1P2_ENSG00000064545,TMEM161A,-0.121717915,-0.11768369,0.6466908,0.37094378
9012_TMEM161B_P1P2_ENSG00000164180,TMEM161B,-0.17437494,0.27545983,1.163634,0.48772997
9013_TMEM164_P1P2_ENSG00000157600,TMEM164,0.29256693,-0.29139003,-0.093196146,-0.7149813
9014_TMEM165_P1P2_ENSG00000134851,TMEM165,-0.26708692,0.1434088,-0.29228145,0.02585075
9015_TMEM167A_P1P2_ENSG00000174695,TMEM167A,-0.012664358,2.5214825,-0.25829324,0.4988473
9016_TMEM167B_P1P2_ENSG00000215717,TMEM167B,-0.10303823,-0.43056569,0.15471923,0.16811055
9017_TMEM168_P1P2_ENSG00000146802,TMEM168,0.1029364,-0.20737849,-0.24360417,-0.020159477
9018_TMEM170A_P1P2_ENSG00000166822,TMEM170A,-0.36924902,-0.36602747,-0.081300184,-0.42287862
9019_TMEM173_P1P2_ENSG00000184584,TMEM173,0.0071125426,-0.12691048,-0.0055284365,-0.57473737
901_BRIX1_P1P2_ENSG00000113460,BRIX1,0.058308333,-0.2609051,1.2336279,1.3837823
9020_TMEM175_P1P2_ENSG00000127419,TMEM175,-0.20463522,-0.27054682,-0.30912784,-0.36554116
9021_TMEM177_P1P2_ENSG00000144120,TMEM177,-0.196935,-0.1451609,-0.033519104,-0.09334987
9022_TMEM179B_P1P2_ENSG00000185475,TMEM179B,-0.67127377,1.0280215,-0.35302064,0.736974
9023_TMEM181_P1P2_ENSG00000146433,TMEM181,0.51985466,0.77111995,0.0590042,0.1571427
9024_TMEM183A_P1P2_ENSG00000163444,TMEM183A,-1.2497717,-0.2309047,-0.10544173,-0.2410298
9025_TMEM184B_P1P2_ENSG00000198792,TMEM184B,-0.5613273,-0.3107119,-0.068180874,-0.3767324
9026_TMEM184C_P1P2_ENSG00000164168,TMEM184C,-0.38300142,-0.28734452,-0.1627245,0.08366903
9027_TMEM185B_P1P2_ENSG00000226479,TMEM185B,0.03908323,-0.25229776,1.0178447,0.072659
9028_TMEM186_P1P2_ENSG00000184857,TMEM186,-0.62278545,0.2432295,0.05556868,0.718485
9029_TMEM189_P1P2_ENSG00000240849,TMEM189,0.35793877,0.008844457,-0.32747293,0.2415522
902_BRK1_P1P2_ENSG00000254999,BRK1,-0.3469295,-0.006452164,-0.09988187,-0.16368541
9030_TMEM18_P1P2_ENSG00000151353,TMEM18,0.041678153,-0.60665894,0.27305824,0.15576778
9031_TMEM192_P1P2_ENSG00000170088,TMEM192,0.1318713,-0.55966425,-0.42168862,-0.22712259
9032_TMEM198_P1P2_ENSG00000188760,TMEM198,0.10753006,0.2834375,-0.35634646,-0.4542743
9033_TMEM199_P1P2_ENSG00000244045,TMEM199,0.1295709,0.059145886,0.16587412,-0.49461725
9034_TMEM19_P1P2_ENSG00000139291,TMEM19,-0.18430665,-0.30606058,0.06366421,-0.21208498
9035_TMEM201_P1P2_ENSG00000188807,TMEM201,-0.57278216,-0.74562573,-0.5163657,-0.8177631
9036_TMEM203_P1P2_ENSG00000187713,TMEM203,-0.58030957,-0.18620814,-0.5286011,0.5617266
9037_TMEM205_P1P2_ENSG00000105518,TMEM205,-0.230506,0.59865093,-0.13483524,-1.0042518
9038_PACC1_P1P2_ENSG00000065600,PACC1,-0.11598112,-0.85334855,0.49729607,-0.252935
9039_TMEM208_P1P2_ENSG00000168701,TMEM208,-0.20711629,-0.24870157,0.069739625,-0.3334617
903_BRMS1L_P1P2_ENSG00000100916,BRMS1L,0.21749118,0.07522934,-0.155014,-0.3914152
9040_TMEM209_P1P2_ENSG00000146842,TMEM209,-0.5143242,0.2163964,-0.2380647,-0.5882939
9042_TMEM214_P1P2_ENSG00000119777,TMEM214,0.481772,0.062113006,-0.37822518,2.254835
9044_TMEM216_P1P2_ENSG00000187049,TMEM216,-0.40223318,0.054312363,0.17938094,-0.47284997
9045_TMEM218_P1P2_ENSG00000150433,TMEM218,-0.0077207815,-0.24418515,-0.07219858,-0.36152878
9046_TMEM219_P1P2_ENSG00000149932,TMEM219,0.65336376,-0.04672282,-0.1935806,0.6363675
9047_TMEM222_P1P2_ENSG00000186501,TMEM222,-0.2386176,0.18316285,0.35249227,-0.253869
9048_TMEM223_P1P2_ENSG00000168569,TMEM223,0.054455075,0.7631828,-0.1830594,-0.011974035
9049_TMEM230_P1P2_ENSG00000089063,TMEM230,-0.057796367,0.13246913,-0.32508475,0.047052544
904_BRMS1_P1P2_ENSG00000174744,BRMS1,0.49281463,0.20488375,-0.26618266,-0.29793283
9050_TMEM231_P1P2_ENSG00000205084,TMEM231,-0.069040775,0.47426438,-0.8610833,0.20700987
9051_TMEM234_P1P2_ENSG00000160055,TMEM234,-0.83827263,-1.156259,0.03341117,-0.5591417
9052_TMEM237_P1P2_ENSG00000155755,TMEM237,-0.01828895,-0.5990123,0.24658798,-0.49700755
9053_TMEM240_P1P2_ENSG00000205090,TMEM240,-0.25743338,-0.38136196,-0.04919721,-0.49263543
9054_TMEM241_P1P2_ENSG00000134490,TMEM241,0.7364128,-0.12043113,-1.0735385,0.13102695
9056_TMEM242_P1P2_ENSG00000215712,TMEM242,2.1443343,1.0737938,-1.946621,1.1788279
9058_TMEM243_P1P2_ENSG00000135185,TMEM243,0.48723906,0.28659123,0.06272536,-0.08338523
9059_TMEM245_P1P2_ENSG00000106771,TMEM245,-0.5426715,-0.41269916,-0.1076302,-0.064050265
905_BROX_P1P2_ENSG00000162819,BROX,0.64804864,0.34471855,0.37212119,0.32448184
9060_TMEM248_P1P2_ENSG00000106609,TMEM248,0.18280111,-0.10527739,-0.19187546,-0.50177395
9061_TMEM251_P1P2_ENSG00000153485,TMEM251,-0.80094784,-0.4353068,-0.48757583,-0.04523627
9062_TMEM256_P1P2_ENSG00000205544,TMEM256,0.48934838,0.09626867,-0.07506057,-0.052720845
9063_TMEM258_P1P2_ENSG00000134825,TMEM258,-0.032987755,4.958135,0.095474504,0.14715791
9064_TMEM259_P1P2_ENSG00000182087,TMEM259,1.0031291,0.015655419,-0.69044554,0.059022415
9066_CEMIP2_P1P2_ENSG00000135048,CEMIP2,-0.16549796,-0.20222852,0.23614126,-0.09089191
9067_TMEM30A_P1P2_ENSG00000112697,TMEM30A,0.047291297,1.0165123,-0.61679465,-0.4764506
9068_TMEM33_P1P2_ENSG00000109133,TMEM33,-0.089643665,1.0124669,-0.056932867,-0.021577872
9069_TMEM38B_P1P2_ENSG00000095209,TMEM38B,-0.23711592,-0.27513537,-0.22583847,-0.30104864
906_BRPF1_P1P2_ENSG00000156983,BRPF1,0.39642698,-0.5651379,0.49545276,0.1834902
9070_TMEM39A_P1P2_ENSG00000176142,TMEM39A,-0.26943514,-0.26097155,-0.7418853,-0.17060322
9071_TMEM39B_P1P2_ENSG00000121775,TMEM39B,0.37032706,0.20930813,-0.03153409,-0.3003283
9072_TMEM41A_P1P2_ENSG00000163900,TMEM41A,0.22035584,0.15873788,-0.6870338,0.30995828
9073_TMEM41B_P1P2_ENSG00000166471,TMEM41B,0.1357006,-0.5388309,0.9743321,0.1382644
9074_TMEM43_P1P2_ENSG00000170876,TMEM43,-0.5826474,0.13801996,-0.32336044,-0.06862285
9075_TMEM44_P1P2_ENSG00000145014,TMEM44,-0.025036605,-0.36486825,-0.07140674,0.07042079
9076_TMEM50A_P1P2_ENSG00000183726,TMEM50A,0.6519595,-0.030008076,-0.29363185,0.24753983
9077_TMEM50B_P1P2_ENSG00000142188,TMEM50B,-0.5936484,-0.20974351,-0.32085374,-0.903137
9078_TMEM52_P1P2_ENSG00000178821,TMEM52,-0.44900745,0.17614181,-0.23964897,-0.46660727
9079_TMEM53_P1P2_ENSG00000126106,TMEM53,-0.7089878,0.29097438,-0.28026187,-0.31417358
907_BRPF3_P1P2_ENSG00000096070,BRPF3,-0.033647448,-0.22266832,0.47188663,-0.8569149
9080_TMEM54_P1P2_ENSG00000121900,TMEM54,0.088849604,-0.8173717,-0.85526556,-0.23534717
9081_PIP4P2_P1P2_ENSG00000155099,PIP4P2,-0.19864146,0.19181056,-0.765926,0.18351018
9082_PIP4P1_P1P2_ENSG00000165782,PIP4P1,0.36375892,-0.6490948,1.0205511,-0.41928643
9083_MACO1_P1P2_ENSG00000204178,MACO1,-0.32799026,0.2598905,-0.32277855,-0.41993564
9084_TMEM59_P1P2_ENSG00000116209,TMEM59,-0.27885178,-0.37265167,0.042897694,-0.32606733
9085_RXYLT1_P1P2_ENSG00000118600,RXYLT1,-0.44788253,0.11651452,-0.22061582,-0.0357581
9086_TMEM60_P1P2_ENSG00000135211,TMEM60,0.39410228,-0.22801122,-0.7584645,0.5966826
9087_TMEM62_P1P2_ENSG00000137842,TMEM62,0.33989057,0.7470294,-0.75467324,0.44509423
9088_TMEM63A_P2_ENSG00000196187,TMEM63A,-0.36722785,-1.1259463,-0.32210708,-0.40430662
9089_TMEM63A_P1_ENSG00000196187,TMEM63A,-0.3003802,-0.3798114,-0.2323697,-0.5029594
908_BRWD1_P1P2_ENSG00000185658,BRWD1,0.28751048,-0.26675957,-0.10016168,0.013718083
9090_TMEM63B_P1P2_ENSG00000137216,TMEM63B,0.3902723,-0.25152695,0.3292976,-0.10221631
9091_TMEM64_P1P2_ENSG00000180694,TMEM64,-0.4215624,-0.04777764,-0.24584606,0.021990422
9092_TMEM65_P1P2_ENSG00000164983,TMEM65,-0.83339185,-0.029164007,-0.39034906,-1.1862173
9093_TMEM68_P1P2_ENSG00000167904,TMEM68,-0.095852956,-0.06712273,-0.69058055,-0.38892883
9094_TMEM69_P1P2_ENSG00000159596,TMEM69,-0.4860173,0.018975422,-0.4490727,-0.15212992
9095_TMEM70_P1P2_ENSG00000175606,TMEM70,-0.12853946,-0.779631,0.5888666,-0.69867945
9096_TMEM74B_P1P2_ENSG00000125895,TMEM74B,-0.311893,-0.34815326,-0.4613681,-0.21153289
9097_TMEM80_P1P2_ENSG00000177042,TMEM80,-0.2756937,-0.24474648,-0.20122993,-0.5136327
9098_TMEM87A_P1P2_ENSG00000103978,TMEM87A,-0.9001194,-0.61003375,0.741704,-1.0125313
9099_TMEM8A_P1P2_ENSG00000129925,TMEM8A,0.1670165,0.023667844,-0.7431052,-0.717534
909_BRWD3_P1P2_ENSG00000165288,BRWD3,-0.069022425,-0.5165207,-1.287985,-0.86263704
90_ACOT7_P1P2_ENSG00000097021,ACOT7,0.17864084,-0.39568418,-0.5436456,-0.10635946
9100_TMEM97_P1P2_ENSG00000109084,TMEM97,-0.19344461,-0.19589113,-0.5389428,0.1615652
9101_TMEM98_P1P2_ENSG00000006042,TMEM98,-0.44842863,-0.4815681,-0.42453632,0.0018060484
9102_TMEM99_P1P2_ENSG00000167920,TMEM99,-0.3243972,-0.28925505,-0.34767175,-0.09196428
9103_TMEM9B_P1P2_ENSG00000175348,TMEM9B,-0.5574939,-0.18267404,-0.2111489,-0.22327353
9104_TMEM9_P1P2_ENSG00000116857,TMEM9,-0.43869582,0.054259885,-0.19260873,-0.07481565
9105_TMF1_P1P2_ENSG00000144747,TMF1,-0.06642414,-0.98955107,-0.25594118,-0.2418309
9106_TMLHE_P1P2_ENSG00000185973,TMLHE,0.07782919,-0.4973054,0.43036047,-0.46688566
9107_TMOD1_P1P2_ENSG00000136842,TMOD1,1.4890393,0.108429566,-0.39288995,0.9647433
9108_TMOD3_P1P2_ENSG00000138594,TMOD3,0.11604176,-0.60644907,-0.28397164,0.2684849
9109_TMPO_P1P2_ENSG00000120802,TMPO,-0.24421616,0.6533684,-0.008624317,-0.06575364
910_BSCL2_P1_ENSG00000168000,BSCL2,-0.41245472,-0.23327406,-0.21391647,-0.24370438
9110_TMSB10_P1P2_ENSG00000034510,TMSB10,-0.29408917,-0.14613412,0.04444053,-0.32763115
9111_TMSB4X_P2_ENSG00000205542,TMSB4X,-0.35650286,-0.4329336,-0.31658027,0.22211036
9112_TMSB4X_P1_ENSG00000205542,TMSB4X,0.20003252,-0.6978993,0.27527818,-0.53809446
9113_TMTC4_P1P2_ENSG00000125247,TMTC4,-0.38333553,-0.32899678,-0.29734462,0.068383045
9114_TMUB1_P1P2_ENSG00000164897,TMUB1,-0.08118079,-0.60199994,-0.06702069,-1.0519904
9115_TMUB2_P1P2_ENSG00000168591,TMUB2,0.18105826,0.03271449,-0.1035115,-0.2579847
9116_TMX1_P1P2_ENSG00000139921,TMX1,-0.8861282,-0.61794895,1.3688332,-0.0658391
9117_TMX2_P1P2_ENSG00000213593,TMX2,-0.21654078,0.5314249,2.496612,2.0677066
9118_TMX3_P1P2_ENSG00000166479,TMX3,-0.030016439,0.013867445,-0.58385116,-0.2834122
9119_TMX4_P1P2_ENSG00000125827,TMX4,-0.89364123,-0.63685346,-0.83431643,-0.28456125
911_BSCL2_P2_ENSG00000168000,BSCL2,-0.878236,-0.047566783,0.6350054,-0.47027427
9120_TNFAIP1_P1P2_ENSG00000109079,TNFAIP1,0.17361642,0.25044006,0.028175417,-0.43708104
9121_TNFAIP2_P1P2_ENSG00000185215,TNFAIP2,-0.57263935,-0.120501205,-0.33997643,-0.23506184
9122_TNFAIP8L1_P1P2_ENSG00000185361,TNFAIP8L1,0.22342633,-0.8635855,-0.46622118,-0.52176493
9123_TNFAIP8L2_P1P2_ENSG00000163154,TNFAIP8L2,0.42963395,-0.3173511,-0.65437496,-0.012668644
9124_TNFAIP8_P1P2_ENSG00000145779,TNFAIP8,-0.5659413,0.13145857,0.07776458,-0.39233974
9125_TNFRSF10A_P1P2_ENSG00000104689,TNFRSF10A,1.1618912,0.8391767,0.32144558,0.57317156
9126_TNFRSF10B_P1P2_ENSG00000120889,TNFRSF10B,-0.21600522,-0.26045474,0.25755712,-0.11487908
9127_TNFRSF12A_P1P2_ENSG00000006327,TNFRSF12A,-0.40005633,-0.09331639,0.41831365,-0.37006718
9128_TNFRSF1A_P1P2_ENSG00000067182,TNFRSF1A,-0.06563075,-0.40149972,-0.3278053,-0.08536766
9129_TNFRSF1B_P1_ENSG00000028137,TNFRSF1B,0.28449744,0.00036461177,-0.15235852,-0.5527839
912_BSDC1_P1P2_ENSG00000160058,BSDC1,0.18891014,-0.4293223,1.3855733,-0.9135959
9130_TNFRSF1B_P2_ENSG00000028137,TNFRSF1B,-0.09982831,-0.25088507,0.09927208,0.15743059
9131_TNFRSF8_P1P2_ENSG00000120949,TNFRSF8,-0.82871926,-0.43768454,0.17476349,-0.6187314
9132_TNFSF10_P1P2_ENSG00000121858,TNFSF10,-0.19230737,0.03492512,0.13774982,-1.423342
9133_TNFSF9_P1P2_ENSG00000125657,TNFSF9,-0.11269548,-0.3917693,-0.21453835,-0.11426015
9134_TNIK_P1P2_ENSG00000154310,TNIK,-0.07784693,-0.42295462,-0.11761657,-0.8423655
9135_TNIP1_P1_ENSG00000145901,TNIP1,-0.51453143,-0.64292777,-0.61036646,-0.22215363
9136_TNIP1_P2_ENSG00000145901,TNIP1,0.045353074,0.40319878,-0.1305732,-0.35819516
9137_TNIP2_P1P2_ENSG00000168884,TNIP2,-0.45871755,-0.038834054,0.019033818,-0.18246263
9138_TNK2_P1_ENSG00000061938,TNK2,0.056310587,0.074929215,-0.027641669,-0.9357295
9139_TNK2_P2_ENSG00000061938,TNK2,-0.237831,0.0710122,-0.46234247,0.5868014
913_BSG_P1P2_ENSG00000172270,BSG,0.10813113,-0.56488866,0.06924776,-0.35341838
9140_TNKS1BP1_P1_ENSG00000149115,TNKS1BP1,0.42688194,-0.37765738,-0.09783159,0.099527024
9141_TNKS1BP1_P2_ENSG00000149115,TNKS1BP1,0.45675787,0.32838213,-0.209581,-0.24743909
9142_TNKS2_P1P2_ENSG00000107854,TNKS2,0.4569968,-0.56085443,-0.32230553,-0.2583654
9143_TNKS_P1P2_ENSG00000173273,TNKS,-0.17569843,-0.1386176,-0.2189973,-0.093143865
9144_TNNI3_P1P2_ENSG00000129991,TNNI3,-0.8543173,-0.017267251,-0.19319089,-1.0713247
9145_TNNT1_P1_ENSG00000105048,TNNT1,-0.24879201,0.35770658,-0.34407032,-0.39880645
9146_TNNT1_P2_ENSG00000105048,TNNT1,-0.45981705,0.21079937,-0.22068287,0.1473675
9147_TNNT2_P1P2_ENSG00000118194,TNNT2,0.9242063,-0.50334406,-0.068509005,-0.22183414
9148_TNPO1_P1P2_ENSG00000083312,TNPO1,0.19921798,-0.92351824,-0.29598537,-0.6522682
9149_TNPO2_P2_ENSG00000105576,TNPO2,-0.5148194,0.13715078,0.61569536,-0.22318378
914_BST2_P1P2_ENSG00000130303,BST2,-0.27438524,0.21082368,0.8283951,-0.8115848
9150_TNPO2_P1_ENSG00000105576,TNPO2,-0.7891133,-0.277596,0.46586272,-0.15469189
9151_TNPO3_P1P2_ENSG00000064419,TNPO3,-0.72647876,1.441181,-0.15191285,1.3450214
9152_TNRC18_P1P2_ENSG00000182095,TNRC18,0.10247233,-0.431245,0.31476954,-0.24687049
9153_TNRC6A_P1P2_ENSG00000090905,TNRC6A,0.6542466,-0.66679186,-1.5010741,0.48284864
9154_TNRC6B_P1P2_ENSG00000100354,TNRC6B,-0.24650754,-0.26586628,-1.0750312,0.104885004
9155_TNRC6C_P1P2_ENSG00000078687,TNRC6C,-0.11723212,0.19288261,-0.52868634,-0.5232612
9156_TNXB_P1P2_ENSG00000168477,TNXB,0.38338515,-0.54748756,1.1689116,-0.701202
9157_TOB1_P1P2_ENSG00000141232,TOB1,0.2501686,-0.23570216,-0.42102757,-0.35771143
9158_TOB2_P1P2_ENSG00000183864,TOB2,-0.17622498,0.1399396,-0.095421195,-0.22051167
9159_TOE1_P1P2_ENSG00000132773,TOE1,-0.33476233,0.4392322,-0.46267897,0.19163334
915_BSX_P1P2_ENSG00000188909,BSX,-0.06787993,0.016074328,-0.03938545,-0.012727543
9160_TOLLIP_P1P2_ENSG00000078902,TOLLIP,-0.51161444,-0.48773882,-0.14160289,-0.27598816
9161_TOM1L1_P1P2_ENSG00000141198,TOM1L1,1.1658032,0.03369654,-0.6649419,0.64141
9162_TOM1_P1P2_ENSG00000100284,TOM1,-1.2707739,0.007593252,0.20269507,-0.2985151
9163_TOMM20_P1P2_ENSG00000173726,TOMM20,2.9542122,0.9972716,-1.0560969,0.64330155
9164_TOMM22_P1P2_ENSG00000100216,TOMM22,9.83088,5.118415,-2.8475933,3.0044374
9165_TOMM34_P1P2_ENSG00000025772,TOMM34,0.21612982,-0.3767422,0.08176226,0.06694073
9166_TOMM40L_P1P2_ENSG00000158882,TOMM40L,-0.02715642,-0.20101199,-1.085978,-0.42553708
9167_TOMM40_P1P2_ENSG00000130204,TOMM40,2.725478,0.8213656,-0.96765167,1.5158567
9168_TOMM5_P1P2_ENSG00000175768,TOMM5,0.70665187,-0.27347857,0.45443472,0.28236887
9169_TOMM6_P1P2_ENSG00000214736,TOMM6,0.37946486,0.030777393,-1.4326574,0.25462413
916_BTAF1_P1P2_ENSG00000095564,BTAF1,0.14195852,0.047608692,2.4565907,1.4930843
9170_TOMM70_P1P2_ENSG00000154174,TOMM70,0.2383683,-0.7317297,0.02169554,-0.08504176
9171_TOMM7_P1P2_ENSG00000196683,TOMM7,-0.13092996,0.050247837,0.430541,0.016864674
9172_TONSL_P1P2_ENSG00000160949,TONSL,-0.72442955,-1.6534069,6.271275,-0.7199873
9173_TOP1MT_P1P2_ENSG00000184428,TOP1MT,-0.2129276,-0.3591378,-0.7180623,0.18505752
9174_TOP1_P1P2_ENSG00000198900,TOP1,-1.3013216,0.1253388,4.6688066,1.271876
9176_TOP2B_P1P2_ENSG00000077097,TOP2B,-0.12556663,-0.90318954,-0.17049822,-0.130954
9177_TOP3A_P1P2_ENSG00000177302,TOP3A,0.17262161,-0.12153918,-0.058909256,0.015163473
9178_TOP3B_P1P2_ENSG00000100038,TOP3B,0.24597313,-0.0605491,-0.5216387,0.72791874
9179_TOPBP1_P1P2_ENSG00000163781,TOPBP1,-0.8491467,1.0743202,1.2458254,0.11734226
917_BTBD10_P2_ENSG00000148925,BTBD10,-0.311235,-0.4264705,-0.2124474,-0.53424686
9180_TOPORS_P1P2_ENSG00000197579,TOPORS,-0.25404456,-0.21995147,-0.4938695,-0.49721727
9181_TOR1AIP1_P1P2_ENSG00000143337,TOR1AIP1,-0.11230546,0.47809857,-0.52353865,-0.21653478
9182_TOR1AIP2_P1P2_ENSG00000169905,TOR1AIP2,-0.17487592,-0.91989833,-0.18543178,-0.975771
9183_TOR1A_P1P2_ENSG00000136827,TOR1A,0.31864294,0.9401483,-0.3982407,-0.00022264384
9184_TOR1B_P1P2_ENSG00000136816,TOR1B,0.9720163,1.0719858,-1.6992446,0.32104033
9185_TOR2A_P1P2_ENSG00000160404,TOR2A,0.3776827,-0.06322206,-0.5441829,0.057076655
9186_TOR3A_P1P2_ENSG00000186283,TOR3A,-0.16947696,-0.32344615,-1.8592339,0.09682555
9187_TOR4A_P1P2_ENSG00000198113,TOR4A,-0.29738116,0.3909816,-0.35695937,-0.2884427
9188_TOX4_P1P2_ENSG00000092203,TOX4,-0.4489685,0.23358515,1.8624073,-0.58346
9189_TP53BP1_P1_ENSG00000067369,TP53BP1,-0.89128584,-0.095856465,0.5509469,-0.70114493
918_BTBD10_P1_ENSG00000148925,BTBD10,0.6063484,1.6544263,-0.39022386,-0.12346461
9190_TP53BP1_P2_ENSG00000067369,TP53BP1,0.022977086,-0.3572881,-0.50207406,-0.4140396
9191_TP53BP2_P1P2_ENSG00000143514,TP53BP2,-0.26848128,0.09043775,0.54340345,-0.7339679
9192_TP53I13_P1P2_ENSG00000167543,TP53I13,2.7332335,-0.4548214,-1.4377787,0.49608907
9193_TP53I3_P1P2_ENSG00000115129,TP53I3,-0.5291103,0.5519797,-0.2880956,-0.3968354
9194_TP53RK_P1P2_ENSG00000172315,TP53RK,3.136646,0.61885715,-1.860823,0.8633884
9195_TP53_P1P2_ENSG00000141510,TP53,0.05386691,0.20224611,-0.24056754,-0.060311727
9196_TP63_P1P2_ENSG00000073282,TP63,0.41993332,0.15217856,-0.0021065017,0.30964646
9197_TP73_P1P2_ENSG00000078900,TP73,0.3090498,0.87830967,0.45617095,0.23324272
9198_TPD52L1_P1P2_ENSG00000111907,TPD52L1,0.0039248294,-0.07264191,-0.58269477,0.020804578
9199_TPD52L2_P1P2_ENSG00000101150,TPD52L2,0.44103682,-0.2862199,0.22892378,-0.094279945
919_BTBD1_P1P2_ENSG00000064726,BTBD1,1.0307701,-0.46886784,-0.32822528,0.087102965
91_ACOT8_P1P2_ENSG00000101473,ACOT8,-0.2660289,-0.015182742,0.26555496,-0.21381465
9200_TPGS1_P1P2_ENSG00000141933,TPGS1,-0.56440693,-0.6112219,0.104198106,-0.031344566
9201_TPGS2_P1P2_ENSG00000134779,TPGS2,-0.39249113,0.12741803,-0.28103518,-0.7801376
9202_TPI1_P1P2_ENSG00000111669,TPI1,3.134061,0.30276015,-0.48784655,2.029923
9203_TPM1_P1_ENSG00000140416,TPM1,-0.51796734,0.23015654,-0.7466743,0.7992125
9204_TPM1_P2_ENSG00000140416,TPM1,0.25095192,0.066421755,-0.14428274,-0.6819347
9205_TPM3_P1P2_ENSG00000143549,TPM3,-0.05392795,-0.5373491,0.11971726,-0.22565703
9206_TPM4_P2_ENSG00000167460,TPM4,-0.2946397,-0.43834323,-0.26047543,-0.68137497
9207_TPM4_P1_ENSG00000167460,TPM4,-0.029092414,-0.100389756,0.10406883,-0.09546349
9208_TPMT_P1P2_ENSG00000137364,TPMT,0.54805064,-0.19717218,0.21694803,-0.034554537
9209_TPP1_P1P2_ENSG00000166340,TPP1,-0.3258751,0.48950374,0.0041284002,-0.1532687
920_BTBD2_P1P2_ENSG00000133243,BTBD2,0.009636801,-0.085309535,0.38897118,-0.22981635
9210_TPP2_P1P2_ENSG00000134900,TPP2,0.31461972,1.1632462,0.50495154,1.0906994
9211_TPRA1_P1P2_ENSG00000163870,TPRA1,0.41126022,0.5879716,-0.87400913,0.035623275
9212_TPRKB_P1P2_ENSG00000144034,TPRKB,0.67366225,1.2126653,0.2612159,1.1640465
9213_TPRN_P1P2_ENSG00000176058,TPRN,-0.24052167,-0.39695427,-0.19830701,-0.44806123
9214_TPRX1_ENST00000535759.1_ENSG00000178928,TPRX1,-0.28925794,0.22736622,-0.72332525,-0.21606788
9215_TPR_P1P2_ENSG00000047410,TPR,-0.512134,-0.010612619,6.337872,0.4591713
9216_TPST2_P1_ENSG00000128294,TPST2,0.018037913,-0.93768305,0.4173435,0.3346404
9217_TPST2_P2_ENSG00000128294,TPST2,-0.10697896,-0.5090439,-0.20122209,-0.12138785
9218_TPT1_P1P2_ENSG00000133112,TPT1,0.12938255,0.9274404,-0.4336317,-0.54396445
9219_TPX2_P1P2_ENSG00000088325,TPX2,-0.9543736,0.21591799,3.8238807,0.35908717
921_BTBD3_P1P2_ENSG00000132640,BTBD3,0.6484959,-0.51833034,-0.7868164,0.11468788
9220_TRA2A_P2_ENSG00000164548,TRA2A,0.4023631,1.0697069,-0.22193344,0.0679539
9221_TRA2A_P1_ENSG00000164548,TRA2A,-0.26238236,-0.17658153,-0.037486512,-0.6940314
9222_TRA2B_P1P2_ENSG00000136527,TRA2B,1.1940423,1.0860099,0.19861303,-0.07316804
9223_TRABD_P1_ENSG00000170638,TRABD,1.5551912,1.2989107,-0.39773592,0.9500894
9224_TRABD_P2_ENSG00000170638,TRABD,0.0707704,0.6529521,-0.10957772,0.24328718
9225_TRADD_P1P2_ENSG00000102871,TRADD,-0.7533973,-1.2498198,-1.6496631,-0.6672938
9227_TRAF2_P2_ENSG00000127191,TRAF2,-1.0678068,-0.41692767,0.004629741,-0.08235797
9228_TRAF3IP1_P1P2_ENSG00000204104,TRAF3IP1,-0.52294654,-0.16647366,1.4476833,-0.21445498
9229_TRAF3IP2_P1P2_ENSG00000056972,TRAF3IP2,0.20334402,-0.5683233,-0.14834374,-0.014182525
922_BTBD7_P1P2_ENSG00000011114,BTBD7,-0.61525863,0.6887029,-0.23081756,-0.16996285
9230_TRAF3_P1P2_ENSG00000131323,TRAF3,-0.8445319,0.22552674,-0.3499389,-0.28966346
9231_TRAF4_P1P2_ENSG00000076604,TRAF4,0.06175698,-0.13791855,-0.08799895,0.23994444
9232_TRAF5_P1P2_ENSG00000082512,TRAF5,-0.37034336,-0.31146568,-0.31879747,-0.18405369
9233_TRAF7_P2_ENSG00000131653,TRAF7,0.06402316,-0.22688165,-0.5923253,0.2950185
9234_TRAF7_P1_ENSG00000131653,TRAF7,-0.21156651,-0.2859448,0.23304312,-0.12435343
9235_TRAFD1_P1P2_ENSG00000135148,TRAFD1,-0.5279666,-0.25454533,-0.32706556,0.034880906
9236_TRAIP_P1P2_ENSG00000183763,TRAIP,-0.1342474,-1.0093431,0.971138,-0.43059582
"9237_TRAK1_ENST00000341421.3,ENST00000396175.1_ENSG00000182606",TRAK1,-0.26798713,0.76791626,-0.60105914,-0.5092679
9238_TRAM1_P1P2_ENSG00000067167,TRAM1,-0.053343788,-0.6113481,-0.5070136,-0.4036229
9239_TRAM2_P1P2_ENSG00000065308,TRAM2,0.113745324,-0.71100724,-0.3096718,-0.034015343
923_BTF3L4_P1P2_ENSG00000134717,BTF3L4,-0.17480388,-0.25336075,-0.25790733,-0.40987337
9240_TRAP1_P1P2_ENSG00000126602,TRAP1,-0.2533672,0.0060114083,-0.48283878,-0.34441787
9241_TRAPPC10_P1P2_ENSG00000160218,TRAPPC10,-0.24083826,1.2321233,0.6461034,0.7887347
9242_TRAPPC11_P1P2_ENSG00000168538,TRAPPC11,1.2471313,0.3201227,-0.87785894,2.6899471
9243_TRAPPC12_P1P2_ENSG00000171853,TRAPPC12,-0.41393396,0.13266517,-0.3846278,0.37857336
9244_TRAPPC13_P1P2_ENSG00000113597,TRAPPC13,-0.9989252,0.16177274,0.0059424085,0.65785724
9245_TRAPPC1_P1P2_ENSG00000170043,TRAPPC1,-0.13525446,-0.27036443,-0.44585118,0.0159206
9246_TRAPPC2L_P1P2_ENSG00000167515,TRAPPC2L,0.14996703,-0.061184123,0.034772877,0.04728073
"9247_TRAPPC2_ENST00000358231.5,ENST00000359680.5,ENST00000380579.1_ENSG00000196459",TRAPPC2,-0.28881562,-0.4631041,0.24969587,-0.7860638
9248_TRAPPC3_P1P2_ENSG00000054116,TRAPPC3,-0.48573592,-0.030413805,0.04437922,0.65644914
9249_TRAPPC4_P1P2_ENSG00000196655,TRAPPC4,-0.26763737,-0.576949,-0.21029052,0.02261884
924_BTF3_P1P2_ENSG00000145741,BTF3,0.9414666,2.15178,-2.1638186,4.476481
9250_TRAPPC5_P1P2_ENSG00000181029,TRAPPC5,0.8956774,-0.44379663,-0.54077345,1.5366766
9251_TRAPPC6A_P1P2_ENSG00000007255,TRAPPC6A,-0.28461933,0.7816405,0.11412816,-1.3906475
9252_TRAPPC6B_P1P2_ENSG00000182400,TRAPPC6B,-0.25327802,0.051005643,-0.5139172,-0.10264078
9253_TRAPPC8_P1P2_ENSG00000153339,TRAPPC8,-0.062005904,-0.14942712,-0.57190883,0.22035953
9254_TRDMT1_P1P2_ENSG00000107614,TRDMT1,-0.55497676,-0.14609739,0.23859411,-0.438877
9255_TREML2_P1P2_ENSG00000112195,TREML2,0.055350475,0.60416603,-0.68515074,0.11894103
9256_TRERF1_P1P2_ENSG00000124496,TRERF1,1.6469513,1.7584105,-0.8433679,0.91345555
9258_TRIAP1_P1P2_ENSG00000170855,TRIAP1,0.9407139,0.61160743,-0.17889597,0.4029418
9259_TRIB2_P1P2_ENSG00000071575,TRIB2,0.6010463,0.00031690474,-1.0932418,0.99675184
925_BTG1_P1P2_ENSG00000133639,BTG1,-0.33482575,-0.031010436,-0.73621106,0.22439131
9260_TRIB3_P1P2_ENSG00000101255,TRIB3,0.08251528,-0.31234512,-0.4069474,-0.19748287
9261_TRIM11_P1P2_ENSG00000154370,TRIM11,-0.61281997,-0.94651014,0.4328892,-0.054843556
9262_TRIM13_P1P2_ENSG00000204977,TRIM13,1.2431753,-0.047632765,-0.8472815,1.0346259
9263_TRIM14_P1P2_ENSG00000106785,TRIM14,0.10144442,0.018334407,-0.46664044,-0.060152434
9264_TRIM16_P1P2_ENSG00000221926,TRIM16,-0.60618955,-0.6268086,-0.25212085,-0.6388018
9265_TRIM21_P1P2_ENSG00000132109,TRIM21,-0.5673258,0.6658017,-0.12411021,-0.50167686
9266_TRIM23_P1P2_ENSG00000113595,TRIM23,0.045339815,0.66524565,-0.706062,0.7951942
9267_TRIM24_P1P2_ENSG00000122779,TRIM24,-0.7995543,-0.43254063,1.5460104,1.4872057
9268_TRIM25_P1P2_ENSG00000121060,TRIM25,-0.30885226,-0.27121532,-0.6187398,-0.1331313
9269_TRIM26_P1P2_ENSG00000234127,TRIM26,-0.61420417,-0.07563736,-0.24384934,-0.42312393
926_BTG2_P1P2_ENSG00000159388,BTG2,-0.8153139,-0.35459986,-0.89048755,-0.07239978
9270_TRIM27_P1P2_ENSG00000204713,TRIM27,0.26392126,-0.017423756,-0.62022823,0.47476286
9271_TRIM28_P1P2_ENSG00000130726,TRIM28,0.15024501,-0.9089057,0.279435,-0.08682178
9272_TRIM33_P1P2_ENSG00000197323,TRIM33,-0.07323576,0.106174685,1.0672873,0.36516964
9273_TRIM35_P1P2_ENSG00000104228,TRIM35,-0.3571181,-0.10365043,-0.016976176,0.18274109
9274_TRIM37_P1P2_ENSG00000108395,TRIM37,-0.07722058,0.024781505,-0.24040173,-0.13105181
9275_TRIM38_P1P2_ENSG00000112343,TRIM38,-1.0293415,-0.4028105,0.20566438,-0.4018176
9276_TRIM39_P1P2_ENSG00000204599,TRIM39,0.19874237,0.022551809,0.46513602,-0.5658781
9277_TRIM41_P1P2_ENSG00000146063,TRIM41,-0.27151528,0.32508117,0.78858835,-0.5152535
9278_TRIM44_P1P2_ENSG00000166326,TRIM44,-0.48241132,0.2445503,0.07897521,-0.18781644
"9279_TRIM49C_ENST00000432771.1,ENST00000448984.1_ENSG00000204449",TRIM49C,-0.057961117,0.12939137,-0.33113056,0.16676503
927_BTG3_P1P2_ENSG00000154640,BTG3,-0.48689818,-0.31650147,0.027966954,-0.59967333
9280_TRIM4_P1P2_ENSG00000146833,TRIM4,-0.033172935,-0.40712824,-0.12117282,-0.3562046
9281_TRIM56_P1P2_ENSG00000169871,TRIM56,-0.26821047,0.33341068,0.47829184,-0.81399864
9282_TRIM58_P1P2_ENSG00000162722,TRIM58,-0.14533901,-0.31835663,-0.72230786,-0.34526193
9283_TRIM59_P1P2_ENSG00000213186,TRIM59,0.6972467,0.33458802,-1.2114469,0.39329433
9284_TRIM5_P1P2_ENSG00000132256,TRIM5,-0.26665512,0.16013093,-0.2815333,0.14218947
9285_TRIM65_P1P2_ENSG00000141569,TRIM65,0.49083778,0.6233027,-0.47759447,-0.29502532
9286_TRIM68_P1P2_ENSG00000167333,TRIM68,-1.1512092,-0.34837928,-0.41617996,-0.35445616
9287_TRIM71_P1P2_ENSG00000206557,TRIM71,-0.67136675,-0.2456534,-0.760308,-0.5064933
9288_TRIM7_P1P2_ENSG00000146054,TRIM7,-0.4274741,-0.55944955,-0.62558216,-0.52314186
9289_TRIM8_P1P2_ENSG00000171206,TRIM8,0.2302654,-0.22756742,-0.5738563,0.06011941
928_BTK_P1P2_ENSG00000010671,BTK,-0.37824744,0.6283295,-0.2016132,0.45087704
9290_TRIOBP_P2_ENSG00000100106,TRIOBP,-0.051774442,0.2252317,0.40795064,-0.58516866
9291_TRIOBP_P1_ENSG00000100106,TRIOBP,-0.3613121,-0.4233345,0.13223982,-0.2598224
9292_TRIP10_P1_ENSG00000125733,TRIP10,-0.4003109,-0.8519408,0.30976182,-0.7139302
9293_TRIP10_P2_ENSG00000125733,TRIP10,-0.72124815,-1.4661807,-0.18490142,0.15674287
9294_TRIP11_P1P2_ENSG00000100815,TRIP11,-0.40396896,-0.30278042,0.47895214,-0.033219304
9295_TRIP12_P1P2_ENSG00000153827,TRIP12,0.33257836,-0.08095453,-0.37883088,1.5651225
9296_TRIP13_P1P2_ENSG00000071539,TRIP13,-0.3655052,-0.3035215,-0.1792414,-0.4093765
9297_TRIP4_P1P2_ENSG00000103671,TRIP4,-0.24970901,-0.07244391,0.28486493,-0.26809788
9298_TRIP6_P1P2_ENSG00000087077,TRIP6,-0.2926577,0.0009910265,-0.34119308,0.61221385
9299_TRIT1_P1P2_ENSG00000043514,TRIT1,0.442709,0.7673384,-0.3858203,0.10977611
929_BTN2A1_P1P2_ENSG00000112763,BTN2A1,-0.42130458,0.08312835,0.4880034,-0.55737257
92_ACOT9_P1P2_ENSG00000123130,ACOT9,-0.27425352,-0.65218264,0.30718452,-0.19885851
9300_TRMT10A_P1P2_ENSG00000145331,TRMT10A,0.37892225,-1.2463088,0.08329408,-0.6173672
9301_TRMT10B_P1P2_ENSG00000165275,TRMT10B,-0.5067464,-0.5744384,0.19943497,-0.44825053
9302_TRMT10C_P1P2_ENSG00000174173,TRMT10C,2.1545894,0.077534184,-1.1475971,0.7622466
9303_TRMT112_P1P2_ENSG00000173113,TRMT112,-0.11468215,0.7157103,1.900612,0.7291384
9304_TRMT11_P1P2_ENSG00000066651,TRMT11,-0.2183518,-0.8664888,-0.114488855,-0.8610894
9305_TRMT12_P1P2_ENSG00000183665,TRMT12,-0.0067705666,-0.18232653,-0.14460613,-0.33099714
9306_TRMT13_P1P2_ENSG00000122435,TRMT13,0.4963893,0.12794062,-0.018344624,-0.23072019
9307_TRMT1L_P1P2_ENSG00000121486,TRMT1L,-1.087305,-0.4230457,-0.22184017,0.45773232
9308_TRMT1_P1P2_ENSG00000104907,TRMT1,-1.206575,0.2472511,-0.08019729,-0.35411704
9309_TRMT2A_P1P2_ENSG00000099899,TRMT2A,-0.062963046,0.82314324,-0.5553911,0.2822864
930_BTN2A2_P1P2_ENSG00000124508,BTN2A2,0.3496,-1.094865,-0.7976966,0.17853443
9310_TRMT2B_P1P2_ENSG00000188917,TRMT2B,-0.70301193,0.5578272,0.09539765,-0.5981319
9311_TRMT44_P1P2_ENSG00000155275,TRMT44,0.23968391,0.4422533,1.0696886,1.0799246
9312_TRMT5_P1P2_ENSG00000126814,TRMT5,4.212313,0.088952355,-1.3989502,1.5559766
9313_TRMT61A_P1P2_ENSG00000166166,TRMT61A,0.37947014,-0.39893943,-0.99327695,-0.03387426
9314_TRMT61B_P1P2_ENSG00000171103,TRMT61B,-0.05915035,1.0473391,-0.5895602,-0.2681449
9315_TRMT6_P1P2_ENSG00000089195,TRMT6,-0.49755627,-0.5029508,0.33453742,0.06936164
9316_TRMU_P1P2_ENSG00000100416,TRMU,-0.017547388,0.8874252,0.41943428,-0.7814765
9317_TRNAU1AP_P1P2_ENSG00000180098,TRNAU1AP,1.4346205,0.15290746,-0.9342086,1.8461001
9318_TRNP1_P1P2_ENSG00000253368,TRNP1,-0.33475664,0.029835582,-0.37152275,-0.28675264
9319_TRNT1_P1P2_ENSG00000072756,TRNT1,4.2084455,0.6584853,-1.72819,1.2227563
931_BTN3A2_P1P2_ENSG00000186470,BTN3A2,0.4455002,-0.81948924,0.16055885,0.5658269
9320_TROAP_P1P2_ENSG00000135451,TROAP,-0.51867867,0.055784926,0.2821283,-0.5755768
9321_RO60_P1P2_ENSG00000116747,RO60,-0.21038134,-0.34359193,0.24123505,-0.59753186
9322_TRPC4AP_P1P2_ENSG00000100991,TRPC4AP,-0.18445884,-0.012591172,0.04599515,-0.8661698
9323_TRPM4_P1P2_ENSG00000130529,TRPM4,-0.4530004,-0.21977887,-0.17311989,-0.7830695
9324_TRPM7_P1P2_ENSG00000092439,TRPM7,-0.7825582,-1.8403357,1.048533,-0.7532274
9325_TRPS1_P1P2_ENSG00000104447,TRPS1,-0.09220255,-0.308583,-0.0441624,-0.22392103
9326_TRPT1_P1P2_ENSG00000149743,TRPT1,-0.26564485,0.108920194,-0.64897615,-0.10448615
9327_TRPV2_P1P2_ENSG00000187688,TRPV2,0.025255175,0.23809573,0.08095525,-0.46497154
9328_TRRAP_P1P2_ENSG00000196367,TRRAP,-0.006783018,0.84578294,9.722577,0.7116213
9329_TRUB1_P1P2_ENSG00000165832,TRUB1,0.42074814,-0.33787784,-0.22940738,-0.33236632
932_BTNL9_P1_ENSG00000165810,BTNL9,-0.22281502,-0.36652878,-0.13282663,-0.29531208
9330_TRUB2_P1P2_ENSG00000167112,TRUB2,0.12877466,0.33572152,-0.4317554,-0.48177966
9331_TSC1_P1P2_ENSG00000165699,TSC1,4.0099125,0.624045,-0.81344324,2.1441493
9332_TSC22D1_P1P2_ENSG00000102804,TSC22D1,0.20285285,-0.5074259,0.9030898,-0.6502196
9333_TSC22D2_P1P2_ENSG00000196428,TSC22D2,-0.7798834,-0.0605619,-0.31938118,-0.07328004
9334_TSC22D4_P1P2_ENSG00000166925,TSC22D4,-0.23204853,-0.8053514,-0.07346633,-1.0692277
9335_TSC2_P1P2_ENSG00000103197,TSC2,-0.272294,-0.40412515,0.054144405,-0.01465762
9336_TSEN15_P1P2_ENSG00000198860,TSEN15,2.284018,0.7300369,-1.279331,0.9520055
9337_TSEN2_P1P2_ENSG00000154743,TSEN2,4.6877236,1.4732832,-2.1207433,2.196875
9338_TSEN34_P1P2_ENSG00000170892,TSEN34,-0.45648655,-0.1517874,0.35576633,-0.19000915
9339_TSEN54_P1P2_ENSG00000182173,TSEN54,1.0286996,0.86226326,-1.4777967,1.0174346
933_BTNL9_P2_ENSG00000165810,BTNL9,0.07791327,-0.20765883,-0.26317957,-0.4014832
9340_TSFM_P1P2_ENSG00000123297,TSFM,0.4594649,-0.5255371,-0.5522023,0.52584714
9341_TSG101_P1P2_ENSG00000074319,TSG101,0.13295093,-1.3398279,-0.62873656,3.8015833
9342_TSHZ1_P1P2_ENSG00000179981,TSHZ1,-0.07339367,-0.13735278,-0.5387315,-0.12758633
9343_TSHZ2_P1P2_ENSG00000182463,TSHZ2,0.23164071,0.7815529,0.010389197,1.1904929
9344_TSHZ3_P1P2_ENSG00000121297,TSHZ3,-0.35485482,-0.3998,-0.65383106,-0.85696816
9345_TSKU_P1P2_ENSG00000182704,TSKU,-0.12238937,0.81146663,0.7309481,-0.39738667
9346_TSNARE1_P1P2_ENSG00000171045,TSNARE1,-0.1609208,0.13169101,0.7421008,-0.71167916
9347_TSNAX_P1P2_ENSG00000116918,TSNAX,0.06148798,-0.2689665,-0.26906756,0.0998855
9348_TSN_P1P2_ENSG00000211460,TSN,-0.49255455,-0.28234014,0.21676986,-0.06532466
9349_TSPAN13_P1P2_ENSG00000106537,TSPAN13,-0.02095696,-0.19841652,0.23771186,-0.045556612
934_BUB1B_P1P2_ENSG00000156970,BUB1B,0.39931104,1.7852603,0.2258214,1.2277535
9350_TSPAN14_P1P2_ENSG00000108219,TSPAN14,-0.5480509,-0.28966147,0.4352018,-0.11001075
9351_TSPAN17_P1P2_ENSG00000048140,TSPAN17,0.2117818,-0.11953134,-0.06891949,0.010121608
9352_TSPAN18_P1P2_ENSG00000157570,TSPAN18,-0.10178244,-0.32757682,-0.07559178,0.30499968
9353_TSPAN31_P1P2_ENSG00000135452,TSPAN31,0.064673625,0.07735489,0.39755267,-0.5663664
9354_TSPAN32_P1P2_ENSG00000064201,TSPAN32,-0.7801074,-0.10505139,0.1046713,-0.37705034
9355_TSPAN3_P1P2_ENSG00000140391,TSPAN3,-0.03762186,-0.23421115,-0.78334635,-0.33169276
9356_TSPAN4_P1_ENSG00000214063,TSPAN4,-0.1636521,0.786722,-0.6223402,0.43011007
9357_TSPAN4_P2_ENSG00000214063,TSPAN4,-0.9027334,0.064875975,-0.72986144,-0.29882863
9358_TSPO_P1P2_ENSG00000100300,TSPO,-0.60666007,0.0013993185,0.35951743,0.024450159
9359_TSPYL1_P1P2_ENSG00000189241,TSPYL1,-0.47696882,0.044712678,0.24296309,-0.37128928
935_BUB1_P1P2_ENSG00000169679,BUB1,0.11000048,0.25138748,0.26067445,0.19250335
9360_TSPYL2_P1P2_ENSG00000184205,TSPYL2,-0.08918024,0.024867723,-0.5144265,-0.7395503
9361_TSPYL4_P1P2_ENSG00000187189,TSPYL4,0.017067946,-0.27912384,-0.26426306,-0.2571824
9362_TSPYL5_P1P2_ENSG00000180543,TSPYL5,0.15474628,0.439003,-0.7578288,1.3257405
9363_TSPYL6_P1P2_ENSG00000178021,TSPYL6,0.46074954,-0.1880826,-0.40834358,-0.17221248
9364_TSR1_P1_ENSG00000167721,TSR1,0.20989907,0.29313257,0.328517,0.027856814
9365_TSR1_P2_ENSG00000167721,TSR1,0.1465641,0.21317606,-0.40688425,0.07700338
9366_TSR2_P1P2_ENSG00000158526,TSR2,0.26059857,0.91523266,0.70580316,0.5547078
9367_TSR3_P1P2_ENSG00000007520,TSR3,-0.20873153,0.3538325,0.39837483,0.5980424
9368_EIPR1_P1P2_ENSG00000032389,EIPR1,-0.0691014,-0.3848483,0.5890374,0.44437635
9369_TSSC4_P1P2_ENSG00000184281,TSSC4,-0.04980036,-0.22330257,-0.6375477,0.025349723
936_BUB3_P1P2_ENSG00000154473,BUB3,0.7234336,1.0698344,0.08776218,0.20441264
9370_TSSK3_P1P2_ENSG00000162526,TSSK3,0.29892343,0.14881396,-0.5595677,-0.10784789
9371_TSTA3_P1P2_ENSG00000104522,TSTA3,0.078428455,0.9512064,-0.46467486,0.19862585
9372_TSTD2_P1P2_ENSG00000136925,TSTD2,-0.003212133,-0.6430528,-0.117362894,-0.5058526
9373_TSTD3_P1P2_ENSG00000279170,TSTD3,0.47223458,-0.2668895,-0.013826792,0.4276909
9374_TST_P1P2_ENSG00000128311,TST,-0.45194626,-1.1317545,0.4565847,-0.7345847
9375_TTC12_P1P2_ENSG00000149292,TTC12,0.25699824,-0.54927367,-0.18767692,-0.22899806
9376_TTC13_P1P2_ENSG00000143643,TTC13,-0.25087097,0.14058964,-0.38664863,-0.04869812
9377_TTC14_P1P2_ENSG00000163728,TTC14,-0.2580622,-0.40603653,0.3694072,-0.18751931
9378_TTC17_P1P2_ENSG00000052841,TTC17,-0.23248722,1.0104213,-0.120956615,-0.038387958
9379_TTC19_P1P2_ENSG00000011295,TTC19,-0.67318606,-0.026938805,0.3602984,-0.4696592
937_BUD13_P1P2_ENSG00000137656,BUD13,-0.33741048,0.382158,-0.0031625708,-0.13280937
9380_TTC1_P1P2_ENSG00000113312,TTC1,7.396951,3.425976,-2.0649974,5.6238475
9381_TTC21B_P1P2_ENSG00000123607,TTC21B,0.24974936,-0.3231433,-0.39654574,-0.15889618
9382_TTC26_P1P2_ENSG00000105948,TTC26,-0.12542008,0.02535317,-1.0119681,0.25966743
9383_TTC27_P1P2_ENSG00000018699,TTC27,-0.08563017,1.9466665,-1.3044019,4.948609
9384_TTC31_P1P2_ENSG00000115282,TTC31,-0.36717844,0.10266317,-0.7719,0.009560188
9385_TTC32_P1P2_ENSG00000183891,TTC32,-0.57109535,0.28889483,-0.015304593,-0.539158
9386_TTC33_P1P2_ENSG00000113638,TTC33,0.03007257,-0.6243192,-0.64461964,-0.54263127
9387_TTC37_P1P2_ENSG00000198677,TTC37,1.2183386,0.26134297,-0.71045744,0.41716772
9388_TTC38_P1P2_ENSG00000075234,TTC38,-0.045234695,0.039596546,-0.7192789,0.28487185
9389_TTC3_P1P2_ENSG00000182670,TTC3,-0.4384262,-0.39689115,-0.14085537,-0.58400136
938_BUD31_P1P2_ENSG00000106245,BUD31,0.311037,-0.24824145,0.4192459,-1.0879552
9390_TTC4_P1P2_ENSG00000243725,TTC4,-0.92482555,1.2948261,2.4528751,-0.9355827
9391_TTC5_P1P2_ENSG00000136319,TTC5,-0.037529673,-0.5400394,1.0778432,-0.43029124
9392_TTC7A_P1P2_ENSG00000068724,TTC7A,0.22473621,-0.35209864,-0.8124364,-0.016411318
9393_TTC7B_P1P2_ENSG00000165914,TTC7B,-0.6607498,-0.15202329,0.575245,-0.6893732
9394_TTC8_P1P2_ENSG00000165533,TTC8,-0.22186106,0.30925965,1.2186056,-0.14993688
9395_TTC9C_P1P2_ENSG00000162222,TTC9C,-0.66904086,-0.41184995,0.029201694,-1.0007057
9396_TTF1_P1P2_ENSG00000125482,TTF1,0.32763728,0.65770966,1.05061,-1.4802176
9397_TTF2_P1P2_ENSG00000116830,TTF2,1.4654478,2.5096772,0.16344334,0.5831541
9398_TTI1_P1P2_ENSG00000101407,TTI1,-0.4397724,1.2495492,7.5074663,0.86279845
9399_TTI2_P1P2_ENSG00000129696,TTI2,-1.3634595,-0.056453615,2.5873835,-0.04104475
939_BYSL_P1P2_ENSG00000112578,BYSL,0.501069,0.46184868,0.88246965,-0.23559885
93_ACOX1_P1P2_ENSG00000161533,ACOX1,-0.0567323,0.35792828,-0.23449314,-0.08061736
9400_TTK_P1P2_ENSG00000112742,TTK,0.5466054,4.788206,0.5090178,0.6167134
9401_TTLL12_P1P2_ENSG00000100304,TTLL12,-0.31507343,-0.24491362,-0.42717353,0.06710505
9402_TTLL3_P1P2_ENSG00000214021,TTLL3,0.028566396,0.19797207,0.34718895,0.31582057
9403_TTLL4_P1P2_ENSG00000135912,TTLL4,-0.23932922,0.19837762,0.022095893,0.15639523
9404_TTLL5_P1P2_ENSG00000119685,TTLL5,0.48608562,-0.46690696,0.525871,-0.4034148
9405_TTL_P1P2_ENSG00000114999,TTL,0.6439153,-1.3843237,0.09331802,-1.0648204
9406_TTPAL_P1P2_ENSG00000124120,TTPAL,0.38396087,0.6902127,-0.5859395,0.2263702
9407_TUBA1A_P1P2_ENSG00000167552,TUBA1A,0.06870186,-0.2633502,-0.20066892,-0.28286567
9408_TUBA1B_P1P2_ENSG00000123416,TUBA1B,-0.13419682,0.6058616,1.2614288,-0.2694309
9409_TUBA1C_P1P2_ENSG00000167553,TUBA1C,0.14370957,0.5614931,-0.2050927,-0.012256352
940_BZW1_P1P2_ENSG00000082153,BZW1,-0.49456587,-0.50462717,0.0042719105,-1.2592986
9410_TUBA3D_ENST00000321253.6_ENSG00000075886,TUBA3D,0.63061714,0.63705295,0.15574436,-0.552856
9411_TUBA4A_P1P2_ENSG00000127824,TUBA4A,-0.053672217,0.13277225,0.16526444,-0.6332199
9412_TUBB2A_P1P2_ENSG00000137267,TUBB2A,-0.9168526,-0.44003323,0.6276793,0.08929434
9413_TUBB2B_P1_ENSG00000137285,TUBB2B,0.34259936,0.15717313,-0.33539304,-0.58831966
9414_TUBB2B_P2_ENSG00000137285,TUBB2B,-0.097786896,0.4418069,-0.55306673,-0.30153257
9415_TUBB3_P2_ENSG00000258947,TUBB3,0.2558188,-0.62681454,-0.051639136,-0.27957708
9416_TUBB3_P1_ENSG00000258947,TUBB3,-0.25857383,-0.3688816,-0.29059836,-0.2098557
9417_TUBB4B_P1_ENSG00000188229,TUBB4B,-0.54085755,-0.15365,-0.34480062,-0.24465515
9418_TUBB4B_P2_ENSG00000188229,TUBB4B,-0.4567795,-0.012018614,-0.123319805,-0.4082717
9419_TUBB6_P1P2_ENSG00000176014,TUBB6,-0.030492533,-0.10584642,-0.004248969,-0.38520727
941_BZW2_P1P2_ENSG00000136261,BZW2,-0.053069822,-0.12865542,0.22352496,-0.2310395
9421_TUBB_P2_ENSG00000196230,TUBB,0.41721746,-0.12306522,0.78739053,-0.7822647
9422_TUBD1_P1P2_ENSG00000108423,TUBD1,0.1903871,0.9455746,-0.7104002,-0.44360438
9423_TUBE1_P1P2_ENSG00000074935,TUBE1,-0.22333695,-0.96902335,0.050171815,-0.7424439
9424_TUBG1_P1P2_ENSG00000131462,TUBG1,-0.6356629,-1.3700317,0.26384783,-1.2594261
9425_TUBGCP2_P1P2_ENSG00000130640,TUBGCP2,0.19600657,1.1858354,-0.063618615,-0.08181643
9427_TUBGCP4_P1P2_ENSG00000137822,TUBGCP4,-0.40175864,-0.5073124,0.6947681,-0.41042647
9428_TUBGCP5_P1P2_ENSG00000275835,TUBGCP5,0.56873953,-0.6282633,0.55026793,-0.29790533
9429_TUBGCP6_P1P2_ENSG00000128159,TUBGCP6,0.14816436,-0.411276,-0.22513403,-0.53678185
942_LRMDA_ENST00000372499.1_ENSG00000148655,LRMDA,-0.3396518,-1.8749477,-0.06397716,-1.2446918
9430_TUFM_P1P2_ENSG00000178952,TUFM,2.0462272,0.3775142,-1.5084459,0.25436744
9431_TULP1_P1P2_ENSG00000112041,TULP1,0.010672867,0.06327162,0.13441189,-0.38037878
9432_TULP4_P1P2_ENSG00000130338,TULP4,-0.12637752,-0.12807183,0.55387247,-0.6217692
9433_TUSC2_P1P2_ENSG00000114383,TUSC2,0.11078312,-0.5031942,0.17131482,-0.059652064
9434_TUSC3_P1P2_ENSG00000104723,TUSC3,0.43432057,-0.78846306,-0.39476618,-0.22347811
9435_TUT1_P1_ENSG00000149016,TUT1,-0.35835293,0.25698823,0.40256807,2.704412
9436_TUT1_P2_ENSG00000149016,TUT1,-0.45546865,0.09836657,-0.3052827,-0.27892035
9437_TVP23B_P1P2_ENSG00000171928,TVP23B,0.017878482,-0.0342316,0.102277555,-0.09188578
9438_TVP23C_P1P2_ENSG00000175106,TVP23C,-0.24463917,-0.550913,0.051214475,-0.7855147
9439_TWF1_P1P2_ENSG00000151239,TWF1,-0.5848457,-0.5929801,0.27325547,-0.5212715
943_TMEM273_P1P2_ENSG00000204161,TMEM273,-0.028424947,-0.4519929,-0.34932876,-0.7371374
9440_TWF2_P1P2_ENSG00000247596,TWF2,-0.3334889,-0.32059038,-0.17473768,-0.11947019
9441_TWIST1_P1P2_ENSG00000122691,TWIST1,-0.35001048,0.7649162,0.08840779,-0.13011113
9442_TWIST2_P1P2_ENSG00000233608,TWIST2,-0.22446597,0.35562125,-0.1513703,0.16781415
9443_TWISTNB_P1P2_ENSG00000105849,TWISTNB,0.865056,-0.5422096,7.4046397,-1.0148953
9444_TWSG1_P1P2_ENSG00000128791,TWSG1,0.55319613,-0.35294652,1.4899235,-0.48808876
9445_TXLNA_P1P2_ENSG00000084652,TXLNA,0.34323215,1.1749407,-0.9275428,0.25028208
9446_TXLNG_P1P2_ENSG00000086712,TXLNG,-0.60530657,-0.41196427,0.8498586,-0.10023768
9447_TXN2_P1P2_ENSG00000100348,TXN2,-0.11791735,-1.444046,0.34387344,-0.89358824
9448_TXNDC11_P1P2_ENSG00000153066,TXNDC11,0.30413616,-0.14686102,-0.52903116,-0.08396852
9449_TXNDC12_P1P2_ENSG00000117862,TXNDC12,1.0385318,-0.58502257,0.9886315,-0.8822095
944_TWNK_P1P2_ENSG00000107815,TWNK,1.6219043,-0.1924739,-0.6925675,0.12553868
9450_TXNDC15_P1P2_ENSG00000113621,TXNDC15,0.20075138,-0.24847513,0.20308979,-0.76158094
9451_TXNDC17_P1P2_ENSG00000129235,TXNDC17,-0.0021872106,-0.552365,-0.9511013,0.64112836
9452_TXNDC5_P1P2_ENSG00000239264,TXNDC5,0.22935556,0.16255705,0.29272383,-0.36546713
9453_TXNDC9_P1P2_ENSG00000115514,TXNDC9,0.9537825,0.52678597,0.73033684,1.8754623
9455_TXNIP_P2_ENSG00000265972,TXNIP,-0.01754781,-0.40182343,-0.40383276,0.11353627
9456_TXNL1_P1P2_ENSG00000091164,TXNL1,-0.8136134,-0.47884077,0.09154598,-0.49415025
9457_TXNL4A_P1P2_ENSG00000141759,TXNL4A,0.6811579,0.8222647,-1.0638143,1.1611358
9458_TXNL4B_P1P2_ENSG00000140830,TXNL4B,0.11592107,0.1848711,0.38659465,0.29266
"9459_TXNRD1_ENST00000429002.2,ENST00000525566.1_ENSG00000198431",TXNRD1,0.337602,-0.53602433,0.15770333,-0.7583307
945_FAM241B_P1P2_ENSG00000171224,FAM241B,-0.123287104,-0.16057779,-1.0405844,-0.16940098
9460_TXNRD2_P1P2_ENSG00000184470,TXNRD2,-0.029839376,-0.42681184,-0.31036568,-0.08114819
9461_TXN_P1P2_ENSG00000136810,TXN,-0.46735457,0.38873982,4.347583,1.1468887
9462_TYK2_P1P2_ENSG00000105397,TYK2,-0.54765826,-0.8501937,-1.1927805,0.30996424
9463_TYMP_P1P2_ENSG00000025708,TYMP,0.041293632,0.21480261,0.010565755,0.36251158
9464_TYMS_P1P2_ENSG00000176890,TYMS,-0.78013635,-1.2241038,1.726276,-0.51505834
9465_TYRO3_P1P2_ENSG00000092445,TYRO3,-0.3287328,-0.8642159,-0.01335494,-0.48246217
9466_TYROBP_P1P2_ENSG00000011600,TYROBP,0.41363782,-0.32196847,-0.83983207,0.24425201
9467_TYW1B_ENST00000343721.5_ENSG00000277149,TYW1B,0.40084806,-0.07563716,0.3132831,-0.5164343
9468_TYW1_P1P2_ENSG00000198874,TYW1,-0.9546663,-0.2291303,0.07621115,-0.15682039
946_C10orf88_P1P2_ENSG00000119965,C10orf88,0.72379196,1.2741348,0.02390367,-0.19971566
9470_TYW5_P1P2_ENSG00000162971,TYW5,-0.005499235,-0.2885308,1.071683,-0.37126422
9471_TBXT_P1P2_ENSG00000164458,TBXT,-0.407808,-0.18810713,0.09684396,0.0065672034
9472_U2AF1L4_P1P2_ENSG00000161265,U2AF1L4,-0.44259453,-0.21590887,-0.18567231,-0.6487934
9473_U2AF1_P1P2_ENSG00000160201,U2AF1,0.29641053,0.15372635,0.62253255,0.59386533
9474_U2AF2_P1P2_ENSG00000063244,U2AF2,-0.07706878,-0.5070574,0.9946383,0.768159
9475_U2SURP_P1P2_ENSG00000163714,U2SURP,1.4215599,0.8426451,-1.9028691,0.07093689
9476_UAP1_P1P2_ENSG00000117143,UAP1,0.2096846,-0.20196131,0.056147832,0.76882374
9477_UBA1_P2_ENSG00000130985,UBA1,0.38147932,0.12870362,0.26423842,-0.6086488
9478_UBA1_P1_ENSG00000130985,UBA1,0.9644369,1.6296175,2.2886612,3.1353428
9479_UBA2_P1P2_ENSG00000126261,UBA2,-0.15362835,1.6863402,-0.1371895,2.1575146
947_C11orf1_P1P2_ENSG00000137720,C11orf1,0.06488988,-0.8613848,0.37753373,0.23794912
9480_UBA3_P1P2_ENSG00000144744,UBA3,1.3237468,-0.4237647,0.37958583,2.7777555
9481_UBA52_P2_ENSG00000221983,UBA52,0.9315374,0.48850796,-0.6527383,-0.12824847
9482_UBA52_P1_ENSG00000221983,UBA52,-0.4760717,-0.42207587,2.1919086,0.20989496
9483_UBA5_P1P2_ENSG00000081307,UBA5,-0.16466911,4.275768,-0.55251175,0.3506923
9484_UBA6_P1P2_ENSG00000033178,UBA6,0.060689814,-0.41390696,-1.8781593,1.7105383
9485_UBAC1_P1P2_ENSG00000130560,UBAC1,0.20895009,0.15455556,-0.44975913,0.13529405
9486_UBAC2_P1P2_ENSG00000134882,UBAC2,0.21384805,0.90752256,-0.26681018,-0.2850986
9487_UBALD1_P1P2_ENSG00000153443,UBALD1,-0.41608337,-0.35878214,0.017362364,-0.043387465
9488_UBALD2_P1P2_ENSG00000185262,UBALD2,-0.0839269,-0.20458919,0.19497865,-0.37625962
9489_UBAP1_P1P2_ENSG00000165006,UBAP1,0.12585261,-0.77752155,-0.08575653,1.9446417
948_C11orf24_P1P2_ENSG00000171067,C11orf24,-0.019927362,-0.74977154,-0.80158836,-0.7692827
9490_UBAP2L_P1P2_ENSG00000143569,UBAP2L,-0.0050576893,0.4085164,2.3126976,-0.97652316
9491_UBAP2_P1P2_ENSG00000137073,UBAP2,0.10842306,0.0208789,-0.24995875,0.14894195
9492_UBB_P1P2_ENSG00000170315,UBB,0.21622035,0.030848118,-0.052638352,-0.45078203
9493_UBC_P1P2_ENSG00000150991,UBC,-0.00086070306,-0.36578268,0.5117228,0.006169615
9494_UBE2A_P1P2_ENSG00000077721,UBE2A,-0.32375723,-0.26048058,-0.055915598,-0.5565987
9495_UBE2B_P1P2_ENSG00000119048,UBE2B,-0.58853763,1.4941522,-0.3176428,0.14473966
9496_UBE2D1_P1P2_ENSG00000072401,UBE2D1,-0.6966136,-0.15231843,-0.17219141,-0.43839976
9497_UBE2D2_P1P2_ENSG00000131508,UBE2D2,-0.53685856,0.07213875,-0.4542144,0.23029807
9498_UBE2D3_P1P2_ENSG00000109332,UBE2D3,0.25637153,-0.4968592,-0.491753,-0.07272061
9499_UBE2D4_P1P2_ENSG00000078967,UBE2D4,-0.060807288,0.40309456,-0.34944934,0.57799613
949_SELENOH_P1P2_ENSG00000211450,SELENOH,0.29300463,-0.36284024,-0.4579544,0.0038967985
94_ACP1_P1P2_ENSG00000143727,ACP1,-0.77401686,-0.7840286,1.7772963,-1.4925846
9500_UBE2E1_P1P2_ENSG00000170142,UBE2E1,-0.83994025,-0.95814425,1.1996733,-0.27760395
9501_UBE2E3_P1P2_ENSG00000170035,UBE2E3,-0.35020712,-0.43776336,-0.2808427,-0.49202147
9502_UBE2F_P1P2_ENSG00000184182,UBE2F,-1.0067662,2.1359499,1.8298157,0.10425102
9503_UBE2G1_P1P2_ENSG00000132388,UBE2G1,-0.12886958,-0.65162665,0.13485618,0.14398064
9504_UBE2G2_P1P2_ENSG00000184787,UBE2G2,-0.4504184,2.7715447,-0.2423143,-0.23288882
9505_UBE2H_P1P2_ENSG00000186591,UBE2H,-0.33755505,-0.021363,-0.3639634,0.5510765
9506_UBE2I_P1P2_ENSG00000103275,UBE2I,0.7794048,0.5383303,-0.67003644,1.885878
9507_UBE2J1_P1P2_ENSG00000198833,UBE2J1,0.31967562,1.9403553,-0.58377475,0.051436357
9508_UBE2J2_P1P2_ENSG00000160087,UBE2J2,-0.3203361,0.19128254,0.52756405,0.27957326
9509_UBE2K_P1P2_ENSG00000078140,UBE2K,-0.56274253,-0.22878714,-0.662284,-0.11514688
950_C11orf49_P1P2_ENSG00000149179,C11orf49,-0.189596,-0.057544217,-0.08242286,-0.3479938
9510_UBE2L3_P1P2_ENSG00000185651,UBE2L3,-0.4309902,-0.14584213,0.6097808,0.5497623
9511_UBE2L6_P1P2_ENSG00000156587,UBE2L6,-0.69545716,-0.11510935,-0.37340927,0.6138093
9512_UBE2M_P1P2_ENSG00000130725,UBE2M,-0.0016848772,-0.2004097,0.32106757,-0.31416738
9513_UBE2N_P1P2_ENSG00000177889,UBE2N,-0.29762763,-0.56179744,0.9054227,-1.0081146
9514_UBE2O_P1P2_ENSG00000175931,UBE2O,-0.29894644,-0.05153739,-0.086948715,-0.61160487
9515_UBE2Q1_P1P2_ENSG00000160714,UBE2Q1,-0.18744367,-0.47637752,-0.002642699,-0.13282545
9516_UBE2Q2_P1P2_ENSG00000140367,UBE2Q2,-0.4511888,-0.24428336,-0.07533027,-0.7355887
9517_UBE2R2_P1P2_ENSG00000107341,UBE2R2,0.20666295,0.17245792,-1.4512848,2.1879747
9518_UBE2S_P1P2_ENSG00000108106,UBE2S,-0.87865585,0.39245656,1.5269394,-0.27309728
9519_UBE2T_P1P2_ENSG00000077152,UBE2T,0.09060853,-0.7617552,0.5078601,-0.20729704
951_C11orf54_P1P2_ENSG00000182919,C11orf54,0.03304105,0.3060467,0.2844132,-0.520408
9520_UBE2V1_P1P2_ENSG00000244687,UBE2V1,0.17523375,0.44546235,0.45614314,0.16227898
9521_UBE2V2_P1P2_ENSG00000169139,UBE2V2,1.0786465,0.012354584,-1.0785787,-0.46690926
9522_UBE2W_P1P2_ENSG00000104343,UBE2W,-0.40926144,-0.49818105,0.49706417,-0.31769332
9523_UBE2Z_P1P2_ENSG00000159202,UBE2Z,-0.09613603,-0.0010379867,-0.30767313,0.0432112
9524_UBE3A_P1P2_ENSG00000114062,UBE3A,-0.27163464,-0.42425787,0.1745457,-0.34308898
9525_UBE3B_P1P2_ENSG00000151148,UBE3B,0.03675133,0.50566614,0.15609287,0.11480666
9526_UBE3C_P1P2_ENSG00000009335,UBE3C,0.45652097,1.3279598,0.25953498,1.9368922
9527_UBE3D_P1P2_ENSG00000118420,UBE3D,-1.0427548,-0.23825009,0.21250778,-0.054952536
9528_UBE4A_P1P2_ENSG00000110344,UBE4A,-0.6967979,0.053759005,-0.9862978,0.0704605
9529_UBE4B_P1P2_ENSG00000130939,UBE4B,0.84843934,-0.25739866,0.22156575,-0.031749334
952_NKAPD1_P1P2_ENSG00000150776,NKAPD1,-0.6985873,1.4904523,-0.4083305,0.66008437
9530_UBFD1_P1P2_ENSG00000103353,UBFD1,-0.8800821,-0.48008174,2.167012,-0.04711325
9531_UBIAD1_P1P2_ENSG00000120942,UBIAD1,-0.732033,-0.16468841,-0.17262562,-0.7635081
9532_UBL3_P1P2_ENSG00000122042,UBL3,0.12704533,0.59413457,0.28035387,0.7283643
9533_UBL4A_P1P2_ENSG00000102178,UBL4A,-0.27287284,-0.34775093,0.052060157,-0.10005088
9534_UBL5_P1P2_ENSG00000198258,UBL5,-0.28152215,1.2998242,-0.034744788,0.0009303773
9535_UBL7_P2_ENSG00000138629,UBL7,-0.32589626,-0.5477652,-0.21899582,-0.15625651
9536_UBL7_P1_ENSG00000138629,UBL7,0.1699906,0.22607414,0.3545797,0.09110702
9537_UBLCP1_P1P2_ENSG00000164332,UBLCP1,0.5467793,0.059502326,0.31536874,0.21859056
9538_UBN1_P1P2_ENSG00000118900,UBN1,-0.64264244,-0.2674396,0.3362074,-1.3275871
9539_UBN2_P1P2_ENSG00000157741,UBN2,-0.34951055,-0.14422683,0.006064867,0.15589006
953_C11orf58_P1P2_ENSG00000110696,C11orf58,-0.27623868,-0.8723066,0.102500066,-0.28860423
9540_UBP1_P1P2_ENSG00000153560,UBP1,-0.35749158,0.72103983,-0.50006384,0.52025384
9541_UBQLN1_P1P2_ENSG00000135018,UBQLN1,-0.32482463,0.44224438,0.14911021,0.5001708
9542_UBQLN2_P1P2_ENSG00000188021,UBQLN2,-0.47258246,0.01756515,-0.4531776,-0.29543045
9543_UBQLN4_P1P2_ENSG00000160803,UBQLN4,0.24932538,0.9810934,-0.91576385,0.44093788
9544_UBR1_P1P2_ENSG00000159459,UBR1,-0.63349175,-0.564371,-0.8304273,-0.90584666
9545_UBR2_P1P2_ENSG00000024048,UBR2,0.77888983,-0.26599586,-0.020954322,-0.74957615
9546_UBR3_P1P2_ENSG00000144357,UBR3,-0.5606263,-0.34555727,-0.41947788,0.2274186
9547_UBR4_P1P2_ENSG00000127481,UBR4,0.424189,-0.4281483,0.39833227,-0.116343796
9548_UBR5_P1P2_ENSG00000104517,UBR5,-0.48196912,-0.798089,2.4254563,-1.5114062
9549_UBR7_P1P2_ENSG00000012963,UBR7,0.06929516,0.017117864,-0.2950659,-0.2946399
954_C11orf68_P1P2_ENSG00000175573,C11orf68,-0.062833264,-0.42130864,-0.50402784,-0.57792103
9550_UBTF_P1P2_ENSG00000108312,UBTF,-0.6482334,-0.0072703296,-0.22464503,-0.24347611
9551_UBXN10_P1P2_ENSG00000162543,UBXN10,0.16135874,-0.118723355,-0.09815703,0.22111824
9552_UBXN11_P1P2_ENSG00000158062,UBXN11,-0.21166843,-0.056902338,0.6599579,-0.016007412
9553_UBXN1_P1P2_ENSG00000162191,UBXN1,-0.26291287,-0.15287347,0.12189274,-0.3438488
9555_UBXN2A_P1_ENSG00000173960,UBXN2A,-0.40476462,-1.0250336,-0.9316798,-0.40855682
9556_UBXN2B_P1P2_ENSG00000215114,UBXN2B,-0.75400335,-0.44583362,-0.2835436,0.14800425
9557_UBXN4_P1P2_ENSG00000144224,UBXN4,0.4454145,0.56556946,0.019171542,-0.21374685
9558_UBXN6_P2_ENSG00000167671,UBXN6,-0.101597846,-0.649093,-0.5904989,-0.7556955
9559_UBXN6_P1_ENSG00000167671,UBXN6,0.0820168,-0.65966105,-0.38069484,-0.30600277
955_C11orf71_P1P2_ENSG00000180425,C11orf71,-0.122610465,-0.29406732,-0.30470294,-0.37555945
9560_UBXN7_P1P2_ENSG00000163960,UBXN7,0.5121847,-1.0831487,-0.42344406,-0.2715105
9561_UBXN8_P1P2_ENSG00000104691,UBXN8,0.2300134,0.3175013,-0.24081154,-0.42765805
9562_UCHL3_P1P2_ENSG00000118939,UCHL3,1.0562956,0.71847796,0.113708965,-0.5900238
9563_UCHL5_P1P2_ENSG00000116750,UCHL5,-0.20122592,0.100313224,-0.8325592,1.030123
9564_UCK1_P1P2_ENSG00000130717,UCK1,-0.5219616,-0.533684,0.35207006,-0.2789741
9565_UCK2_P1P2_ENSG00000143179,UCK2,-0.55967575,-0.1803573,-0.8406434,1.1535865
9566_UCKL1_P1P2_ENSG00000198276,UCKL1,0.13996711,0.21146195,0.43944132,0.0906279
9567_UCP2_P1P2_ENSG00000175567,UCP2,-0.19033326,-0.23877947,0.104370855,-0.38963678
9568_UFC1_P1P2_ENSG00000143222,UFC1,0.14685066,2.3237922,-0.5143802,0.3183385
9569_UFD1_P1P2_ENSG00000070010,UFD1,-0.25622642,0.2650366,0.16244465,0.829711
956_HIKESHI_P1P2_ENSG00000149196,HIKESHI,-0.24776933,0.40272123,-0.65653914,0.488033
9570_UFL1_P1P2_ENSG00000014123,UFL1,-0.2657559,5.6209497,-0.8482455,-0.17973386
9571_UFM1_P1P2_ENSG00000120686,UFM1,-0.023983492,6.206726,-0.71548265,0.27311334
9572_UFSP1_P1P2_ENSG00000176125,UFSP1,-0.24659255,0.2167453,-0.32800895,-0.32894444
9573_UFSP2_P1P2_ENSG00000109775,UFSP2,0.30636656,-0.35054052,-0.2615079,0.08372359
9574_UGCG_P1P2_ENSG00000148154,UGCG,-0.46120393,0.105969094,2.3781333,0.7047084
9575_UGDH_P1P2_ENSG00000109814,UGDH,-0.23529239,0.46772268,0.4641458,1.36195
9576_UGGT1_P1P2_ENSG00000136731,UGGT1,-0.18089496,2.7536395,0.029729525,-0.5455494
9577_UGGT2_P1P2_ENSG00000102595,UGGT2,-0.12315207,-0.31964144,-0.2983656,-0.23503791
9578_UGP2_P1P2_ENSG00000169764,UGP2,-0.24774623,1.4594157,0.293835,-0.0551429
9579_UGT8_P1P2_ENSG00000174607,UGT8,0.08311343,-0.30997637,0.4816262,-0.047120087
9580_UHMK1_P1P2_ENSG00000152332,UHMK1,-0.29652178,-0.080296315,0.31056917,0.014424064
9581_UHRF1BP1L_P1P2_ENSG00000111647,UHRF1BP1L,-0.74945563,0.7103645,0.07299067,-0.4381355
9582_UHRF1BP1_P1P2_ENSG00000065060,UHRF1BP1,2.187576,-1.1641458,-0.57933533,-0.569676
9583_UHRF1_P1P2_ENSG00000276043,UHRF1,2.229021,0.86782223,0.2775973,2.3525176
9584_UHRF2_P1P2_ENSG00000147854,UHRF2,0.3085574,-0.25985107,0.047169514,-0.129578
9585_UIMC1_P1P2_ENSG00000087206,UIMC1,-0.12746973,-0.055332106,0.5256987,0.0525602
9586_ULK3_P1P2_ENSG00000140474,ULK3,-0.33635497,-1.1945804,0.21187012,-1.6900684
9587_UMPS_P1P2_ENSG00000114491,UMPS,-0.18032978,-2.597787,7.692126,-1.1987932
9588_UNC119B_P1P2_ENSG00000175970,UNC119B,-0.26227835,0.14689052,-0.19901238,-0.64104337
9589_UNC119_P2_ENSG00000109103,UNC119,-0.39346528,-0.22271524,-0.4303664,0.22173946
958_C11orf80_P1P2_ENSG00000173715,C11orf80,0.7998745,0.3934044,-0.3666304,-0.035725966
9590_UNC119_P1_ENSG00000109103,UNC119,-0.14785686,-0.010441822,-0.31431255,-0.3317272
9591_UNC13D_P1P2_ENSG00000092929,UNC13D,-0.21143106,0.17528309,-0.19158939,-0.13812494
9592_UNC45A_P1_ENSG00000140553,UNC45A,-0.57244843,-0.94690526,-0.32878754,-0.81840336
9593_UNC45A_P2_ENSG00000140553,UNC45A,-0.42073646,-0.5104914,0.046057653,-0.07618978
9594_UNC50_P1P2_ENSG00000115446,UNC50,0.2812113,0.69693804,-0.5064414,1.2435415
9595_UNC93B1_P1P2_ENSG00000110057,UNC93B1,-0.40634936,-0.25743017,0.33099398,-0.5127309
9596_UNCX_P1P2_ENSG00000164853,UNCX,0.16773929,0.99172854,-0.6792179,0.43502977
9597_UNG_P1P2_ENSG00000076248,UNG,0.01432375,0.5361554,-0.34042862,-0.5053802
9598_UNKL_P1P2_ENSG00000059145,UNKL,-0.15546396,-0.18478955,-0.64434564,-0.14954972
9599_UNK_P1P2_ENSG00000132478,UNK,0.4626299,0.1451077,-0.14802608,-0.11791164
959_SPINDOC_P1P2_ENSG00000168005,SPINDOC,-0.72286403,0.2156022,0.69159794,1.6760583
95_ACP2_P1P2_ENSG00000134575,ACP2,0.6715439,-0.56865555,-0.5315641,-0.4807545
9600_UPF1_P1P2_ENSG00000005007,UPF1,0.51476973,1.3910806,-0.5966355,0.18373752
9601_UPF2_P1P2_ENSG00000151461,UPF2,0.4322861,1.8601791,-0.30204672,0.18377227
9602_UPF3A_P1P2_ENSG00000169062,UPF3A,-0.65018326,-0.18456364,0.38948894,-0.54336375
9603_UPF3B_P1P2_ENSG00000125351,UPF3B,-0.22830933,0.31258684,-0.021060817,-0.032126907
9604_UPRT_P1P2_ENSG00000094841,UPRT,-0.40574488,-0.59102756,-0.37064368,-0.52904004
9605_UQCC1_P1P2_ENSG00000101019,UQCC1,-0.36884108,-1.1003407,0.20553887,-0.9705822
9606_UQCC2_P1P2_ENSG00000137288,UQCC2,-0.22850001,-0.49508598,0.9574646,0.54572135
9607_UQCR10_P1P2_ENSG00000184076,UQCR10,-0.59979934,-0.9983856,0.39433098,-1.4352322
9608_UQCR11_P1P2_ENSG00000127540,UQCR11,0.44976392,-0.3389531,-0.57577986,-0.041390244
9609_UQCRB_P1P2_ENSG00000156467,UQCRB,0.36373317,-0.98371226,0.46618974,-0.60727096
960_C11orf95_P1P2_ENSG00000188070,C11orf95,-0.043449365,0.30098453,-0.39789256,0.10711857
9610_UQCRC1_P1_ENSG00000010256,UQCRC1,-0.15023549,-1.1173476,0.7435264,-0.7898
9611_UQCRC1_P2_ENSG00000010256,UQCRC1,0.09971805,-0.31893232,-0.29166645,-0.10606759
9612_UQCRC2_P1P2_ENSG00000140740,UQCRC2,1.176175,-0.99301267,0.91139114,0.012866936
9613_UQCRFS1_P1P2_ENSG00000169021,UQCRFS1,-1.4146096,-1.8175334,2.530207,0.302804
9614_UQCRHL_P1P2_ENSG00000233954,UQCRHL,-0.19660561,0.27568188,-0.22439814,-0.023841212
9615_UQCRH_P1P2_ENSG00000173660,UQCRH,-0.38962233,-0.17882434,-0.14082518,0.12794653
9616_UQCRQ_P1P2_ENSG00000164405,UQCRQ,0.7251825,-0.58976203,0.36243647,0.4211416
9617_URB1_P1P2_ENSG00000142207,URB1,-0.4661487,-1.1172904,-0.25611547,-1.3020447
9618_URB2_P1P2_ENSG00000135763,URB2,-0.5107768,-0.24060343,0.6712453,-0.08199246
9619_URGCP_P1_ENSG00000106608,URGCP,-0.0392441,0.17896537,-0.6430788,0.12830178
961_C11orf96_P1P2_ENSG00000187479,C11orf96,0.12303184,-0.32715037,-0.79933524,-0.60160625
9620_URGCP_P2_ENSG00000106608,URGCP,-0.2962191,-0.2409008,-0.23803058,-0.1482241
9621_URI1_P1P2_ENSG00000105176,URI1,-1.3966521,-0.5698944,-0.20498435,-0.1830775
9622_URM1_P1P2_ENSG00000167118,URM1,0.059348222,1.2402772,-1.0068198,0.35629916
9623_UROD_P1P2_ENSG00000126088,UROD,-0.76091766,-0.20914608,-0.39065862,-0.32841706
9624_UROS_P1P2_ENSG00000188690,UROS,0.4864622,1.0194573,-0.38327515,0.14527898
9625_USB1_P1P2_ENSG00000103005,USB1,-0.47838363,-0.108421184,-0.6208654,-0.572128
9626_USE1_P1P2_ENSG00000053501,USE1,1.4250245,0.6414197,-0.23920569,1.8459855
9627_USF1_P1P2_ENSG00000158773,USF1,-0.17921509,0.42368203,-0.6454668,0.63904923
9628_USF2_P1P2_ENSG00000105698,USF2,-0.29258066,-0.21166274,-0.20021904,-0.26115847
9629_ATP5MD_P1P2_ENSG00000173915,ATP5MD,0.7645602,0.14606187,0.263672,0.27932677
962_C12orf29_P1P2_ENSG00000133641,C12orf29,-0.47111294,0.21548817,0.17148298,-0.46673107
9630_USO1_P1P2_ENSG00000138768,USO1,-0.69254833,-0.26786292,-0.004845415,0.01091891
9631_USP10_P1P2_ENSG00000103194,USP10,0.115763046,0.11155876,-0.031005573,-0.26323596
9632_USP11_P1P2_ENSG00000102226,USP11,-0.17333221,-0.092424445,-0.5804601,0.00047078848
9633_USP12_P1P2_ENSG00000152484,USP12,-0.20052901,-0.3806113,0.055744935,-0.45617285
9634_USP13_P1P2_ENSG00000058056,USP13,-0.21662088,-0.18825988,-0.2876558,-0.35774553
9635_USP14_P1P2_ENSG00000101557,USP14,-0.25610211,2.443422,-0.79330796,1.7550563
9636_USP15_P1P2_ENSG00000135655,USP15,1.2207489,0.53180826,0.1626039,1.5793355
9637_USP16_P1P2_ENSG00000156256,USP16,0.18565375,-0.3782158,-0.26003018,-0.05731409
9638_USP19_P1P2_ENSG00000172046,USP19,-0.122988105,-0.5333868,-0.47742528,-0.44507277
9639_USP1_P1P2_ENSG00000162607,USP1,-0.8147728,-1.4482487,1.9765465,-0.18548207
963_C12orf43_P1P2_ENSG00000157895,C12orf43,-0.3106814,0.51770926,-0.23230524,0.07251966
9640_USP20_P1P2_ENSG00000136878,USP20,-0.38000485,-0.19953226,-0.56231976,0.066901505
9641_USP21_P1P2_ENSG00000143258,USP21,-0.03181551,2.4728148,0.0076303873,1.9008503
9642_USP22_P1P2_ENSG00000124422,USP22,0.08842924,0.77909344,0.8937939,0.5658755
9643_USP24_P1P2_ENSG00000162402,USP24,-0.012366635,-0.45554063,-0.65388054,0.19206904
9644_USP25_P1P2_ENSG00000155313,USP25,0.41107655,-0.4926097,-0.4938949,-0.124588616
9645_USP28_P1P2_ENSG00000048028,USP28,-0.06624018,0.0929239,0.47185695,-0.12846085
9646_USP2_P1_ENSG00000036672,USP2,-0.9840858,0.41063562,-0.54726297,-0.4335115
9647_USP2_P2_ENSG00000036672,USP2,-0.6321105,-0.33396676,-0.3739676,-0.11386399
9648_USP30_P1P2_ENSG00000135093,USP30,0.06874579,0.029633038,-0.58072096,-0.015622228
9649_USP32_P1P2_ENSG00000170832,USP32,0.049427196,0.11919829,1.0693561,0.07592175
964_C12orf45_P1P2_ENSG00000151131,C12orf45,-0.32696202,-0.21668696,1.0538225,-0.29309747
9650_USP33_P1P2_ENSG00000077254,USP33,-0.29967174,-0.97264236,0.26952475,-0.66270226
9651_USP34_P1P2_ENSG00000115464,USP34,0.10461289,-0.040583983,-0.91317254,0.2708667
9652_USP36_P1P2_ENSG00000055483,USP36,0.17193222,-0.28423956,0.440053,-0.41426128
9653_USP37_P1P2_ENSG00000135913,USP37,-0.26325798,2.1154904,2.491853,1.1244836
9654_USP38_P1P2_ENSG00000170185,USP38,-0.41898218,-0.2411296,0.5498117,-0.18040968
9655_USP39_P2_ENSG00000168883,USP39,-0.7460852,-0.4298875,-0.519623,-0.7367715
9656_USP39_P1_ENSG00000168883,USP39,0.09976349,2.828865,-1.8324002,-0.37914816
9657_USP3_P1P2_ENSG00000140455,USP3,-0.12849276,-0.02482211,0.04361345,0.19737671
9658_USP40_P1P2_ENSG00000085982,USP40,0.068078056,-0.56321704,-0.4329023,-0.25772753
9659_USP42_P1P2_ENSG00000106346,USP42,0.20091307,-0.6050119,-0.7970655,-0.6455354
965_C12orf49_P1P2_ENSG00000111412,C12orf49,0.5498301,-0.8862898,-0.45046914,0.3945081
9660_USP44_P1_ENSG00000136014,USP44,-0.19779433,-0.66309464,-0.07929731,0.92904645
9661_USP44_P2_ENSG00000136014,USP44,0.5698577,-0.25166366,-0.40525496,-0.010882353
9662_USP45_P1P2_ENSG00000123552,USP45,-0.10955343,-0.33388165,-0.06495677,-0.35475692
9663_USP46_P1P2_ENSG00000109189,USP46,-0.046334215,-0.3422996,-0.2866083,-0.11892334
9664_USP47_P1P2_ENSG00000170242,USP47,0.035818595,-0.21030968,-0.2958624,-0.39942586
9665_USP48_P1P2_ENSG00000090686,USP48,0.1961054,-0.61079407,0.59825885,-0.2198472
9666_USP49_P1P2_ENSG00000164663,USP49,-0.59859324,-0.20152977,-0.06428061,-0.69538325
9668_USP51_P1P2_ENSG00000247746,USP51,-0.34956324,-0.4699007,-0.25351152,0.24996884
9669_USP53_P1P2_ENSG00000145390,USP53,0.17707162,-0.036872778,-0.2455365,-0.06561842
966_C12orf4_P1P2_ENSG00000047621,C12orf4,0.021016007,0.29865786,-0.14305396,-0.43865797
9670_USP54_P2_ENSG00000166348,USP54,-0.73035747,-0.47315252,0.16801012,-0.5597702
9671_USP54_P1_ENSG00000166348,USP54,-0.90569353,-0.43582237,0.11087802,0.26330334
9672_USP5_P1_ENSG00000111667,USP5,0.57826924,0.41990742,0.53479695,4.1907783
9673_USP5_P2_ENSG00000111667,USP5,-0.27472913,-0.21735415,-0.37190938,-0.11498855
9674_USP6NL_ENST00000277575.5_ENSG00000148429,USP6NL,-0.506929,-0.59308404,-0.17087516,-0.033517104
9675_USP7_P1P2_ENSG00000187555,USP7,-0.05112927,-0.28592867,-0.7206392,-0.030284474
9676_USP8_P1P2_ENSG00000138592,USP8,0.27566963,-0.28396064,-0.2939551,0.3011501
9677_USP9X_P1P2_ENSG00000124486,USP9X,-0.2950701,-0.3420139,0.11803297,-0.51412374
9678_USPL1_P1P2_ENSG00000132952,USPL1,0.24292369,0.80979913,-0.01222225,0.6026782
9679_UTP11_P1P2_ENSG00000183520,UTP11,-0.2567618,0.6326818,1.9082134,0.5760612
967_C12orf57_P1P2_ENSG00000111678,C12orf57,-0.58722985,0.11094299,-0.35905138,-0.46146035
9682_UTP15_P1P2_ENSG00000164338,UTP15,-0.9250243,-0.8510168,4.297789,-0.8227363
9683_UTP18_P1P2_ENSG00000011260,UTP18,0.22591531,0.5301136,1.1634719,-0.49434668
9684_UTP20_P1P2_ENSG00000120800,UTP20,-0.14652766,0.76789635,1.1321815,0.25851932
9685_UTP23_P1P2_ENSG00000147679,UTP23,-0.020629477,0.5090627,0.58483106,0.24253525
9687_UTP6_P1P2_ENSG00000108651,UTP6,-0.5441943,0.19037312,1.8051096,0.007943127
9688_UTRN_ENST00000367545.3_ENSG00000152818,UTRN,-0.47478056,0.57515097,-0.32848296,0.15972985
968_C12orf60_P1P2_ENSG00000182993,C12orf60,0.8065918,0.7484356,5.458356,2.9311037
9690_UXS1_P1P2_ENSG00000115652,UXS1,-0.01761252,1.2065593,0.11350679,-0.25114357
9691_UXT_P1P2_ENSG00000126756,UXT,-0.070766,0.50849724,-0.9886399,0.32113647
9692_VAC14_P1P2_ENSG00000103043,VAC14,0.08297132,-0.5977964,-0.23053654,-0.5454964
9693_VAMP1_P1P2_ENSG00000139190,VAMP1,-0.38102195,0.06877179,1.1445116,-0.66780114
9694_VAMP2_P1P2_ENSG00000220205,VAMP2,0.13198665,0.16663206,-0.27438527,-0.15414058
9695_VAMP3_P1P2_ENSG00000049245,VAMP3,-0.378831,-0.069088735,-0.043862566,-0.16712378
9696_VAMP4_P1P2_ENSG00000117533,VAMP4,-0.545018,-0.8296656,0.6834724,-1.070728
9697_VAMP7_P1P2_ENSG00000124333,VAMP7,0.01950066,-0.39226276,0.3819042,0.5046656
9698_VAMP8_P2_ENSG00000118640,VAMP8,-0.6534463,-0.09560147,0.4082226,-0.6263273
9699_VAMP8_P1_ENSG00000118640,VAMP8,0.5581283,0.20012113,-0.37161,0.5670092
969_C12orf65_P1P2_ENSG00000130921,C12orf65,0.39828718,-0.20968972,-0.38071978,0.7605186
96_ACP5_P1_ENSG00000102575,ACP5,1.9318235,1.3229216,-0.9632845,0.09321558
9700_VAPA_P1P2_ENSG00000101558,VAPA,-0.57524735,-0.648184,-0.17649911,-0.1848595
9701_VAPB_P1P2_ENSG00000124164,VAPB,-0.3962776,-0.21839163,0.12249043,-0.32829356
9702_VARS2_P1P2_ENSG00000137411,VARS2,1.0542085,-1.0937756,-1.1360589,-0.22487962
9703_VARS_P1P2_ENSG00000204394,VARS,10.242951,4.2796526,-2.6286564,4.697973
9704_VASP_P1P2_ENSG00000125753,VASP,0.008721747,-0.30055204,0.38327506,-0.84848064
9705_VAT1_P1P2_ENSG00000108828,VAT1,0.34394845,0.17320623,-0.4384941,0.13748004
9706_VAV1_P1P2_ENSG00000141968,VAV1,0.47653273,-0.785215,0.31604093,-0.79500616
9707_VAX1_P1P2_ENSG00000148704,VAX1,-0.19046377,0.30237088,-0.77035403,-0.08187772
9708_VAX2_P1P2_ENSG00000116035,VAX2,-0.27177468,0.6949828,-0.6460014,0.26095533
9709_VBP1_P1P2_ENSG00000155959,VBP1,0.006843363,-0.15806808,-0.08396757,0.071912006
970_C12orf73_P1_ENSG00000204954,C12orf73,0.31772637,-0.26317906,0.0022402448,-0.74415195
9710_VCL_P1P2_ENSG00000035403,VCL,-0.07492521,0.2287492,-0.19920352,-0.27722517
9711_VCPIP1_P1P2_ENSG00000175073,VCPIP1,0.02402188,0.21165681,-0.5959047,-0.09030826
9712_VCP_P1P2_ENSG00000165280,VCP,0.096279204,0.10783834,0.17858574,-0.15807523
9713_VCX_P1P2_ENSG00000182583,VCX,-0.632081,-0.4876679,-1.0100532,-0.117427796
9714_VDAC1_P1P2_ENSG00000213585,VDAC1,-0.33777967,-0.32148468,-0.67741734,-0.98830533
9715_VDAC2_P1P2_ENSG00000165637,VDAC2,-0.58610314,-9.727373e-05,-0.4366688,-1.1693392
9716_VDAC3_P1P2_ENSG00000078668,VDAC3,0.5048146,-0.3949878,1.0881888,1.7166548
9717_VDR_P1P2_ENSG00000111424,VDR,-1.0017577,-0.28694063,0.52072895,-0.43430907
9718_VEGFA_P1P2_ENSG00000112715,VEGFA,0.33394274,1.272673,-1.0263559,0.062435184
9719_VEGFB_P1P2_ENSG00000173511,VEGFB,-0.05710293,-0.4104107,-0.44792217,-0.07001458
971_C12orf73_P2_ENSG00000204954,C12orf73,-0.26030555,-0.011807095,-1.1075796,-0.2183999
9720_VENTX_P1P2_ENSG00000151650,VENTX,-1.7270613,-0.90682155,-1.1020979,0.23526947
9721_VEZF1_P1P2_ENSG00000136451,VEZF1,0.3771825,0.51448965,-0.46584907,0.50293833
9722_VEZT_P1P2_ENSG00000028203,VEZT,-0.5492607,-0.36338452,-0.11128479,0.053405143
9723_VGF_P1P2_ENSG00000128564,VGF,-0.24955332,0.020394918,-0.15134874,-0.42095023
9724_VGLL4_P1P2_ENSG00000144560,VGLL4,0.6076526,0.316579,-0.37394857,0.26076752
9725_VHL_P1P2_ENSG00000134086,VHL,-0.3951843,-0.044072747,0.009124001,-0.1999717
9726_VILL_P1_ENSG00000136059,VILL,-0.8938992,0.14773984,-0.13709125,0.26078665
9727_VILL_P2_ENSG00000136059,VILL,-0.12177944,-0.1917324,-0.7159245,-0.48801622
9728_SELENOS_P1P2_ENSG00000131871,SELENOS,-0.2999422,0.97195697,-0.09917939,0.5208691
9729_VIM_P1P2_ENSG00000026025,VIM,-0.7331646,-0.12519723,0.03535378,0.39785266
972_C12orf76_P1P2_ENSG00000174456,C12orf76,0.07201916,-0.55818015,-0.32973707,-0.11249546
9730_VIPAS39_P1P2_ENSG00000151445,VIPAS39,-0.6789416,0.10878442,0.07034214,-0.30143726
9731_VKORC1L1_P1P2_ENSG00000196715,VKORC1L1,-0.5738396,0.11375823,-0.5965808,-0.10881826
9732_VKORC1_P1P2_ENSG00000167397,VKORC1,-0.27301928,-0.4859221,-0.29657203,-0.1820779
9733_VMA21_P1P2_ENSG00000160131,VMA21,0.024267687,-0.5725946,-0.30885425,0.71689373
9734_VMP1_P1P2_ENSG00000062716,VMP1,0.7335645,-0.44774118,-0.40850118,1.922881
9735_VOPP1_P1P2_ENSG00000154978,VOPP1,-0.12615521,0.07171691,0.5577848,-0.8179979
9736_DCAF1_P1P2_ENSG00000145041,DCAF1,0.14443122,-0.24979983,-0.6760191,0.49224132
9737_VPS11_P1P2_ENSG00000160695,VPS11,0.17616157,-0.2779823,1.3941555,-0.77381134
9738_VPS13A_P1P2_ENSG00000197969,VPS13A,-0.12668666,-0.49034256,-0.09991602,0.8619535
9739_VPS13B_P1P2_ENSG00000132549,VPS13B,-0.40764415,0.13337047,0.34655637,0.8276056
973_C14orf119_P1P2_ENSG00000179933,C14orf119,0.27498233,-0.45228663,-1.0989144,-0.2860507
9740_VPS13C_P1P2_ENSG00000129003,VPS13C,0.5506703,-0.19670705,-0.73467773,-0.14324437
9741_VPS13D_P1P2_ENSG00000048707,VPS13D,2.5310745,0.8273192,-1.152524,1.2871054
9742_VPS16_P1P2_ENSG00000215305,VPS16,-0.29309648,-0.16406141,0.18139458,-0.6054472
9743_VPS18_P1P2_ENSG00000104142,VPS18,-0.1435379,-0.11277041,0.3236468,-0.067877196
9744_VPS25_P1P2_ENSG00000131475,VPS25,-0.059889298,0.09231841,-0.07434366,-0.028670026
9745_VPS26A_P1P2_ENSG00000122958,VPS26A,0.93551356,1.0809872,0.17010342,0.449946
9746_VPS26B_P1P2_ENSG00000151502,VPS26B,0.20911458,-0.33312073,-0.26858804,-0.05970542
9747_VPS28_P1P2_ENSG00000160948,VPS28,2.386404,-0.40030578,-1.8695313,7.444761
9748_VPS29_P1P2_ENSG00000111237,VPS29,-0.30286366,-1.0498354,2.3610272,-1.7693335
9749_VPS33A_P1P2_ENSG00000139719,VPS33A,0.105645955,-0.9030108,0.35743174,-0.036440045
974_GON7_P1P2_ENSG00000170270,GON7,0.007978576,-0.27250895,-0.13977264,0.019442927
9750_VPS33B_P1P2_ENSG00000184056,VPS33B,-0.4453593,0.6589578,-0.42746413,0.20421247
9751_VPS35_P1P2_ENSG00000069329,VPS35,-1.0564117,-0.58859724,3.0561275,-1.7946818
9752_VPS36_P1P2_ENSG00000136100,VPS36,-0.3838043,-0.5074559,-0.36164168,-0.055431712
9753_VPS37A_P1P2_ENSG00000155975,VPS37A,-0.32465953,-0.69822854,-0.13518655,-0.8036639
9754_VPS37B_P1P2_ENSG00000139722,VPS37B,-0.5684624,-0.3782318,0.43604264,-0.30785894
9755_VPS37C_P1P2_ENSG00000167987,VPS37C,-0.33960247,0.10271796,0.17481913,-0.3322335
9756_VPS39_P1P2_ENSG00000166887,VPS39,-0.53377384,-0.26246148,0.5053808,-0.6774427
9757_VPS41_P1_ENSG00000006715,VPS41,-0.0471275,-0.4458465,-0.13581434,-0.11848489
9758_VPS41_P2_ENSG00000006715,VPS41,-0.16772504,-0.3546548,-0.36545655,-0.47655162
9759_VPS45_P1P2_ENSG00000136631,VPS45,-0.3641854,-0.08043271,0.0035181374,-0.48269725
975_DGLUCY_P1P2_ENSG00000133943,DGLUCY,-0.7790561,-0.11810276,0.03020447,-0.32178888
9760_VPS4A_P1P2_ENSG00000132612,VPS4A,-0.3076558,-0.9744157,-0.37185773,0.707728
9761_VPS4B_P1P2_ENSG00000119541,VPS4B,-0.9153692,-0.28228655,0.7708936,-1.2881825
9762_VPS51_P1P2_ENSG00000149823,VPS51,0.7421828,-0.07635335,-0.6155516,2.2182813
9763_VPS52_P1P2_ENSG00000223501,VPS52,0.26187685,0.18269697,-1.0400267,1.2072014
9764_VPS53_P1P2_ENSG00000141252,VPS53,0.27609956,-1.0959034,-0.66506666,1.6799854
9765_VPS54_P1P2_ENSG00000143952,VPS54,0.16842577,-0.5576802,-1.1338953,1.1154588
9766_VPS72_P1P2_ENSG00000163159,VPS72,-0.38017333,0.40679902,-0.27824607,1.5890845
9767_VPS8_P1P2_ENSG00000156931,VPS8,0.15494949,0.83877826,0.09394514,0.58166516
9768_VRK1_P1P2_ENSG00000100749,VRK1,0.23846188,0.17219087,0.080858275,-0.21348242
9769_VRK2_P1P2_ENSG00000028116,VRK2,-0.16617431,-0.2478336,-0.059316296,0.05685413
976_RTRAF_P1P2_ENSG00000087302,RTRAF,6.0310655,1.9143618,-2.8376834,2.9687958
9770_VRK3_P1P2_ENSG00000105053,VRK3,-0.22563264,-0.3539237,0.22105557,-0.5654066
9771_VSIG10_P1P2_ENSG00000176834,VSIG10,-0.46340886,0.5545628,0.29053098,-0.460996
9772_VSX1_P1P2_ENSG00000100987,VSX1,-0.16370162,0.967751,-0.9352059,-0.33035606
9773_VSX2_P1P2_ENSG00000119614,VSX2,-1.1518315,-0.9270361,1.2401544,-1.116121
9774_VTA1_P1P2_ENSG00000009844,VTA1,0.24865957,-0.5264045,-0.36326912,0.12635088
9775_VTI1A_P1P2_ENSG00000151532,VTI1A,-0.70837456,-0.6997052,-0.2960593,-0.89268816
9776_VTI1B_P1P2_ENSG00000100568,VTI1B,-0.013191091,-0.2337345,0.19174767,-0.40690488
9777_VWA1_P1P2_ENSG00000179403,VWA1,2.6856873,0.23268884,-0.3667256,0.49685916
9778_VWA8_P1P2_ENSG00000102763,VWA8,-0.07225208,-0.19329274,-0.57615626,0.13523452
977_RIOX1_P1P2_ENSG00000170468,RIOX1,-0.22915068,0.2612067,-0.7262288,0.71517015
9781_INTS14_P1P2_ENSG00000138614,INTS14,-0.22660343,-0.2971241,3.2600782,0.2916667
9782_VWDE_P1P2_ENSG00000146530,VWDE,0.6398597,0.012334084,-0.31508994,-0.14350757
9783_WAC_P1P2_ENSG00000095787,WAC,-0.10554108,-0.6047381,-0.7469951,-1.6424472
9784_WARS2_P1P2_ENSG00000116874,WARS2,0.34345713,-0.68487334,-0.66029966,-0.5062853
9785_WARS_P1P2_ENSG00000140105,WARS,-0.22728053,-0.45175555,-0.095649384,-0.6797817
9786_WASF1_P1P2_ENSG00000112290,WASF1,0.24641405,0.45826522,0.0055153086,0.09034283
9787_WASF2_P1P2_ENSG00000158195,WASF2,-0.5421822,-0.5321366,0.25730133,-1.1285044
9788_WASL_P1P2_ENSG00000106299,WASL,-0.52473396,-0.3467751,-0.4023106,0.038349707
9789_WAS_P1P2_ENSG00000015285,WAS,-0.59873533,0.5437763,-0.65776414,-0.09705959
978_C14orf178_P1P2_ENSG00000197734,C14orf178,0.09902402,-0.5343066,0.20718765,0.160503
9790_WBP11_P1_ENSG00000084463,WBP11,-0.32933035,0.13802907,1.219082,1.1280826
9791_WBP11_P2_ENSG00000084463,WBP11,0.09258654,-0.73122305,-0.07725462,0.027462786
9792_WBP1L_P1P2_ENSG00000166272,WBP1L,-0.463932,-0.047733553,-0.038092576,-0.11384008
9793_WBP1_P1P2_ENSG00000239779,WBP1,-0.3513343,0.36979446,0.6479679,-0.88330877
9794_WBP2_P1P2_ENSG00000132471,WBP2,-0.40491176,-0.41768694,-0.100601956,-0.40786433
9795_WBP4_P1P2_ENSG00000120688,WBP4,-0.46957606,-0.8271043,-0.16736917,-0.8063447
9796_TCEAL9_P1P2_ENSG00000185222,TCEAL9,0.18888141,-0.28414568,0.29460266,-0.3956555
9797_RCC1L_P1P2_ENSG00000274523,RCC1L,-0.09702011,-0.6992389,0.22425994,-0.6088721
9798_BUD23_P1P2_ENSG00000071462,BUD23,-0.2732218,1.8955513,0.37060308,-0.7130584
9799_WDFY1_P1P2_ENSG00000085449,WDFY1,-0.5560614,-0.31259656,-0.47722152,-0.15771826
979_ERG28_P1P2_ENSG00000133935,ERG28,-0.27042663,-0.45755824,0.3568805,-0.5513749
97_ACP5_P2_ENSG00000102575,ACP5,0.31504694,-0.5530853,0.09248014,-0.5581796
9800_WDFY2_P1P2_ENSG00000139668,WDFY2,-0.7150997,-0.76952714,-0.08676124,-1.2844843
9801_WDFY3_P1P2_ENSG00000163625,WDFY3,0.11468886,-0.057806853,-0.6488329,-0.4289768
9802_WDHD1_P1P2_ENSG00000198554,WDHD1,-0.45013285,-0.84176666,2.685336,-0.36806828
9803_WDR11_P1P2_ENSG00000120008,WDR11,-0.65733725,-1.336045,-0.6078812,-0.67942524
9804_WDR12_P1P2_ENSG00000138442,WDR12,-0.46010765,-1.1443743,1.8505108,0.84922385
9805_WDR13_P1P2_ENSG00000101940,WDR13,0.45024693,-0.48767412,-0.6551272,0.22196506
9806_WDR18_P1P2_ENSG00000065268,WDR18,-0.59519273,-0.29925203,0.17323557,0.83395356
9807_WDR19_P1P2_ENSG00000157796,WDR19,-0.705324,-0.51052135,0.10562408,-0.012343078
9808_WDR1_P1P2_ENSG00000071127,WDR1,0.27949184,-0.31515476,-0.64956504,0.5176436
9809_WDR20_P1P2_ENSG00000140153,WDR20,0.6815201,0.019396057,0.1734878,0.2866804
980_ATP5MPL_P1P2_ENSG00000156411,ATP5MPL,3.516731,0.20697373,-1.9138865,1.0938598
9810_WDR24_P1P2_ENSG00000127580,WDR24,-1.0131557,-0.66956675,0.46979344,-0.3803629
9811_WDR25_P1P2_ENSG00000176473,WDR25,-0.24944635,0.42551845,-0.48447895,-0.27964166
9812_WDR26_P1P2_ENSG00000162923,WDR26,-0.5512919,0.3325391,0.038228583,0.87908405
9813_WDR27_P1P2_ENSG00000184465,WDR27,0.08965266,0.44304994,-0.68428177,0.3901567
9814_WDR33_P1P2_ENSG00000136709,WDR33,-0.216202,-0.11140235,0.69887394,1.6844331
9815_WDR34_P1P2_ENSG00000119333,WDR34,-0.32461092,-0.34826005,-0.038471315,-0.62749994
9816_WDR36_P1P2_ENSG00000134987,WDR36,0.13682061,0.775332,1.2090412,-0.6199554
9817_WDR37_P1P2_ENSG00000047056,WDR37,0.03661075,-0.7325684,0.115459636,-0.47569725
9818_WDR3_P1P2_ENSG00000065183,WDR3,-0.09922474,0.17978886,1.808003,0.18780173
9819_WDR41_P1P2_ENSG00000164253,WDR41,-0.46213156,-0.07361709,-0.43120077,-0.5177282
981_TEDC1_P1P2_ENSG00000185347,TEDC1,-0.06717011,-0.73291075,-0.585843,-1.1606146
9820_WDR43_P1P2_ENSG00000163811,WDR43,-0.28761163,-0.93806493,3.015843,-0.5372539
9821_WDR44_P1P2_ENSG00000131725,WDR44,0.7443895,0.6586135,-1.4529364,3.4449522
9822_WDR45B_P1P2_ENSG00000141580,WDR45B,0.6277226,0.46238372,-0.9892796,0.6003322
9823_WDR45_P1P2_ENSG00000196998,WDR45,-0.32928276,-0.10277578,-0.040219266,-0.06346626
9824_WDR46_P1P2_ENSG00000227057,WDR46,-0.18482615,0.043900196,0.9736748,-0.95501864
9825_WDR48_P1P2_ENSG00000114742,WDR48,-0.49743026,-0.6295879,0.6310563,0.2735696
9826_WDR4_P1P2_ENSG00000160193,WDR4,0.010581626,-0.2976561,0.039385695,-0.514354
9827_WDR53_P1P2_ENSG00000185798,WDR53,-0.5101713,-0.35297337,-0.84885037,-0.33522257
9828_WDR54_P1P2_ENSG00000005448,WDR54,-0.16503143,0.2639989,-0.05449849,-0.38176957
9829_WDR55_P1P2_ENSG00000120314,WDR55,-0.07192361,-0.94404197,-0.40057525,-0.95231754
982_C14orf93_P2_ENSG00000100802,C14orf93,-0.37267968,-0.5212569,-0.25955445,-0.07347252
9830_WDR59_P1P2_ENSG00000103091,WDR59,-0.53271085,-0.418251,-0.5412224,-0.28559238
9831_WDR5_P1P2_ENSG00000196363,WDR5,0.74431413,3.8366532,1.0739554,-1.7646605
9832_WDR60_P1P2_ENSG00000126870,WDR60,0.028938564,-0.5320486,0.56002206,-0.8079369
9833_WDR61_P1P2_ENSG00000140395,WDR61,-0.43277174,-1.2465734,-0.35210675,-0.1502366
9834_WDR62_P1P2_ENSG00000075702,WDR62,-0.10854167,-0.48979926,0.5514207,-0.8564862
9835_WDR66_P1P2_ENSG00000158023,WDR66,-0.1358312,0.7848101,0.41898635,-0.8048415
9836_WDR6_P1P2_ENSG00000178252,WDR6,0.039279453,0.44994316,-0.6246991,-0.101563096
9839_WDR74_P1_ENSG00000133316,WDR74,-0.7842731,-0.06780429,1.0851972,-0.15474482
983_C14orf93_P1_ENSG00000100802,C14orf93,0.5713088,0.71652263,-0.5456839,1.0492749
9840_WDR74_P2_ENSG00000133316,WDR74,0.36684957,0.2037489,-0.7118819,0.095802814
9841_WDR75_P1P2_ENSG00000115368,WDR75,-0.5327332,-0.91151625,2.394439,-1.1640992
9842_WDR76_P1P2_ENSG00000092470,WDR76,-0.9467088,-0.31785208,-0.29767746,0.3700891
9843_WDR77_P1P2_ENSG00000116455,WDR77,-0.51051754,0.07953489,0.68307644,1.1989422
9844_WDR7_P1P2_ENSG00000091157,WDR7,0.007858831,-0.52660716,1.9999353,2.072453
9845_WDR81_P2_ENSG00000167716,WDR81,0.3500137,1.930449,-0.034627907,-0.59247696
9846_WDR81_P1_ENSG00000167716,WDR81,-0.0009845515,-0.6506977,-0.36097157,-0.034138367
9847_WDR82_P1P2_ENSG00000164091,WDR82,0.28384387,5.5235486,1.1211232,5.195738
9848_WDR83OS_P1P2_ENSG00000105583,WDR83OS,0.2434414,0.07182404,-0.040194735,-0.5889705
9849_WDR83_P2_ENSG00000123154,WDR83,0.26199055,-0.3934534,-0.47531986,-0.01775749
984_C15orf39_P1P2_ENSG00000167173,C15orf39,0.11970564,0.40465704,0.3695775,-0.25055912
9850_WDR83_P1_ENSG00000123154,WDR83,-0.011282293,-0.34748274,0.28185567,0.07991151
9851_WDR89_P1P2_ENSG00000140006,WDR89,-0.16720587,0.0037037674,-0.11707572,-0.39848727
9852_WDR91_P1P2_ENSG00000105875,WDR91,0.014146275,-0.2652564,-0.19908497,-0.5567017
9853_WDR92_P1P2_ENSG00000243667,WDR92,-0.90359855,0.09425835,0.18843393,0.43017533
9854_WDSUB1_P1P2_ENSG00000196151,WDSUB1,-0.2009412,-0.449779,-0.20614927,-0.505196
9855_WDTC1_P1P2_ENSG00000142784,WDTC1,0.277807,0.9689696,-0.6318246,1.6835233
9856_WDYHV1_P1P2_ENSG00000156795,WDYHV1,-0.2864811,-0.05233053,0.5526049,-0.2812201
9857_WEE1_P1P2_ENSG00000166483,WEE1,-0.34997162,-0.45129976,0.17970172,0.43576792
9858_WHAMM_P1P2_ENSG00000156232,WHAMM,-0.15907668,0.1882299,-0.117414765,0.028034458
9859_NSD3_P1P2_ENSG00000147548,NSD3,-0.58046573,-0.58393306,0.5140456,0.044675138
985_C15orf40_P1P2_ENSG00000169609,C15orf40,-0.35676003,0.21953969,-0.5038484,-0.36336762
9860_NSD2_P1P2_ENSG00000109685,NSD2,0.5262085,0.029255891,-0.15745932,0.9606795
9861_WIPF1_P1P2_ENSG00000115935,WIPF1,0.11866088,0.56710833,-0.35429564,0.2486412
9862_WIPF2_P1P2_ENSG00000171475,WIPF2,-0.032851767,0.08190238,-0.4373954,0.18081193
9863_WIPF3_P1P2_ENSG00000122574,WIPF3,0.14399344,0.54072475,-0.04994942,-0.39142746
9864_WIPI1_P1P2_ENSG00000070540,WIPI1,-0.12214175,-0.5121282,0.14744133,-0.6985063
9865_WIPI2_P1P2_ENSG00000157954,WIPI2,-0.6613168,-0.67093724,0.1686324,0.34971955
9866_WIZ_P1P2_ENSG00000011451,WIZ,0.37594283,1.9968193,1.0923609,-0.44411227
9867_WNK1_P1P2_ENSG00000060237,WNK1,0.11678055,-0.099937595,-0.6244156,-0.28544265
9868_WNK2_P1P2_ENSG00000165238,WNK2,-0.537223,-0.5554157,0.03962466,-0.60652685
9869_WNK4_P1P2_ENSG00000126562,WNK4,0.74786645,0.38333315,-0.69334906,0.22523473
986_C15orf41_P1P2_ENSG00000186073,C15orf41,1.080908,-0.41304812,-0.6343825,-0.0667669
9870_WNT5B_ENST00000537031.1_ENSG00000111186,WNT5B,-0.082296304,-0.5593775,0.019046094,-0.2500798
9871_WNT5B_ENST00000397196.2_ENSG00000111186,WNT5B,0.3907332,-0.97950786,0.4793321,0.47903067
9872_WNT5B_ENST00000310594.3_ENSG00000111186,WNT5B,0.93277514,-0.8423099,-0.62730306,-0.026856424
9873_WRAP53_P1P2_ENSG00000141499,WRAP53,-0.013351127,0.8166164,-1.0634706,-0.67456436
9874_WRAP73_P1P2_ENSG00000116213,WRAP73,-0.38864774,-0.4138791,-0.4975752,-0.6148621
9875_GET1_P1P2_ENSG00000182093,GET1,-0.06985698,-0.6563962,-0.18822269,1.7490264
9876_WRNIP1_P1P2_ENSG00000124535,WRNIP1,0.11794211,-0.402051,-0.3330035,0.089350566
9877_WRN_P1P2_ENSG00000165392,WRN,-0.21913652,-0.4649155,-0.25466847,-0.88944596
9878_WSB1_P1P2_ENSG00000109046,WSB1,-0.58977294,-0.47955617,1.0728803,-0.28786436
9879_WSB2_P1P2_ENSG00000176871,WSB2,-0.08418079,-0.011083114,-0.052720364,-0.65285563
987_CCDC32_P1P2_ENSG00000128891,CCDC32,-0.035180096,-0.11448034,0.44291553,-0.28907266
9880_WT1_P1P2_ENSG00000184937,WT1,-0.55880934,-0.07023865,-0.83225584,-0.25066102
9881_WTAP_P1P2_ENSG00000146457,WTAP,-0.31500453,-0.37329656,0.2443195,-0.16012521
9882_WWC2_P1P2_ENSG00000151718,WWC2,0.2583945,-0.079871066,-0.10182965,-0.48996383
9883_WWOX_P1P2_ENSG00000186153,WWOX,-0.368724,-0.3923212,-0.3138165,-0.6582512
9884_WWP1_P1P2_ENSG00000123124,WWP1,0.6080451,-0.32345152,-0.8710722,0.06074211
9885_WWP2_P1P2_ENSG00000198373,WWP2,-0.21713202,-0.51688534,-0.34182993,-0.0867067
9886_XAB2_P1P2_ENSG00000076924,XAB2,0.19252951,-0.3443906,-0.48437113,-0.5565141
9887_XAGE1B_ENST00000518075.1_ENSG00000204382,XAGE1B,1.1240977,-0.050011,-0.54478616,0.4931327
9888_XBP1_P1P2_ENSG00000100219,XBP1,-0.26834518,-0.8530922,-0.45393163,-0.16739617
9889_XIAP_P1P2_ENSG00000101966,XIAP,-0.8255716,-0.21897091,-0.68563515,-1.3106973
988_C15orf61_P1P2_ENSG00000189227,C15orf61,0.50956976,0.32607502,-0.15719508,-0.48761567
9890_XK_P1P2_ENSG00000047597,XK,-1.031075,-0.34948358,-0.04403784,-0.52726597
9891_XPA_P1P2_ENSG00000136936,XPA,-0.63060635,-0.22965063,-0.12916324,-0.70568997
9892_XPC_P1_ENSG00000154767,XPC,-0.10110354,0.1725967,0.018890984,0.30890936
9893_XPC_P2_ENSG00000154767,XPC,0.27837482,0.42150807,-0.036827482,-0.26739943
9894_XPNPEP1_P1P2_ENSG00000108039,XPNPEP1,-0.1343803,0.3827128,-0.57346296,0.44552147
9895_XPNPEP3_P1P2_ENSG00000196236,XPNPEP3,-0.48427454,0.011985492,0.4227511,-0.27046254
9896_XPO1_P1P2_ENSG00000082898,XPO1,0.5066335,-0.6871982,1.4900131,0.042800315
9897_XPO4_P1P2_ENSG00000132953,XPO4,0.039583713,-0.4703304,-0.055081133,-0.17676021
9898_XPO5_P1P2_ENSG00000124571,XPO5,0.31436685,-0.5466397,0.26948908,0.96554875
9899_XPO6_P1P2_ENSG00000169180,XPO6,-0.1632922,-0.23156919,-0.38334316,0.23231867
989_METTL26_P1P2_ENSG00000130731,METTL26,0.017230416,-0.5732325,0.443346,-0.37029263
98_ACSF3_P1P2_ENSG00000176715,ACSF3,0.20030455,-0.16241865,-0.379417,-0.35240808
9900_XPO7_P1P2_ENSG00000130227,XPO7,0.3340821,-0.545261,0.07120873,0.24235983
9901_XPOT_P1P2_ENSG00000184575,XPOT,-0.7535334,-0.46629083,0.19322354,-0.87115926
9902_XPR1_P1P2_ENSG00000143324,XPR1,-0.26580682,-0.22320849,0.30713227,-0.6651091
9903_XRCC1_P1P2_ENSG00000073050,XRCC1,0.39888147,0.22514309,-0.5598974,0.5107992
9904_XRCC2_P1P2_ENSG00000196584,XRCC2,-0.7384222,-0.31625873,0.6106385,-0.54219836
9905_XRCC3_P1P2_ENSG00000126215,XRCC3,1.6727383,3.648021,-0.1941501,0.7046503
9906_XRCC4_P1P2_ENSG00000152422,XRCC4,-0.18960239,-0.28380033,-0.11828573,-0.26726732
9907_XRCC5_P1P2_ENSG00000079246,XRCC5,0.029054668,1.5159715,-2.1530457,-0.25415957
9908_ATP23_P1P2_ENSG00000166896,ATP23,-0.6272017,0.54082704,0.4959764,0.32874486
9909_XRCC6_P1P2_ENSG00000196419,XRCC6,0.14063622,1.8188735,-2.2805903,2.421732
990_MOSMO_P1P2_ENSG00000185716,MOSMO,-0.36512613,-1.3027363,1.5034214,-0.7651644
9910_XRN1_P1P2_ENSG00000114127,XRN1,0.81759185,-1.364548,-0.44904235,0.5695578
9911_XRN2_P1P2_ENSG00000088930,XRN2,-1.0849907,-2.0162613,3.2048926,-1.6641928
9912_XRRA1_P1P2_ENSG00000166435,XRRA1,0.27777594,1.9414939,-0.6933454,0.2321393
9913_XXYLT1_P1P2_ENSG00000173950,XXYLT1,-0.15880477,-0.12857175,-0.981558,-0.55623525
9914_XYLB_P1P2_ENSG00000093217,XYLB,0.06032157,-0.2730129,-0.0064070723,-0.38812178
9915_XYLT2_P1P2_ENSG00000015532,XYLT2,0.30384257,-0.8597717,-0.26139984,-0.5615133
9916_YAE1_P1P2_ENSG00000241127,YAE1,1.8437672,0.28537562,0.23113933,2.311917
9917_YAF2_P1P2_ENSG00000015153,YAF2,-1.0776242,0.7299121,-0.49259898,-0.22867572
9918_YARS2_P1P2_ENSG00000139131,YARS2,1.7240082,-0.33346093,-1.0008422,-0.07083859
9919_YARS_P1P2_ENSG00000134684,YARS,0.5858988,0.92900693,-0.9176264,0.8213605
991_C16orf58_P1P2_ENSG00000140688,C16orf58,-0.3767377,-0.9844183,-0.1105081,-0.7185029
9920_YBEY_P1P2_ENSG00000182362,YBEY,-0.63310254,-0.4762551,1.4848326,-0.67353034
9921_YBX1_P1P2_ENSG00000065978,YBX1,0.1950569,0.6250661,-0.320346,0.38271633
9922_YBX2_P1P2_ENSG00000006047,YBX2,-0.27023008,0.63596404,-0.72105813,0.3839527
9923_YBX3_P1P2_ENSG00000060138,YBX3,0.39866185,0.4301392,-0.17867309,1.1438864
9924_YDJC_P1P2_ENSG00000161179,YDJC,-0.9817003,-0.16173007,0.302875,-0.537338
9925_YEATS2_P1P2_ENSG00000163872,YEATS2,-0.17683953,0.5634615,3.3375583,0.08114884
9926_YEATS4_P1P2_ENSG00000127337,YEATS4,1.1181325,-0.4972891,-0.43237677,0.07215533
9927_YES1_P1P2_ENSG00000176105,YES1,-0.34955105,-0.43248683,0.10192878,-0.095015034
9928_YIF1A_P1P2_ENSG00000174851,YIF1A,-0.6179922,-0.1642623,-0.13156267,-0.23810218
9929_YIF1B_P1P2_ENSG00000167645,YIF1B,0.137406,-0.06160059,-0.41380945,0.21541841
992_TEDC2_P1P2_ENSG00000162062,TEDC2,-0.15345794,0.1133108,0.00260454,0.44597194
9930_YIPF1_P1P2_ENSG00000058799,YIPF1,-0.4184304,0.16166104,-0.5431664,0.38194016
9931_YIPF2_P1P2_ENSG00000130733,YIPF2,-0.19084038,0.2981928,0.18637085,0.058464844
9932_YIPF3_P1P2_ENSG00000137207,YIPF3,-0.51573354,-0.84171605,-0.2988039,-0.3138612
9933_YIPF4_P1P2_ENSG00000119820,YIPF4,0.6142918,-0.31282508,-0.2857325,0.070163995
9934_YIPF5_P1P2_ENSG00000145817,YIPF5,-0.21737611,5.542594,0.043226797,-0.18129364
9935_YIPF6_P1P2_ENSG00000181704,YIPF6,-0.9378617,0.5753294,-0.6835438,0.5560037
9937_YJEFN3_P2_ENSG00000250067,YJEFN3,-0.35779405,-0.14715813,-0.5414265,-0.5963476
9938_YKT6_P1P2_ENSG00000106636,YKT6,-0.41265875,1.2449449,0.4258279,0.62611455
9939_YLPM1_P1P2_ENSG00000119596,YLPM1,-0.35652065,-1.3172919,2.1792123,-1.3958154
993_VPS35L_P1P2_ENSG00000103544,VPS35L,-0.18153873,0.015001065,-0.30642664,-0.78647554
9940_YME1L1_P1P2_ENSG00000136758,YME1L1,3.2516558,1.7199974,-2.1642456,3.654271
9941_YOD1_P1P2_ENSG00000180667,YOD1,-0.20422202,0.25892746,0.12937231,0.22068243
9942_YPEL1_P1P2_ENSG00000100027,YPEL1,0.29590428,-0.49219826,-0.19623256,-0.17017478
9943_YPEL3_P1P2_ENSG00000090238,YPEL3,-0.49066693,-0.11705283,0.48722228,-0.30460328
9944_YPEL5_P1P2_ENSG00000119801,YPEL5,-0.16086155,0.17396954,-0.26438192,0.855784
9945_YRDC_P1P2_ENSG00000196449,YRDC,-0.035834268,-0.76412463,0.53952605,-0.44887283
9946_YTHDC1_P1P2_ENSG00000083896,YTHDC1,-0.01212976,-0.23135592,1.4667261,0.38945955
9947_YTHDC2_P1P2_ENSG00000047188,YTHDC2,-0.095195696,-0.12992294,0.40556598,-0.7860008
9948_YTHDF1_P1P2_ENSG00000149658,YTHDF1,-0.22356069,-0.80406165,-0.03376512,-0.78676444
9949_YTHDF2_P1P2_ENSG00000198492,YTHDF2,-1.0309893,0.61591095,1.1738002,-0.39746752
994_C16orf70_P1P2_ENSG00000125149,C16orf70,-0.35360146,0.14996228,0.099029936,-0.15654558
9950_YTHDF3_P1P2_ENSG00000185728,YTHDF3,-0.49457678,-1.0898486,0.34094945,-0.10469302
9951_YWHAB_P1P2_ENSG00000166913,YWHAB,0.016766401,-0.4656727,-1.0509676,0.40558818
9952_YWHAE_P1P2_ENSG00000108953,YWHAE,-0.11251651,-0.06702072,-0.930254,0.16803192
9953_YWHAG_P1P2_ENSG00000170027,YWHAG,0.55133826,-0.21499984,0.03523202,-0.2601308
9954_YWHAH_P1P2_ENSG00000128245,YWHAH,0.030869126,-0.69471353,-0.32129234,-0.3138086
9955_YWHAQ_P1P2_ENSG00000134308,YWHAQ,-0.3164393,-0.02183001,0.04372795,-0.20908718
9956_YWHAZ_P1P2_ENSG00000164924,YWHAZ,-0.25029063,-0.74058574,-0.38585395,-0.3594425
9957_YY1AP1_P1P2_ENSG00000163374,YY1AP1,-0.044692505,-0.3710256,0.48357388,-0.3502022
9958_YY1_P1P2_ENSG00000100811,YY1,-0.7158509,0.5112681,-0.9305444,-0.048549537
9959_YY2_P1P2_ENSG00000230797,YY2,-0.5055662,-0.268664,-0.06250867,-0.13811138
995_C16orf72_P1_ENSG00000182831,C16orf72,-0.37567487,-0.4738622,-1.3750796,-0.31629243
9960_ZADH2_P1P2_ENSG00000180011,ZADH2,-0.3149807,-0.5689654,0.17076333,-0.23428303
9961_ZBED1_P1P2_ENSG00000214717,ZBED1,-0.41312122,0.60886794,-0.19198303,-0.4159672
9963_ZBED3_P1P2_ENSG00000132846,ZBED3,-0.24370757,0.18740146,0.20330189,-0.30743256
9964_ZBED4_P1P2_ENSG00000100426,ZBED4,0.3344286,-0.69749486,-0.6427512,-0.020899057
9965_ZBED5_P1P2_ENSG00000236287,ZBED5,-0.6924618,-0.03215703,-0.07352412,-0.16237119
9966_ZBED6CL_ENST00000343855.4_ENSG00000188707,ZBED6CL,0.23359795,-1.6099423,0.6856472,-1.0750433
9967_ZBED6_P1P2_ENSG00000257315,ZBED6,0.55833226,0.16562729,-0.12308589,0.11673415
9968_ZBTB10_P1P2_ENSG00000205189,ZBTB10,-0.985326,-0.7963627,0.7280829,-0.74256706
9969_ZBTB11_P1P2_ENSG00000066422,ZBTB11,-0.06943191,-0.27334818,-0.21452513,0.023161478
996_C16orf72_P2_ENSG00000182831,C16orf72,0.54617476,-0.97880167,-0.56799054,-0.9758094
9970_ZBTB12_P1P2_ENSG00000204366,ZBTB12,-0.062070273,-0.57760507,-0.4091288,-0.01971976
9971_ZBTB14_P1P2_ENSG00000198081,ZBTB14,0.055911828,1.0671271,3.4560819,0.7700071
9972_ZBTB16_P1P2_ENSG00000109906,ZBTB16,-0.69631714,-0.887085,0.41882113,-1.2608043
9975_ZBTB17_P1P2_ENSG00000116809,ZBTB17,0.33238083,-0.3224291,-0.2263851,1.6531432
9976_ZBTB18_P1P2_ENSG00000179456,ZBTB18,-0.40884686,-0.3112294,-0.34175697,-0.3326023
9977_ZBTB1_P1P2_ENSG00000126804,ZBTB1,-0.14802718,1.2898091,-0.9995128,1.0028157
9978_ZBTB20_P1_ENSG00000181722,ZBTB20,-0.29461536,-0.17515805,-0.21054982,-0.7833335
9979_ZBTB20_P2_ENSG00000181722,ZBTB20,-0.43016118,1.8410599,-0.008833713,-0.4624537
997_C16orf86_P1P2_ENSG00000159761,C16orf86,-0.04903434,-0.32143527,-0.27610666,0.045762684
9980_ZBTB21_P1P2_ENSG00000173276,ZBTB21,0.11991137,-0.29306442,-0.29232982,0.3145038
9981_ZBTB22_P1P2_ENSG00000236104,ZBTB22,-0.70086175,0.0653806,0.07904404,-0.8938582
9982_ZBTB24_P1P2_ENSG00000112365,ZBTB24,-0.24158877,-0.62297976,-0.6254747,0.1733381
9983_ZBTB25_P1P2_ENSG00000089775,ZBTB25,0.14106211,0.2419494,0.6742312,0.41061574
9984_ZBTB26_P1P2_ENSG00000171448,ZBTB26,-0.17878118,-0.58082724,0.28804526,-0.49881065
9985_ZBTB2_P1P2_ENSG00000181472,ZBTB2,-0.6496452,-0.6103008,-0.45305878,-0.82422125
9986_ZBTB32_P1P2_ENSG00000011590,ZBTB32,0.0863832,0.34594405,-0.82871413,0.25308144
9987_ZBTB33_P1P2_ENSG00000177485,ZBTB33,-0.7045819,-0.25755808,0.8550128,-0.89843386
9988_ZBTB34_P1P2_ENSG00000177125,ZBTB34,0.12910706,-0.040057186,-1.0713211,-0.31646428
9989_ZBTB37_P1P2_ENSG00000185278,ZBTB37,0.032301903,-0.3278791,-0.113247186,-0.05309773
998_C16orf87_P1P2_ENSG00000155330,C16orf87,-0.4217001,1.1926605,0.52503926,-0.69473237
9990_ZBTB38_P2_ENSG00000177311,ZBTB38,0.1211083,-0.091098614,-0.21160224,-0.18071736
9991_ZBTB38_P1_ENSG00000177311,ZBTB38,-0.18991561,-0.083819635,0.021955697,-0.5208451
9992_ZBTB39_P1P2_ENSG00000166860,ZBTB39,-0.6755055,-0.21039113,1.7567494,-1.616357
9993_ZBTB3_P1P2_ENSG00000185670,ZBTB3,-0.30982164,-0.38080564,-0.3765294,0.20691516
9994_ZBTB40_P1P2_ENSG00000184677,ZBTB40,-0.4566544,-0.48077726,-0.5416202,-0.44640386
9995_ZBTB41_P1P2_ENSG00000177888,ZBTB41,-0.12236855,-0.70581025,-0.094781905,-0.04469969
9996_ZBTB42_P1P2_ENSG00000179627,ZBTB42,0.06090887,-0.11545667,-0.09855101,0.0064049517
9997_ZBTB43_P1P2_ENSG00000169155,ZBTB43,0.37346882,-0.4776808,-0.08094186,0.21522187
9998_ZBTB44_P1P2_ENSG00000196323,ZBTB44,-0.18934484,0.77512753,-0.93758166,0.3651339
9999_ZBTB45_P1P2_ENSG00000119574,ZBTB45,-0.38853765,0.16581208,0.5779363,-0.34312913
999_C16orf91_P1P2_ENSG00000174109,C16orf91,-0.61607957,0.10854812,-0.5526644,0.17557202
99_ACSL1_P1P2_ENSG00000151726,ACSL1,-0.5208368,-0.2571366,0.1375847,-0.29134268
9_AAR2_P1P2_ENSG00000131043,AAR2,1.2412833,0.6267028,0.35968706,0.50636315
